--
-- Script was generated by Devart dbForge Studio 2020 for MySQL, Version 9.0.338.0
-- Product home page: http://www.devart.com/dbforge/mysql/studio
-- Script date 11/16/2023 11:56:03 AM
-- Server version: 10.5.21
-- Client version: 4.1
--

-- 
-- Disable foreign keys
-- 
/*!40014 SET @OLD_FOREIGN_KEY_CHECKS=@@FOREIGN_KEY_CHECKS, FOREIGN_KEY_CHECKS=0 */;

-- 
-- Set SQL mode
-- 
/*!40101 SET @OLD_SQL_MODE=@@SQL_MODE, SQL_MODE='NO_AUTO_VALUE_ON_ZERO' */;

-- 
-- Set character set the client will use to send SQL statements to the server
--
SET NAMES 'utf8';

--
-- Set default database
--
USE mf1759_nxhinh_hcsn;

--
-- Drop procedure `Proc_department_GetDetails`
--
DROP PROCEDURE IF EXISTS Proc_department_GetDetails;

--
-- Drop procedure `Proc_department_GetFilter`
--
DROP PROCEDURE IF EXISTS Proc_department_GetFilter;

--
-- Drop procedure `Proc_document_details_GetFilter`
--
DROP PROCEDURE IF EXISTS Proc_document_details_GetFilter;

--
-- Drop procedure `Proc_document_details_GetListByDocumentId`
--
DROP PROCEDURE IF EXISTS Proc_document_details_GetListByDocumentId;

--
-- Drop procedure `Proc_document_details_GetTotalRecords`
--
DROP PROCEDURE IF EXISTS Proc_document_details_GetTotalRecords;

--
-- Drop procedure `Proc_document_details_GetTotalRecordsByDocumentId`
--
DROP PROCEDURE IF EXISTS Proc_document_details_GetTotalRecordsByDocumentId;

--
-- Drop procedure `Proc_document_GetDetails`
--
DROP PROCEDURE IF EXISTS Proc_document_GetDetails;

--
-- Drop procedure `Proc_document_GetFilter`
--
DROP PROCEDURE IF EXISTS Proc_document_GetFilter;

--
-- Drop procedure `Proc_document_GetTotalRecords`
--
DROP PROCEDURE IF EXISTS Proc_document_GetTotalRecords;

--
-- Drop procedure `Proc_fixed_asset_category_GetFilter`
--
DROP PROCEDURE IF EXISTS Proc_fixed_asset_category_GetFilter;

--
-- Drop procedure `Proc_fixed_asset_GetFilter`
--
DROP PROCEDURE IF EXISTS Proc_fixed_asset_GetFilter;

--
-- Drop procedure `Proc_fixed_asset_GetTotalRecords`
--
DROP PROCEDURE IF EXISTS Proc_fixed_asset_GetTotalRecords;

--
-- Drop procedure `Proc_fixed_asset_InsertMany`
--
DROP PROCEDURE IF EXISTS Proc_fixed_asset_InsertMany;

--
-- Drop procedure `Proc_document_Delete`
--
DROP PROCEDURE IF EXISTS Proc_document_Delete;

--
-- Drop procedure `Proc_document_details_Delete`
--
DROP PROCEDURE IF EXISTS Proc_document_details_Delete;

--
-- Drop procedure `Proc_document_details_Get`
--
DROP PROCEDURE IF EXISTS Proc_document_details_Get;

--
-- Drop procedure `Proc_document_details_GetAll`
--
DROP PROCEDURE IF EXISTS Proc_document_details_GetAll;

--
-- Drop procedure `Proc_document_details_GetListByFixedAssetId`
--
DROP PROCEDURE IF EXISTS Proc_document_details_GetListByFixedAssetId;

--
-- Drop procedure `Proc_document_details_Insert`
--
DROP PROCEDURE IF EXISTS Proc_document_details_Insert;

--
-- Drop procedure `Proc_document_details_Update`
--
DROP PROCEDURE IF EXISTS Proc_document_details_Update;

--
-- Drop procedure `Proc_document_GetListByFixedAssetId`
--
DROP PROCEDURE IF EXISTS Proc_document_GetListByFixedAssetId;

--
-- Drop procedure `Proc_document_GetListByFixedAssetIdAfterDate`
--
DROP PROCEDURE IF EXISTS Proc_document_GetListByFixedAssetIdAfterDate;

--
-- Drop procedure `Proc_fixed_asset_Get`
--
DROP PROCEDURE IF EXISTS Proc_fixed_asset_Get;

--
-- Drop function `getCurrentDepartmentOfFixedAsset`
--
DROP FUNCTION IF EXISTS getCurrentDepartmentOfFixedAsset;

--
-- Drop table `document_details`
--
DROP TABLE IF EXISTS document_details;

--
-- Drop procedure `Proc_recipient_GetLast`
--
DROP PROCEDURE IF EXISTS Proc_recipient_GetLast;

--
-- Drop procedure `Proc_recipient_GetListByDocumentId`
--
DROP PROCEDURE IF EXISTS Proc_recipient_GetListByDocumentId;

--
-- Drop procedure `Proc_recipient_Insert`
--
DROP PROCEDURE IF EXISTS Proc_recipient_Insert;

--
-- Drop table `recipient`
--
DROP TABLE IF EXISTS recipient;

--
-- Drop procedure `Proc_document_Get`
--
DROP PROCEDURE IF EXISTS Proc_document_Get;

--
-- Drop procedure `Proc_document_GetAll`
--
DROP PROCEDURE IF EXISTS Proc_document_GetAll;

--
-- Drop procedure `Proc_document_Insert`
--
DROP PROCEDURE IF EXISTS Proc_document_Insert;

--
-- Drop procedure `Proc_document_Update`
--
DROP PROCEDURE IF EXISTS Proc_document_Update;

--
-- Drop table `document`
--
DROP TABLE IF EXISTS document;

--
-- Drop procedure `Proc_fixed_asset_Delete`
--
DROP PROCEDURE IF EXISTS Proc_fixed_asset_Delete;

--
-- Drop procedure `Proc_fixed_asset_GetAll`
--
DROP PROCEDURE IF EXISTS Proc_fixed_asset_GetAll;

--
-- Drop procedure `Proc_fixed_asset_GetDefaultCode`
--
DROP PROCEDURE IF EXISTS Proc_fixed_asset_GetDefaultCode;

--
-- Drop procedure `Proc_fixed_asset_Insert`
--
DROP PROCEDURE IF EXISTS Proc_fixed_asset_Insert;

--
-- Drop procedure `Proc_fixed_asset_Update`
--
DROP PROCEDURE IF EXISTS Proc_fixed_asset_Update;

--
-- Drop table `fixed_asset`
--
DROP TABLE IF EXISTS fixed_asset;

--
-- Drop procedure `Proc_department_Get`
--
DROP PROCEDURE IF EXISTS Proc_department_Get;

--
-- Drop procedure `Proc_department_GetAll`
--
DROP PROCEDURE IF EXISTS Proc_department_GetAll;

--
-- Drop procedure `Proc_department_Insert`
--
DROP PROCEDURE IF EXISTS Proc_department_Insert;

--
-- Drop procedure `Proc_department_Update`
--
DROP PROCEDURE IF EXISTS Proc_department_Update;

--
-- Drop table `department`
--
DROP TABLE IF EXISTS department;

--
-- Drop procedure `Proc_fixed_asset_category_Get`
--
DROP PROCEDURE IF EXISTS Proc_fixed_asset_category_Get;

--
-- Drop procedure `Proc_fixed_asset_category_GetAll`
--
DROP PROCEDURE IF EXISTS Proc_fixed_asset_category_GetAll;

--
-- Drop table `fixed_asset_category`
--
DROP TABLE IF EXISTS fixed_asset_category;

--
-- Set default database
--
USE mf1759_nxhinh_hcsn;

--
-- Create table `fixed_asset_category`
--
CREATE TABLE fixed_asset_category (
  fixed_asset_category_id char(36) NOT NULL DEFAULT 'uuid()' COMMENT 'Id lo?i tài s?n',
  fixed_asset_category_code varchar(50) DEFAULT NULL COMMENT 'Mã lo?i tài s?n',
  fixed_asset_category_name varchar(255) DEFAULT NULL COMMENT 'Tên lo?i tài s?n',
  organization_id char(36) DEFAULT NULL COMMENT 'Id c?a don v?',
  depreciation_rate float DEFAULT NULL COMMENT 'T? l? hao mòn (%)',
  life_time int(11) DEFAULT NULL COMMENT 'S? nam s? d?ng ',
  description varchar(500) DEFAULT NULL COMMENT 'Ghi chú',
  created_by varchar(50) DEFAULT NULL COMMENT 'Ngu?i t?o',
  created_date datetime DEFAULT CURRENT_TIMESTAMP() COMMENT 'Ngày t?o',
  modified_by varchar(50) DEFAULT NULL COMMENT 'Ngu?i s?a',
  modified_date datetime DEFAULT CURRENT_TIMESTAMP() COMMENT 'Ngày s?a',
  PRIMARY KEY (fixed_asset_category_id)
)
ENGINE = INNODB,
AVG_ROW_LENGTH = 3276,
CHARACTER SET utf8mb4,
COLLATE utf8mb4_general_ci,
COMMENT = 'Lo?i tài s?n';

--
-- Create index `UK_fixed_asset_category_fixed_asset_category_code` on table `fixed_asset_category`
--
ALTER TABLE fixed_asset_category
ADD UNIQUE INDEX UK_fixed_asset_category_fixed_asset_category_code (fixed_asset_category_code);

--
-- Create index `UK_fixed_asset_category_fixed_asset_category_id` on table `fixed_asset_category`
--
ALTER TABLE fixed_asset_category
ADD UNIQUE INDEX UK_fixed_asset_category_fixed_asset_category_id (fixed_asset_category_id);

DELIMITER $$

--
-- Create procedure `Proc_fixed_asset_category_GetAll`
--
CREATE DEFINER = 'root'@'localhost'
PROCEDURE Proc_fixed_asset_category_GetAll ()
BEGIN

  SELECT
    fac.fixed_asset_category_id,
    fac.fixed_asset_category_code,
    fac.fixed_asset_category_name,
    fac.depreciation_rate,
    fac.life_time
  FROM fixed_asset_category fac;
END
$$

--
-- Create procedure `Proc_fixed_asset_category_Get`
--
CREATE DEFINER = 'root'@'localhost'
PROCEDURE Proc_fixed_asset_category_Get (IN $id char(36))
BEGIN
  SELECT
    fac.fixed_asset_category_id,
    fac.fixed_asset_category_code,
    fac.fixed_asset_category_name,
    fac.depreciation_rate,
    fac.life_time
  FROM fixed_asset_category fac
  WHERE fac.fixed_asset_category_id = $id;
END
$$

DELIMITER ;

--
-- Create table `department`
--
CREATE TABLE department (
  department_id char(36) NOT NULL DEFAULT 'uuid()' COMMENT 'Id ph',
  department_code varchar(50) DEFAULT NULL COMMENT 'Mã c?a phòng ban',
  department_name varchar(255) DEFAULT NULL COMMENT 'Tên phòng ban',
  description varchar(500) DEFAULT NULL COMMENT 'Ghi chú',
  is_parent bit(1) DEFAULT NULL COMMENT 'Có ph?i là cha không',
  parent_id char(36) DEFAULT NULL COMMENT 'Id phòng ban cha',
  organization_id char(36) DEFAULT NULL COMMENT 'Id c?a don v?',
  created_by varchar(50) DEFAULT NULL COMMENT 'Ngu?i t?o',
  created_date datetime DEFAULT CURRENT_TIMESTAMP() COMMENT 'Ngày t?o',
  modified_by varchar(50) DEFAULT NULL COMMENT 'Ngu?i s?a',
  modified_date datetime DEFAULT CURRENT_TIMESTAMP() COMMENT 'Ngày s?a',
  PRIMARY KEY (department_id)
)
ENGINE = INNODB,
AVG_ROW_LENGTH = 1638,
CHARACTER SET utf8mb4,
COLLATE utf8mb4_general_ci,
COMMENT = 'Danh m?c phòng ban';

--
-- Create index `UK_department_department_code` on table `department`
--
ALTER TABLE department
ADD UNIQUE INDEX UK_department_department_code (department_code);

--
-- Create index `UK_department_department_id` on table `department`
--
ALTER TABLE department
ADD UNIQUE INDEX UK_department_department_id (department_id);

DELIMITER $$

--
-- Create procedure `Proc_department_Update`
--
CREATE PROCEDURE Proc_department_Update (IN $id char(36), IN $department_name varchar(255), IN $department_code varchar(50))
SQL SECURITY INVOKER
BEGIN
  UPDATE department
  SET department_code = $department_code,
      department_name = $department_name
  WHERE department_id = $id;
END
$$

--
-- Create procedure `Proc_department_Insert`
--
CREATE PROCEDURE Proc_department_Insert (IN $department_id char(36), IN $department_name varchar(255), IN $department_code varchar(50))
SQL SECURITY INVOKER
BEGIN
  INSERT INTO department (department_id, department_code, department_name)
    VALUES ($department_id, $department_code, $department_name);
END
$$

--
-- Create procedure `Proc_department_GetAll`
--
CREATE PROCEDURE Proc_department_GetAll ()
SQL SECURITY INVOKER
BEGIN
  SELECT
    department_id,
    department_code,
    department_name
  FROM department;
END
$$

--
-- Create procedure `Proc_department_Get`
--
CREATE PROCEDURE Proc_department_Get (IN $id char(36))
SQL SECURITY INVOKER
BEGIN
  SELECT
    department_id,
    department_code,
    department_name
  FROM department
  WHERE department_id = $id;
END
$$

DELIMITER ;

--
-- Create table `fixed_asset`
--
CREATE TABLE fixed_asset (
  fixed_asset_id char(36) NOT NULL DEFAULT 'uuid()' COMMENT 'Id tài s?n',
  fixed_asset_code varchar(100) DEFAULT NULL COMMENT 'Mã tài s?n',
  fixed_asset_name varchar(255) DEFAULT NULL COMMENT 'Tên tài s?n',
  organization_id char(36) DEFAULT NULL COMMENT 'Id c?a don v?',
  organization_code varchar(50) DEFAULT NULL COMMENT 'Mã don v?',
  organization_name varchar(255) DEFAULT NULL COMMENT 'Tên c?a don v?',
  department_id char(36) DEFAULT NULL COMMENT 'Id phòng ban',
  department_code varchar(50) DEFAULT NULL COMMENT 'Mã phòng ban',
  department_name varchar(255) DEFAULT NULL COMMENT 'Tên phòng ban',
  fixed_asset_category_id char(36) DEFAULT NULL COMMENT 'Id lo?i tài s?n',
  fixed_asset_category_code varchar(50) DEFAULT NULL COMMENT 'Mã lo?i tài s?n',
  fixed_asset_category_name varchar(255) DEFAULT NULL COMMENT 'Tên lo?i tài s?n',
  start_using_date datetime DEFAULT CURRENT_TIMESTAMP() COMMENT 'Ngày b?t d?u s? d?ng',
  purchase_date datetime DEFAULT CURRENT_TIMESTAMP() COMMENT 'Ngày mua',
  cost decimal(19, 0) DEFAULT NULL COMMENT 'nguyên giá',
  quantity int(11) DEFAULT 0 COMMENT 'S? lu?ng',
  depreciation_rate float DEFAULT NULL COMMENT 'T? l? hao mòn (%)',
  depreciation_value_year decimal(19, 0) DEFAULT NULL COMMENT 'Giá tr? hao mòn nam',
  tracked_year int(11) DEFAULT NULL COMMENT 'Nam b?t d?u theo dõi tài s?n trên ph?n m?m',
  life_time int(11) DEFAULT NULL COMMENT 'S? nam s? d?ng ',
  production_year int(11) DEFAULT NULL COMMENT 'Nam s? d?ng',
  active bit(1) DEFAULT b'0' COMMENT 'S? d?ng',
  created_by varchar(50) DEFAULT NULL COMMENT 'Ngu?i t?o',
  created_date datetime DEFAULT CURRENT_TIMESTAMP() COMMENT 'Ngày t?o',
  modified_by varchar(50) DEFAULT NULL COMMENT 'Ngu?i s?a',
  modified_date datetime DEFAULT CURRENT_TIMESTAMP() COMMENT 'Ngày s?a',
  accumulated_depreciation decimal(19, 0) DEFAULT NULL COMMENT 'Kh?u hao lu? k?',
  remaining_value decimal(19, 0) DEFAULT NULL COMMENT 'Giá tr? còn l?i',
  PRIMARY KEY (fixed_asset_id)
)
ENGINE = INNODB,
AVG_ROW_LENGTH = 2978,
CHARACTER SET utf8mb4,
COLLATE utf8mb4_general_ci;

--
-- Create index `IDX_fixed_asset_created_date` on table `fixed_asset`
--
ALTER TABLE fixed_asset
ADD INDEX IDX_fixed_asset_created_date (created_date);

--
-- Create index `UK_fixed_asset_fixed_asset_code` on table `fixed_asset`
--
ALTER TABLE fixed_asset
ADD UNIQUE INDEX UK_fixed_asset_fixed_asset_code (fixed_asset_code);

--
-- Create index `UK_fixed_asset_fixed_asset_id` on table `fixed_asset`
--
ALTER TABLE fixed_asset
ADD UNIQUE INDEX UK_fixed_asset_fixed_asset_id (fixed_asset_id);

--
-- Create foreign key
--
ALTER TABLE fixed_asset
ADD CONSTRAINT FK_fixed_asset_department_department_id FOREIGN KEY (department_id)
REFERENCES department (department_id) ON DELETE NO ACTION ON UPDATE NO ACTION;

--
-- Create foreign key
--
ALTER TABLE fixed_asset
ADD CONSTRAINT FK_fixed_asset_fixed_asset_category_fixed_asset_category_id FOREIGN KEY (fixed_asset_category_id)
REFERENCES fixed_asset_category (fixed_asset_category_id) ON DELETE NO ACTION ON UPDATE NO ACTION;

DELIMITER $$

--
-- Create procedure `Proc_fixed_asset_Update`
--
CREATE PROCEDURE Proc_fixed_asset_Update (IN $fixed_asset_name varchar(255), IN $fixed_asset_code varchar(50), IN $department_id char(36), IN $department_name varchar(255), IN $department_code varchar(50), IN $fixed_asset_category_id char(36), IN $fixed_asset_category_name varchar(255), IN $fixed_asset_category_code varchar(50), IN $purchase_date timestamp, IN $cost decimal(19, 4), IN $quantity int, IN $depreciation_rate float, IN $tracked_year int, IN $life_time int, IN $production_year int, IN $active bit, IN $created_by varchar(50), IN $created_date timestamp, IN $modified_by varchar(50), IN $modified_date timestamp, IN $fixed_asset_id char(36), IN $start_using_date datetime, IN $depreciation_value_year decimal(19, 4), IN $accumulated_depreciation decimal(19, 4), IN $remaining_value decimal(19, 4))
SQL SECURITY INVOKER
BEGIN
  UPDATE fixed_asset fa
  SET fixed_asset_code = $fixed_asset_code,
      fixed_asset_name = $fixed_asset_name,
      department_id = $department_id,
      department_code = $department_code,
      department_name = $department_name,
      fixed_asset_category_id = $fixed_asset_category_id,
      fixed_asset_category_code = $fixed_asset_category_code,
      fixed_asset_category_name = $fixed_asset_category_name,
      start_using_date = $start_using_date,
      purchase_date = $purchase_date,
      cost = $cost,
      quantity = $quantity,
      depreciation_rate = $depreciation_rate,
      tracked_year = $tracked_year,
      life_time = $life_time,
      production_year = $production_year,
      active = $active,
      created_by = $created_by,
      created_date = $created_date,
      modified_by = $modified_by,
      modified_date = $modified_date,
      start_using_date = $start_using_date,
      depreciation_value_year = $depreciation_value_year,
      accumulated_depreciation = $accumulated_depreciation,
      remaining_value = $remaining_value
  WHERE fa.fixed_asset_id = $fixed_asset_id;
END
$$

--
-- Create procedure `Proc_fixed_asset_Insert`
--
CREATE DEFINER = 'root'@'localhost'
PROCEDURE Proc_fixed_asset_Insert (IN $fixed_asset_name varchar(255), IN $fixed_asset_code varchar(50), IN $department_id char(36), IN $department_name varchar(255), IN $department_code varchar(50), IN $fixed_asset_category_id char(36), IN $fixed_asset_category_name varchar(255), IN $fixed_asset_category_code varchar(50), IN $purchase_date datetime, IN $cost decimal(19, 4), IN $quantity int, IN $depreciation_rate float, IN $tracked_year int, IN $life_time int, IN $production_year int, IN $active bit, IN $created_by varchar(50), IN $created_date datetime, IN $modified_by varchar(50), IN $modified_date datetime, IN $fixed_asset_id char(36), IN $start_using_date datetime, IN $depreciation_value_year decimal(19, 4), IN $accumulated_depreciation decimal(19, 4), IN $remaining_value decimal(19, 4))
BEGIN
  INSERT INTO fixed_asset (fixed_asset_id, fixed_asset_code, fixed_asset_name, department_id, department_code, department_name, fixed_asset_category_id, fixed_asset_category_code, fixed_asset_category_name, start_using_date, purchase_date, cost, quantity, depreciation_rate, depreciation_value_year, tracked_year, life_time, production_year, active, created_by, created_date, modified_by, modified_date, accumulated_depreciation, remaining_value)
    VALUES ($fixed_asset_id, $fixed_asset_code, $fixed_asset_name, $department_id, $department_code, $department_name, $fixed_asset_category_id, $fixed_asset_category_code, $fixed_asset_category_name, $start_using_date, $purchase_date, $cost, $quantity, $depreciation_rate, $depreciation_value_year, $tracked_year, $life_time, $production_year, $active, $created_by, $created_date, $modified_by, $modified_date, $accumulated_depreciation, $remaining_value);
END
$$

--
-- Create procedure `Proc_fixed_asset_GetDefaultCode`
--
CREATE DEFINER = 'root'@'localhost'
PROCEDURE Proc_fixed_asset_GetDefaultCode (IN $prefix varchar(255), IN $suffix varchar(255), IN $base_value int, IN $length int)
BEGIN

  DECLARE $code varchar(255);
  DECLARE $code_exists int;

  SET $code_exists = 1;

  WHILE $code_exists > 0 DO
    SET $base_value = $base_value + 1;
    SET $code = CONCAT($prefix, LPAD($base_value, $length, '0'), $suffix);
    SELECT
      COUNT(*) INTO $code_exists
    FROM fixed_asset fa
    WHERE fa.fixed_asset_code = $code;
  END WHILE;

  SELECT
    $code;

END
$$

--
-- Create procedure `Proc_fixed_asset_GetAll`
--
CREATE DEFINER = 'root'@'localhost'
PROCEDURE Proc_fixed_asset_GetAll ()
BEGIN
  SELECT
    fixed_asset_id,
    fixed_asset_code,
    fixed_asset_name,
    department_id,
    department_code,
    department_name,
    fixed_asset_category_id,
    fixed_asset_category_code,
    fixed_asset_category_name,
    start_using_date,
    purchase_date,
    cost,
    quantity,
    depreciation_rate,
    depreciation_value_year,
    tracked_year,
    life_time,
    production_year,
    accumulated_depreciation,
    remaining_value
  FROM fixed_asset fa;
END
$$

--
-- Create procedure `Proc_fixed_asset_Delete`
--
CREATE DEFINER = 'root'@'localhost'
PROCEDURE Proc_fixed_asset_Delete (IN $id varchar(255))
BEGIN
  DELETE
    FROM fixed_asset
  WHERE fixed_asset_id = $id;
END
$$

DELIMITER ;

--
-- Create table `document`
--
CREATE TABLE document (
  document_id char(36) NOT NULL DEFAULT 'uuid()' COMMENT 'Id chứng từ',
  document_code varchar(100) DEFAULT NULL COMMENT 'Mã chứng từ',
  organization_id char(36) DEFAULT NULL COMMENT 'Id của đơn vị?',
  transfer_date datetime DEFAULT CURRENT_TIMESTAMP() COMMENT 'Ngày điều chuyển',
  document_date datetime DEFAULT CURRENT_TIMESTAMP() COMMENT 'Ngày chứng từ',
  cost decimal(19, 0) DEFAULT NULL COMMENT 'Nguyên giá',
  remaining_value decimal(19, 0) DEFAULT NULL COMMENT 'Giá trị còn lại',
  tracked_year int(11) DEFAULT NULL COMMENT 'Năm bắt đầu theo dõi chứng từ trên phần mềm',
  note varchar(1000) DEFAULT NULL COMMENT 'Ghi chú',
  active bit(1) DEFAULT b'0' COMMENT 'Sử dụng',
  created_by varchar(50) DEFAULT NULL COMMENT 'Người tạo',
  created_date datetime DEFAULT CURRENT_TIMESTAMP() COMMENT 'Ngày tạo',
  modified_by varchar(50) DEFAULT NULL COMMENT 'Người sửa',
  modified_date datetime DEFAULT CURRENT_TIMESTAMP() COMMENT 'Ngày sửa',
  PRIMARY KEY (document_id)
)
ENGINE = INNODB,
AVG_ROW_LENGTH = 2978,
CHARACTER SET utf8mb4,
COLLATE utf8mb4_general_ci;

--
-- Create index `IDX_document_created_date` on table `document`
--
ALTER TABLE document
ADD INDEX IDX_document_created_date (created_date);

--
-- Create index `UK_document_document_code` on table `document`
--
ALTER TABLE document
ADD UNIQUE INDEX UK_document_document_code (document_code);

--
-- Create index `UK_document_document_id` on table `document`
--
ALTER TABLE document
ADD UNIQUE INDEX UK_document_document_id (document_id);

DELIMITER $$

--
-- Create procedure `Proc_document_Update`
--
CREATE DEFINER = 'root'@'localhost'
PROCEDURE Proc_document_Update (IN $document_id varchar(36), IN $document_code varchar(100), IN $transfer_date datetime, IN $document_date datetime, IN $cost decimal(19, 4), IN $remaining_value decimal(19, 4), IN $tracked_year int(20), IN $note varchar(1000))
BEGIN
  UPDATE document d
  SET d.document_code = $document_code,
      d.transfer_date = $transfer_date,
      d.document_date = $document_date,
      d.cost = $cost,
      d.remaining_value = $remaining_value,
      d.tracked_year = $tracked_year,
      d.note = $note
  WHERE d.document_id = $document_id;
END
$$

--
-- Create procedure `Proc_document_Insert`
--
CREATE DEFINER = 'root'@'localhost'
PROCEDURE Proc_document_Insert (IN $document_id varchar(36), IN $document_code varchar(100), IN $transfer_date datetime, IN $document_date datetime, IN $cost decimal(19, 4), IN $remaining_value decimal(19, 4), IN $tracked_year int(11), IN $note varchar(1000))
BEGIN
  INSERT INTO document (document_id, document_code, transfer_date, document_date, cost, remaining_value, tracked_year, note)
    VALUE ($document_id, $document_code, $transfer_date, $document_date, $cost, $remaining_value, $tracked_year, $note);
END
$$

--
-- Create procedure `Proc_document_GetAll`
--
CREATE DEFINER = 'root'@'localhost'
PROCEDURE Proc_document_GetAll ()
BEGIN
  SELECT
    document_id,
    document_code,
    organization_id,
    transfer_date,
    document_date,
    cost,
    remaining_value,
    tracked_year,
    note
  FROM document;
END
$$

--
-- Create procedure `Proc_document_Get`
--
CREATE DEFINER = 'root'@'localhost'
PROCEDURE Proc_document_Get (IN $id varchar(255))
BEGIN
  SELECT
    d.document_id,
    d.document_code,
    d.organization_id,
    d.transfer_date,
    d.document_date,
    d.cost,
    d.remaining_value,
    d.tracked_year,
    d.note
  FROM document d
  WHERE d.document_id = $id;
END
$$

DELIMITER ;

--
-- Create table `recipient`
--
CREATE TABLE recipient (
  recipient_id char(36) NOT NULL DEFAULT 'uuid()' COMMENT 'Id người giao nhận',
  recipient_name varchar(100) DEFAULT NULL COMMENT 'Tên người giao nhận',
  department varchar(100) DEFAULT NULL COMMENT 'Đại diện phòng ban',
  department_position varchar(100) DEFAULT NULL COMMENT 'Chức vụ',
  document_id char(36) NOT NULL COMMENT 'Id chứng từ',
  recipient_index int(11) NOT NULL DEFAULT 0 COMMENT 'index trong chứng từ',
  created_by varchar(50) DEFAULT NULL COMMENT 'Người tạo',
  created_date datetime DEFAULT CURRENT_TIMESTAMP() COMMENT 'Ngày tạo',
  modified_by varchar(50) DEFAULT NULL COMMENT 'Người sửa',
  modified_date datetime DEFAULT CURRENT_TIMESTAMP() COMMENT 'Ngày sửa',
  PRIMARY KEY (recipient_id)
)
ENGINE = INNODB,
AVG_ROW_LENGTH = 2978,
CHARACTER SET utf8mb4,
COLLATE utf8mb4_general_ci;

--
-- Create foreign key
--
ALTER TABLE recipient
ADD CONSTRAINT FK_recipient_document_document_id FOREIGN KEY (document_id)
REFERENCES document (document_id) ON DELETE NO ACTION ON UPDATE NO ACTION;

DELIMITER $$

--
-- Create procedure `Proc_recipient_Insert`
--
CREATE PROCEDURE Proc_recipient_Insert (IN $recipient_id char(36),
IN $recipient_index int(3),
IN $recipient_name varchar(255),
IN $department varchar(255),
IN $department_position varchar(255),
IN $document_id char(36),
IN $created_by varchar(50), IN $created_date datetime, IN $modified_by varchar(50), IN $modified_date datetime)
SQL SECURITY INVOKER
BEGIN
  INSERT INTO recipient (recipient_id, recipient_index, recipient_name, department, department_position, document_id, created_by, created_date, modified_by, modified_date)
    VALUES ($recipient_id, $recipient_index, $recipient_name, $department, $department_position, $document_id, $created_by, $created_date, $modified_by, $modified_date);
END
$$

--
-- Create procedure `Proc_recipient_GetListByDocumentId`
--
CREATE DEFINER = 'root'@'localhost'
PROCEDURE Proc_recipient_GetListByDocumentId (IN $document_id varchar(36))
BEGIN
  SELECT
    recipient_id,
    recipient_index,
    recipient_name,
    department,
    department_position
  FROM recipient r
  WHERE r.document_id = $document_id;
END
$$

--
-- Create procedure `Proc_recipient_GetLast`
--
CREATE DEFINER = 'root'@'localhost'
PROCEDURE Proc_recipient_GetLast ()
BEGIN
  SELECT
    recipient_id,
    recipient_index,
    recipient_name,
    department,
    department_position,
    document_id
  FROM recipient r
  WHERE created_date IN (SELECT
      MAX(created_date)
    FROM recipient r);
END
$$

DELIMITER ;

--
-- Create table `document_details`
--
CREATE TABLE document_details (
  document_details_id char(36) DEFAULT 'uuid()' COMMENT 'Id chi tiết chứng chứng từ',
  document_id char(36) DEFAULT NULL COMMENT 'Mã chứng từ',
  fixed_asset_id char(36) DEFAULT NULL COMMENT 'Id tài sản',
  organization_id char(36) DEFAULT NULL COMMENT 'Id của đơn vị?',
  cost decimal(19, 0) DEFAULT NULL COMMENT 'Nguyên giá',
  remaining_value decimal(19, 0) DEFAULT NULL COMMENT 'Giá trị còn lại',
  department_before_id char(36) DEFAULT NULL COMMENT 'Mã phòng ban trước khi chuyển',
  department_before_name varchar(255) DEFAULT NULL COMMENT 'Tên phòng ban trước khi chuyển',
  department_after_id char(36) DEFAULT NULL COMMENT 'Mã phòng ban sau khi chuyển',
  department_after_name varchar(255) DEFAULT NULL COMMENT 'Tên phòng ban sau khi chuyển',
  reason varchar(1000) DEFAULT NULL COMMENT 'Lý do điều chuyển',
  active bit(1) DEFAULT b'0' COMMENT 'Sử dụng',
  created_by varchar(50) DEFAULT NULL COMMENT 'Người tạo',
  created_date datetime DEFAULT CURRENT_TIMESTAMP() COMMENT 'Ngày tạo',
  modified_by varchar(50) DEFAULT NULL COMMENT 'Người sửa',
  modified_date datetime DEFAULT CURRENT_TIMESTAMP() COMMENT 'Ngày sửa'
)
ENGINE = INNODB,
AVG_ROW_LENGTH = 2978,
CHARACTER SET utf8mb4,
COLLATE utf8mb4_general_ci;

--
-- Create foreign key
--
ALTER TABLE document_details
ADD CONSTRAINT FK_document_details_department_department_after_id FOREIGN KEY (department_after_id)
REFERENCES department (department_id) ON DELETE NO ACTION ON UPDATE NO ACTION;

--
-- Create foreign key
--
ALTER TABLE document_details
ADD CONSTRAINT FK_document_details_department_department_before_id FOREIGN KEY (department_before_id)
REFERENCES department (department_id) ON DELETE NO ACTION ON UPDATE NO ACTION;

--
-- Create foreign key
--
ALTER TABLE document_details
ADD CONSTRAINT FK_document_details_document_document_id FOREIGN KEY (document_id)
REFERENCES document (document_id) ON DELETE NO ACTION ON UPDATE NO ACTION;

--
-- Create foreign key
--
ALTER TABLE document_details
ADD CONSTRAINT FK_document_details_fixed_asset_fixed_asset_id FOREIGN KEY (fixed_asset_id)
REFERENCES fixed_asset (fixed_asset_id) ON DELETE NO ACTION ON UPDATE NO ACTION;

DELIMITER $$

--
-- Create function `getCurrentDepartmentOfFixedAsset`
--
CREATE DEFINER = 'root'@'localhost'
FUNCTION getCurrentDepartmentOfFixedAsset ($fixed_asset_id char(36), $department_id char(36))
RETURNS char(36) CHARSET utf8
BEGIN
  DECLARE current_department_id char(36);
  SET current_department_id = CASE WHEN
        EXISTS (SELECT
            dt.department_after_id
          FROM document d,
               document_details dt
          WHERE dt.fixed_asset_id = $fixed_asset_id
          AND d.document_id = dt.document_id) THEN (SELECT
              dt.department_after_id
            FROM document d,
                 document_details dt
            WHERE dt.fixed_asset_id = $fixed_asset_id
            AND d.document_id = dt.document_id
            AND d.transfer_date = (SELECT
                MAX(d2.transfer_date)
              FROM document d2,
                   document_details dt2
              WHERE dt2.fixed_asset_id = $fixed_asset_id
              AND dt2.document_id = d2.document_id)) ELSE $department_id END;

  RETURN current_department_id;
END
$$

--
-- Create procedure `Proc_fixed_asset_Get`
--
CREATE DEFINER = 'root'@'localhost'
PROCEDURE Proc_fixed_asset_Get (IN $id varchar(255))
BEGIN
  DECLARE department_id char(36);
  SELECT
    fa.fixed_asset_id,
    fa.fixed_asset_code,
    fa.fixed_asset_name,
    de.department_id,
    de.department_code,
    de.department_name,
    fa.fixed_asset_category_id,
    fa.fixed_asset_category_code,
    fa.fixed_asset_category_name,
    fa.start_using_date,
    fa.purchase_date,
    fa.cost,
    fa.quantity,
    fa.depreciation_rate,
    fa.depreciation_value_year,
    fa.tracked_year,
    fa.life_time,
    fa.production_year,
    fa.accumulated_depreciation,
    fa.remaining_value
  FROM fixed_asset fa,
       department de
  WHERE fa.fixed_asset_id = $id
  AND de.department_id = getCurrentDepartmentOfFixedAsset(fa.fixed_asset_id, fa.department_id);
END
$$

--
-- Create procedure `Proc_document_GetListByFixedAssetIdAfterDate`
--
CREATE DEFINER = 'root'@'localhost'
PROCEDURE Proc_document_GetListByFixedAssetIdAfterDate (IN $fixed_asset_id varchar(36), IN $date datetime)
BEGIN
  SELECT DISTINCT
    d.document_id,
    d.document_code,
    d.organization_id,
    d.transfer_date,
    d.document_date,
    d.cost,
    d.remaining_value,
    d.tracked_year,
    d.note
  FROM document_details dt,
       document d,
       fixed_asset fa
  WHERE dt.fixed_asset_id = $fixed_asset_id
  AND d.document_id = dt.document_id
  AND d.transfer_date > $date;
END
$$

--
-- Create procedure `Proc_document_GetListByFixedAssetId`
--
CREATE DEFINER = 'root'@'localhost'
PROCEDURE Proc_document_GetListByFixedAssetId (IN $fixed_asset_id varchar(36))
BEGIN
  SELECT DISTINCT
    d.document_id,
    d.document_code,
    d.organization_id,
    d.transfer_date,
    d.document_date,
    d.cost,
    d.remaining_value,
    d.tracked_year,
    d.note
  FROM document d,
       document_details dt,
       fixed_asset fa
  WHERE dt.fixed_asset_id = $fixed_asset_id
  AND d.document_id = dt.document_id;
END
$$

--
-- Create procedure `Proc_document_details_Update`
--
CREATE DEFINER = 'root'@'localhost'
PROCEDURE Proc_document_details_Update (IN $document_details_id char(36),
IN $document_id char(36),
IN $fixed_asset_id char(36),
IN $fixed_asset_code varchar(255),
IN $fixed_asset_name char(255),
IN $cost int(11),
IN $remaining_value int(11),
IN $department_before_id varchar(36),
IN $department_before_name varchar(255),
IN $department_after_id varchar(36),
IN $department_after_name varchar(255),
IN $reason varchar(1000))
BEGIN
  UPDATE document_details dt
  SET dt.document_id = $document_id,
      dt.fixed_asset_id = $fixed_asset_id,
      dt.department_before_id = $department_before_id,
      dt.department_before_name = $department_before_name,
      dt.department_after_id = $department_after_id,
      dt.department_after_name = $department_after_name,
      dt.reason = $reason
  WHERE dt.document_details_id = $document_details_id;
END
$$

--
-- Create procedure `Proc_document_details_Insert`
--
CREATE DEFINER = 'root'@'localhost'
PROCEDURE Proc_document_details_Insert (IN $document_details_id char(36),
IN $document_id char(36),
IN $fixed_asset_id char(36),
IN $fixed_asset_code varchar(255),
IN $fixed_asset_name char(255),
IN $cost int(11),
IN $remaining_value int(11),
IN $department_before_id varchar(36),
IN $department_before_name varchar(255),
IN $department_after_id varchar(36),
IN $department_after_name varchar(255),
IN $reason varchar(1000))
BEGIN
  INSERT INTO document_details (document_details_id,
  document_id,
  fixed_asset_id,
  department_before_id,
  department_before_name,
  department_after_id,
  department_after_name,
  reason)
    VALUE ($document_details_id, $document_id, $fixed_asset_id, $department_before_id, $department_before_name, $department_after_id, $department_after_name, $reason);
END
$$

--
-- Create procedure `Proc_document_details_GetListByFixedAssetId`
--
CREATE DEFINER = 'root'@'localhost'
PROCEDURE Proc_document_details_GetListByFixedAssetId (IN $fixed_asset_id varchar(36))
BEGIN
  SELECT
    dt.document_details_id,
    dt.document_id,
    dt.fixed_asset_id,
    fa.fixed_asset_code,
    fa.fixed_asset_name,
    fa.cost,
    fa.remaining_value,
    dt.department_before_id,
    dt.department_before_name,
    dt.department_after_id,
    dt.department_after_name,
    dt.reason
  FROM document_details dt,
       fixed_asset fa
  WHERE dt.fixed_asset_id = $fixed_asset_id
  AND fa.fixed_asset_id = $fixed_asset_id;
END
$$

--
-- Create procedure `Proc_document_details_GetAll`
--
CREATE DEFINER = 'root'@'localhost'
PROCEDURE Proc_document_details_GetAll ()
BEGIN
  SELECT
    dt.document_details_id,
    dt.document_id,
    dt.fixed_asset_id,
    fa.fixed_asset_code,
    fa.fixed_asset_name,
    fa.cost,
    fa.remaining_value,
    dt.department_before_id,
    dt.department_before_name,
    dt.department_after_id,
    dt.department_after_name,
    dt.reason
  FROM document_details dt,
       fixed_asset fa,
       department d
  WHERE fa.fixed_asset_id = dt.fixed_asset_id;
END
$$

--
-- Create procedure `Proc_document_details_Get`
--
CREATE DEFINER = 'root'@'localhost'
PROCEDURE Proc_document_details_Get (IN $id varchar(255))
BEGIN
  SELECT
    dt.document_details_id,
    dt.document_id,
    dt.fixed_asset_id,
    fa.fixed_asset_code,
    fa.fixed_asset_name,
    fa.cost,
    fa.remaining_value,
    dt.department_before_id,
    dt.department_before_name,
    dt.department_after_id,
    dt.department_after_name,
    dt.reason
  FROM document_details dt,
       fixed_asset fa
  WHERE dt.document_details_id = $id
  AND fa.fixed_asset_id = dt.fixed_asset_id;
END
$$

--
-- Create procedure `Proc_document_details_Delete`
--
CREATE DEFINER = 'root'@'localhost'
PROCEDURE Proc_document_details_Delete (IN $id varchar(255))
BEGIN
  -- Xóa tài sản trong chứng từ --
  DELETE
    FROM document_details
  WHERE document_details_id = $id;
END
$$

--
-- Create procedure `Proc_document_Delete`
--
CREATE DEFINER = 'root'@'localhost'
PROCEDURE Proc_document_Delete (IN $id varchar(255))
BEGIN
  -- Xóa tài sản trong chứng từ --
  DELETE
    FROM document_details
  WHERE document_id = $id;

  -- Xóa trong chứng từ --
  DELETE
    FROM document
  WHERE document_id = $id;
END
$$

--
-- Create procedure `Proc_fixed_asset_InsertMany`
--
CREATE DEFINER = 'root'@'localhost'
PROCEDURE Proc_fixed_asset_InsertMany (IN $columns longtext, IN $values longtext)
BEGIN
  SET @sql = CONCAT('INSERT INTO fixed_asset ', $columns, ' VALUES ', $values);
  PREPARE statement FROM @sql;
  EXECUTE statement;
  DEALLOCATE PREPARE statement;
END
$$

--
-- Create procedure `Proc_fixed_asset_GetTotalRecords`
--
CREATE DEFINER = 'root'@'localhost'
PROCEDURE Proc_fixed_asset_GetTotalRecords (IN $where_condition text)
BEGIN
  SET @sql = CONCAT('SELECT COUNT(*)',
  ' FROM fixed_asset fa ',
  IF($where_condition <> '', $where_condition, ' '));
  PREPARE statement FROM @sql;
  EXECUTE statement;
  DEALLOCATE PREPARE statement;
END
$$

--
-- Create procedure `Proc_fixed_asset_GetFilter`
--
CREATE DEFINER = 'root'@'localhost'
PROCEDURE Proc_fixed_asset_GetFilter (IN $limit int, IN $offset int, IN $columns varchar(500), IN $sort_type varchar(255), IN $sort_field varchar(255), IN $where_condition text)
BEGIN
  SET @sql = CONCAT('
   (SELECT DISTINCT
      fa.fixed_asset_id,
      fa.fixed_asset_code,
      fa.fixed_asset_name,
      de.department_id,
      de.department_code,
      de.department_name,
      fa.fixed_asset_category_id,
      fa.fixed_asset_category_code,
      fa.fixed_asset_category_name,
      fa.start_using_date,
      fa.purchase_date,
      fa.cost,
      fa.quantity,
      fa.depreciation_rate,
      fa.depreciation_value_year,
      fa.tracked_year,
      fa.life_time,
      fa.production_year,
      fa.accumulated_depreciation,
      fa.remaining_value,
      fa.modified_date
    FROM department de, document d, document_details dt
    INNER JOIN fixed_asset fa ON fa.fixed_asset_id = dt.fixed_asset_id
    WHERE de.department_id = dt.department_after_id
    AND d.document_id = dt.document_id
    AND d.transfer_date = (SELECT MAX(transfer_date) 
                                   FROM document d2, document_details dt2 
                                   WHERE dt2.fixed_asset_id = fa.fixed_asset_id
                                   AND dt2.document_id = d2.document_id)',
  IF($where_condition <> '', (SELECT
      REPLACE($where_condition, 'WHERE', 'AND fa.')), ' '),
  '
    )
    UNION 
    (SELECT DISTINCT
          fa.fixed_asset_id,
          fa.fixed_asset_code,
          fa.fixed_asset_name,
          fa.department_id,
          fa.department_code,
          fa.department_name,
          fa.fixed_asset_category_id,
          fa.fixed_asset_category_code,
          fa.fixed_asset_category_name,
          fa.start_using_date,
          fa.purchase_date,
          fa.cost,
          fa.quantity,
          fa.depreciation_rate,
          fa.depreciation_value_year,
          fa.tracked_year,
          fa.life_time,
          fa.production_year,
          fa.accumulated_depreciation,
          fa.remaining_value,
          fa.modified_date
        FROM fixed_asset fa
        WHERE fa.fixed_asset_id NOT IN (
          SELECT dt.fixed_asset_id FROM document_details dt
          INNER JOIN fixed_asset fa ON fa.fixed_asset_id = dt.fixed_asset_id
        )',
  IF($where_condition <> '', (SELECT
      REPLACE($where_condition, 'WHERE', 'AND fa.')), ' '),
  ')',

  ' ORDER BY ', $sort_field, ' ', $sort_type);
  IF $limit > 0 THEN
    SET @sql = CONCAT(@sql, ' LIMIT ', $limit, ' OFFSET ', $offset);
  END IF;
  PREPARE statement FROM @sql;
  EXECUTE statement;
  DEALLOCATE PREPARE statement;
END
$$

--
-- Create procedure `Proc_fixed_asset_category_GetFilter`
--
CREATE DEFINER = 'root'@'localhost'
PROCEDURE Proc_fixed_asset_category_GetFilter (IN $limit int, IN $offset int, IN $columns varchar(500), IN $sort_type varchar(255), IN $sort_field varchar(255), IN $where_condition varchar(500))
BEGIN
  SET @sql = CONCAT('SELECT ', $columns,
  ' FROM fixed_asset_category fa ',
  IF($where_condition <> '', $where_condition, ' '),
  ' ORDER BY ', $sort_field, ' ', $sort_type);
  IF $limit > 0 THEN
    SET @sql = CONCAT(@sql, ' LIMIT ', $limit, ' OFFSET ', $offset);
  END IF;
  PREPARE statement FROM @sql;
  EXECUTE statement;
  DEALLOCATE PREPARE statement;
END
$$

--
-- Create procedure `Proc_document_GetTotalRecords`
--
CREATE DEFINER = 'root'@'localhost'
PROCEDURE Proc_document_GetTotalRecords (IN $where_condition varchar(500))
BEGIN
  SET @sql = CONCAT('SELECT COUNT(*)',
  ' FROM document d ',
  IF($where_condition <> '', $where_condition, ' '));
  PREPARE statement FROM @sql;
  EXECUTE statement;
  DEALLOCATE PREPARE statement;
END
$$

--
-- Create procedure `Proc_document_GetFilter`
--
CREATE DEFINER = 'root'@'localhost'
PROCEDURE Proc_document_GetFilter (IN $limit int, IN $offset int, IN $columns varchar(500), IN $sort_type varchar(255), IN $sort_field varchar(255), IN $where_condition varchar(500))
BEGIN
  SET @sql = CONCAT('SELECT ', $columns,
  ' FROM document d ',
  IF($where_condition <> '', $where_condition, ' '),
  ' ORDER BY ', $sort_field, ' ', $sort_type);
  IF $limit > 0 THEN
    SET @sql = CONCAT(@sql, ' LIMIT ', $limit, ' OFFSET ', $offset);
  END IF;
  PREPARE statement FROM @sql;
  EXECUTE statement;
  DEALLOCATE PREPARE statement;
END
$$

--
-- Create procedure `Proc_document_GetDetails`
--
CREATE DEFINER = 'root'@'localhost'
PROCEDURE Proc_document_GetDetails (IN $document_id char(36), IN $limit int, IN $offset int, IN $columns varchar(500), IN $sort_type varchar(255), IN $sort_field varchar(255), IN $where_condition varchar(500))
BEGIN

  SET @sql = CONCAT('SELECT
    dt.document_details_id,
    dt.document_id,
    dt.fixed_asset_id,
    fa.fixed_asset_code,
    fa.fixed_asset_name,
    fa.cost,
    fa.remaining_value,
    dt.department_before_id,
    dt.department_before_name,
    dt.department_after_id,
    dt.department_after_name, 
    dt.reason
  FROM document_details dt, fixed_asset fa ',
  IF($where_condition <> '',
  CONCAT($where_condition, 'AND dt.document_id = "', $document_id, '" AND fa.fixed_asset_id = dt.fixed_asset_id '),
  CONCAT('WHERE dt.document_id = "', $document_id, '" AND fa.fixed_asset_id = dt.fixed_asset_id ')),
  ' ORDER BY dt.', $sort_field, ' ', $sort_type);
  IF $limit > 0 THEN
    SET @sql = CONCAT(@sql, ' LIMIT ', $limit, ' OFFSET ', $offset);
  END IF;
  PREPARE statement FROM @sql;
  EXECUTE statement;
  DEALLOCATE PREPARE statement;
END
$$

--
-- Create procedure `Proc_document_details_GetTotalRecordsByDocumentId`
--
CREATE DEFINER = 'root'@'localhost'
PROCEDURE Proc_document_details_GetTotalRecordsByDocumentId (IN $document_id char(36), IN $where_condition varchar(500))
BEGIN
  SET @sql = CONCAT('SELECT COUNT(*)',
  ' FROM document_details dt ',
  IF($where_condition <> '',
  CONCAT($where_condition, 'AND dt.document_id = "', $document_id, '" '),
  CONCAT('WHERE dt.document_id = "', $document_id, '" ')));
  PREPARE statement FROM @sql;
  EXECUTE statement;
  DEALLOCATE PREPARE statement;
END
$$

--
-- Create procedure `Proc_document_details_GetTotalRecords`
--
CREATE DEFINER = 'root'@'localhost'
PROCEDURE Proc_document_details_GetTotalRecords (IN $where_condition varchar(500))
BEGIN
  SET @sql = CONCAT('SELECT COUNT(*)',
  ' FROM document_details dt ',
  IF($where_condition <> '', $where_condition, ' '));
  PREPARE statement FROM @sql;
  EXECUTE statement;
  DEALLOCATE PREPARE statement;
END
$$

--
-- Create procedure `Proc_document_details_GetListByDocumentId`
--
CREATE DEFINER = 'root'@'localhost'
PROCEDURE Proc_document_details_GetListByDocumentId (IN $document_id char(36), IN $limit int, IN $offset int, IN $columns varchar(500), IN $sort_type varchar(255), IN $sort_field varchar(255), IN $where_condition varchar(500))
BEGIN

  SET @sql = CONCAT('SELECT
    dt.document_details_id,
    dt.document_id,
    dt.fixed_asset_id,
    fa.fixed_asset_code,
    fa.fixed_asset_name,
    fa.cost,
    fa.remaining_value,
    dt.department_before_id,
    dt.department_before_name,
    dt.department_after_id,
    dt.department_after_name, 
    dt.reason
  FROM document_details dt, fixed_asset fa ',
  IF($where_condition <> '',
  CONCAT($where_condition, 'AND dt.document_id = "', $document_id, '" AND fa.fixed_asset_id = dt.fixed_asset_id '),
  CONCAT('WHERE dt.document_id = "', $document_id, '" AND fa.fixed_asset_id = dt.fixed_asset_id ')),
  ' ORDER BY dt.', $sort_field, ' ', $sort_type);
  IF $limit > 0 THEN
    SET @sql = CONCAT(@sql, ' LIMIT ', $limit, ' OFFSET ', $offset);
  END IF;
  PREPARE statement FROM @sql;
  EXECUTE statement;
  DEALLOCATE PREPARE statement;
END
$$

--
-- Create procedure `Proc_document_details_GetFilter`
--
CREATE DEFINER = 'root'@'localhost'
PROCEDURE Proc_document_details_GetFilter (IN $limit int,
IN $offset int,
IN $columns varchar(500),
IN $sort_type varchar(255),
IN $sort_field varchar(255),
IN $where_condition varchar(500))
BEGIN
  SET @sql = CONCAT('
  SELECT
    dt.document_details_id,
    dt.document_id,
    dt.fixed_asset_id,
    fa.fixed_asset_code,
    fa.fixed_asset_name,
    fa.cost,
    fa.remaining_value,
    dt.department_before_id,
    dt.department_before_name,
    dt.department_after_id,
    dt.department_after_name,          
    dt.reason
  FROM document_details dt, fixed_asset fa, department d
  WHERE fa.fixed_asset_id = dt.fixed_asset_id',
  ' ORDER BY dt.', $sort_field, ' ', $sort_type);
  IF $limit > 0 THEN
    SET @sql = CONCAT(@sql, ' LIMIT ', $limit, ' OFFSET ', $offset);
  END IF;
  PREPARE statement FROM @sql;
  EXECUTE statement;
  DEALLOCATE PREPARE statement;
END
$$

--
-- Create procedure `Proc_department_GetFilter`
--
CREATE DEFINER = 'root'@'localhost'
PROCEDURE Proc_department_GetFilter (IN $limit int, IN $offset int, IN $columns varchar(500), IN $sort_type varchar(255), IN $sort_field varchar(255), IN $where_condition varchar(500))
BEGIN
  SET @sql = CONCAT('SELECT ', $columns,
  ' FROM department fa ',
  IF($where_condition <> '', $where_condition, ' '),
  ' ORDER BY ', $sort_field, ' ', $sort_type);
  IF $limit > 0 THEN
    SET @sql = CONCAT(@sql, ' LIMIT ', $limit, ' OFFSET ', $offset);
  END IF;
  PREPARE statement FROM @sql;
  EXECUTE statement;
  DEALLOCATE PREPARE statement;
END
$$

--
-- Create procedure `Proc_department_GetDetails`
--
CREATE DEFINER = 'root'@'localhost'
PROCEDURE Proc_department_GetDetails (IN $department_id varchar(255))
BEGIN
  SELECT
    dt.department_details_id,
    dt.department_id,
    dt.fixed_asset_id,
    dt.fixed_asset_name,
    dt.cost,
    dt.remaining_value,
    dt.departmant_before_id,
    dt.departmant_before_name,
    dt.departmant_after_id,
    dt.departmant_after_name,
    dt.reason
  FROM department_details dt
  WHERE dt.department_id = $department_id;
END
$$

DELIMITER ;

-- 
-- Dumping data for table fixed_asset_category
--
INSERT INTO fixed_asset_category VALUES
('09cfb0c0-3625-11ee-a2e3-d45d64601179', 'TN', 'Tai nghe\r\n', NULL, NULL, 3, NULL, NULL, '2023-08-09 02:53:01', NULL, '2023-08-09 02:53:01'),
('148ed882-32b8-218e-9c20-39c2f00615e8', 'MTXT', 'Máy tính xách tay', '01251', 8114710, 10, 'Ut doloremque iste debitis quo sit aspernatur repellendus qui; libero dolores rerum corporis beatae amet natus ea eligendi. Nam perspiciatis expedita maiores perferendis est numquam provident accusamus. Aperiam ex esse consequatur est at voluptatem pariatur commodi. Quo nam et ipsa et est et qui dolor.', 'Elwood Ligon', '1986-05-11 17:41:27', 'Yadira Villanueva', '2013-09-08 12:45:04'),
('1b691e79-236d-5b5a-9d20-39c2f00615e8', 'MB', 'Máy bàn', '15656', 3673610, 11, 'Recusandae quia quasi fuga quasi quis omnis quo quasi; accusantium et aperiam quis error ipsam et quae et.', 'Lonna Dion', '2006-10-13 14:50:31', 'Wilfredo Southern', '2001-03-16 15:10:37'),
('25c6c36e-1668-7d10-6e09-bf1378b8dc91', 'ĐT', 'Điện thoại', '27120', 5370350, 15, 'Nam non nam quo molestiae voluptatem non eius omnis. Quis est neque at fugit totam placeat sed cumque? Voluptatem officiis natus dignissimos vel in et quod modi. Et sit ex sit rem doloremque odio vel totam!', 'Courtney Abernathy', '1978-05-20 03:53:36', 'Britta Ayres', '2022-09-18 18:59:18'),
('354f1b13-17bf-1b52-87d5-ba100c6f7bce', 'MA', 'Máy ảnh', '23679', 269542, 5, 'Ea atque aut quaerat aliquid laborum necessitatibus tenetur. Sed cupiditate sed tempora perferendis tempora itaque nihil est. Aut aliquam culpa. Et quia inventore error voluptate inventore vitae dolores consequuntur. Ea qui est perspiciatis aspernatur. Optio veritatis debitis deleniti sunt consequatur sunt! Omnis itaque id sed recusandae ducimus voluptate sed.', 'Natashia Blaylock', '1989-04-25 23:45:27', 'Merle Reiter', '1971-01-01 00:01:08'),
('3700cc49-55b5-69ea-4929-a2925c0f334d', 'MH', 'Màn hình', '96561', 6838330, 5, 'Placeat qui hic nobis dolorem officia nihil commodi vel.', 'Rose Aiello', '2010-11-08 12:31:59', 'Bernard Creighton', '1971-01-01 01:08:43'),
('3e9ce051-3625-11ee-a2e3-d45d64601179', 'MI', 'Máy in', NULL, NULL, 8, NULL, NULL, '2023-08-09 02:53:32', NULL, '2023-08-09 02:53:32'),
('dd23336c-3624-11ee-a2e3-d45d64601179', 'CMT', 'Chuột máy tính\r\n', NULL, NULL, 3, NULL, NULL, '2023-08-09 02:51:08', NULL, '2023-08-09 02:51:08'),
('fa18577f-3624-11ee-a2e3-d45d64601179', 'BP', 'Bàn phím', NULL, NULL, 4, NULL, NULL, '2023-08-09 02:51:42', NULL, '2023-08-09 02:51:42');

-- 
-- Dumping data for table department
--
INSERT INTO department VALUES
('11452b0c-768e-5ff7-0d63-eeb1d8ed8cef', 'HCKT', 'Phòng hành chính kế toán', 'Sed natus et id illo harum et exercitationem impedit.', False, '76703', '87267', 'Adolph Francisco', '2003-11-05 05:48:43', 'Jason Blackmon', '1996-08-01 23:20:20'),
('142cb08f-7c31-21fa-8e90-67245e8b283e', 'TK', 'Phòng thư ký', 'Praesentium excepturi architecto ipsum possimus sit at qui; molestiae autem sit atque aliquid nobis necessitatibus. Ipsam itaque amet velit maiores error! Similique ea quis sed officiis eum quia quam. Sed porro odio natus error velit consequatur hic vero! Vel error dicta velit nam quia ut omnis repellendus.', False, '94630', '11638', 'Letha Bolt', '1971-01-01 00:07:13', 'Abraham Acevedo', '1971-01-01 00:00:04'),
('17120d02-6ab5-3e43-18cb-66948daf6128', 'HR', 'Phòng nhân sự', 'Unde inventore ut non velit neque. Harum sequi rerum iste nihil mollitia et quaerat. Sunt nostrum est? Deserunt voluptas quibusdam. Et tenetur error deserunt; nostrum deleniti reprehenderit molestiae est error animi qui. Neque consequatur inventore et. Exercitationem rerum dolorem qui recusandae nam voluptatem natus saepe.', False, '34958', '37879', 'Miyoko Mckinney', '1993-06-02 04:48:50', 'Hong Beaudoin', '2015-02-12 17:49:47'),
('2bbbd485-6df2-536a-7e32-6a1673ffca7c', 'TCTH', 'Phòng tài chính tổng hợp', 'Veritatis ut accusantium. Quia maxime modi sunt atque debitis illo perspiciatis; labore dolor quam tempore? Omnis ut fugit consequatur aperiam. Quia laboriosam nihil atque velit. Corrupti ipsam mollitia quia ut accusantium. Cupiditate vero quo et. Et quos voluptatibus natus maxime vel consequatur eos et. Enim illo omnis! Reiciendis sit corporis.', False, '96139', '74883', 'Denisha Mcginnis', '1971-01-01 00:01:04', 'Peggy Charlton', '1981-07-17 02:31:45'),
('4577565a-7e3e-493a-74dd-867949feb8b5', 'CSKH', 'Phòng chăm sóc khách hàng', 'Impedit ut porro voluptas natus odit repellat. Ea molestiae nulla dolor rerum et quo quas nam. Itaque dolores soluta rerum nisi distinctio deserunt. Quibusdam quaerat est! Illum et ut ad natus ducimus unde omnis eum. Corrupti eaque velit repellat eaque non perspiciatis unde quis.', True, '43735', '22554', 'Felix Alba', '2022-09-12 02:12:32', 'Tiny Card', '2001-01-30 09:16:21'),
('469b3ece-744a-45d5-957d-e8c757976496', 'NC', 'Phòng nghiên cứu', 'Ullam recusandae sunt tempore temporibus fugiat similique error sit. Sit nisi ipsum suscipit aut architecto voluptas fugit at.', False, '11450', '86148', 'Vanita Kelleher', '1992-09-04 01:38:18', 'Retta Lord', '1997-06-21 08:47:00'),
('4e272fc4-7875-78d6-7d32-6a1673ffca7c', 'QL', 'Phòng quản lý', 'Similique sed et quo nemo omnis facilis aliquam soluta. Natus quis ratione quaerat quas officia dolores nihil maxime. Quaerat et omnis labore molestiae voluptatibus molestiae recusandae dicta. Laboriosam sint rerum explicabo repudiandae sed molestiae voluptatibus natus.', False, '08242', '52432', 'Marcos Abraham', '1973-03-13 00:12:54', 'Treena Lind', '1971-01-01 00:00:08'),
('59d19422-6657-452e-a7db-e5d54223c257', 'KDTT', 'Phòng kinh doanh và tiếp thị', NULL, NULL, '43438', '99298', NULL, NULL, 'Maynard Brockman', '2009-11-20 23:28:04'),
('7686595d-16d5-33b3-0080-e8e2a817c80e', 'CNTT', 'Phòng công nghệ thông tin', 'Consequatur cum autem sint corporis. Error officiis dolorem ut enim voluptatem unde non ratione. Sint autem et adipisci. Quia qui obcaecati tempore dignissimos quaerat qui veritatis sed? Recusandae et nihil sed temporibus perferendis nemo dolores culpa! Sed unde voluptatem ut est sit perspiciatis minus soluta.', False, '77578', '93854', 'Eusebia Noland', '2012-05-04 05:02:08', 'Carroll Binder', '1991-01-13 08:45:51'),
('768f8e64-7d10-20c9-967d-e8c757976496', 'KT', 'Phòng kỹ thuật', 'Et perspiciatis a ipsum nemo dolores eveniet. Aperiam blanditiis numquam autem consequatur vero et? Sunt error quaerat itaque perferendis non sunt ut repellat. Unde aperiam blanditiis quos non error dignissimos veniam possimus. Maiores nihil dolores! Voluptatem porro sit quia. Natus animi delectus tenetur consequatur. Omnis consequatur sit totam nihil quae officia.', True, '49273', '24206', 'Oma Lawler', '1978-09-02 01:36:09', NULL, NULL);

-- 
-- Dumping data for table fixed_asset
--
INSERT INTO fixed_asset VALUES
('00916407-dd94-40b3-a365-b0f8cdec8adc', 'TS00192', 'HP DeskJet 3754', NULL, NULL, NULL, '469b3ece-744a-45d5-957d-e8c757976496', 'NC', 'Phòng nghiên cứu', '3e9ce051-3625-11ee-a2e3-d45d64601179', 'MI', 'Máy in', '2022-09-03 00:00:00', '2022-06-05 00:00:00', 1000000, 2, 8.33, 83333, 2023, 12, 2022, NULL, NULL, NULL, '', '2023-11-16 11:33:44', 83333, 916667),
('018f2c58-4ce9-4d9f-9ec4-69ead50a123b', 'TS00112', 'Dell OptiPlex 3070', NULL, NULL, NULL, '11452b0c-768e-5ff7-0d63-eeb1d8ed8cef', 'HCKT', 'Phòng hành chính kế toán', '1b691e79-236d-5b5a-9d20-39c2f00615e8', 'MB', 'Máy bàn', '2023-02-02 00:00:00', '2022-01-05 00:00:00', 10000000, 2, 25, 2500000, 2023, 4, 2023, True, '', '2023-08-09 14:44:43', '', '2023-08-09 14:44:43', 2500000, 7500000),
('026eed3d-e85f-44aa-8175-c9b7aa0c7ec5', 'TS00391', 'Samsung Galaxy Note 22', NULL, NULL, NULL, '59d19422-6657-452e-a7db-e5d54223c257', 'KDTT', 'Phòng kinh doanh và tiếp thị', '25c6c36e-1668-7d10-6e09-bf1378b8dc91', 'ĐT', 'Điện thoại', '2023-07-26 00:00:00', '2023-07-20 00:00:00', 25000000, 1, 7.69, 1923077, 2023, 13, 2023, True, '', '2023-08-09 14:44:43', '', '2023-08-09 14:44:43', 1923077, 23076923),
('036821fc-629b-477f-8749-3571f9caec72', 'TS00214', 'Sony WH-1000XM4', NULL, NULL, NULL, '768f8e64-7d10-20c9-967d-e8c757976496', 'KT', 'Phòng kỹ thuật', '09cfb0c0-3625-11ee-a2e3-d45d64601179', 'TN', 'Tai nghe\r\n', '2023-07-28 00:00:00', '2023-07-27 00:00:00', 3500000, 5, 10, 350000, 2023, 10, 2023, True, '', '2023-08-09 14:44:43', '', '2023-08-09 14:44:43', 350000, 3150000),
('039464e2-9942-4940-9678-0a6ba35c1e8d', 'TS00136', 'Dell G5 Gaming Desktop', NULL, NULL, NULL, '7686595d-16d5-33b3-0080-e8e2a817c80e', 'CNTT', 'Phòng công nghệ thông tin', '1b691e79-236d-5b5a-9d20-39c2f00615e8', 'MB', 'Máy bàn', '2022-11-16 00:00:00', '2022-09-25 00:00:00', 25000000, 10, 20, 5000000, 2023, 5, 2022, True, '', '2023-08-09 14:44:43', '', '2023-08-09 14:44:43', 10000000, 15000000),
('03be649b-01e6-442b-968a-7494fe6d6df2', 'TS00149', 'HP Envy 6055', NULL, NULL, NULL, '142cb08f-7c31-21fa-8e90-67245e8b283e', 'TK', 'Phòng thư ký', '3e9ce051-3625-11ee-a2e3-d45d64601179', 'MI', 'Máy in', '2023-07-07 00:00:00', '2023-04-30 00:00:00', 1500000, 10, 7.14, 107143, 2023, 14, 2023, True, '', '2023-08-09 14:44:43', '', '2023-08-09 14:44:43', 107143, 1392857),
('03dbb9fe-f29b-4b60-a0f4-dd18016e8e97', 'TS00292', 'Canon EOS 6D', NULL, NULL, NULL, '59d19422-6657-452e-a7db-e5d54223c257', 'KDTT', 'Phòng kinh doanh và tiếp thị', '354f1b13-17bf-1b52-87d5-ba100c6f7bce', 'MA', 'Máy ảnh', '2022-03-08 00:00:00', '2022-03-05 00:00:00', 47000000, 2, 8.33, 3916667, 2023, 12, 2022, True, '', '2023-08-09 14:44:43', '', '2023-08-09 14:44:43', 7833333, 39166667),
('048dae73-a2a9-43ed-8646-c1f6817cc713', 'TS00404', 'iPhone 12 Pro Max', NULL, NULL, NULL, '469b3ece-744a-45d5-957d-e8c757976496', 'NC', 'Phòng nghiên cứu', '25c6c36e-1668-7d10-6e09-bf1378b8dc91', 'ĐT', 'Điện thoại', '2022-11-29 00:00:00', '2022-01-09 00:00:00', 20500000, 8, 6.67, 1366667, 2023, 15, 2022, NULL, NULL, NULL, '', '2023-11-16 11:33:34', 1366667, 19133333),
('055711dd-49c0-42cf-b3c9-932229dde54d', 'TS00315', 'Sony Alpha a7 IV', NULL, NULL, NULL, '7686595d-16d5-33b3-0080-e8e2a817c80e', 'CNTT', 'Phòng công nghệ thông tin', '354f1b13-17bf-1b52-87d5-ba100c6f7bce', 'MA', 'Máy ảnh', '2023-07-25 00:00:00', '2022-11-23 00:00:00', 30500000, 1, 10, 3050000, 2023, 10, 2023, True, '', '2023-08-09 14:44:43', '', '2023-08-09 14:44:43', 3050000, 27450000),
('057651fe-f452-4e5a-aad4-fb85d20c539b', 'TS00024', 'Máy ảnh Panasonic Lumix S5', NULL, NULL, NULL, '4577565a-7e3e-493a-74dd-867949feb8b5', 'CSKH', 'Phòng chăm sóc khách hàng', '354f1b13-17bf-1b52-87d5-ba100c6f7bce', 'MA', 'Máy ảnh', '2023-04-23 00:00:00', '2022-05-25 00:00:00', 31500000, 1, 8.33, 2625000, 2023, 12, 2023, True, '', '2023-08-09 14:44:43', '', '2023-08-09 14:44:43', 2625000, 28875000),
('05be3635-a65a-4531-94c9-1f99229074b1', 'TS00189', 'Bose SoundLink Micro', NULL, NULL, NULL, '142cb08f-7c31-21fa-8e90-67245e8b283e', 'TK', 'Phòng thư ký', '09cfb0c0-3625-11ee-a2e3-d45d64601179', 'TN', 'Tai nghe\r\n', '2022-12-23 00:00:00', '2022-11-27 00:00:00', 2000000, 2, 6.67, 133333, 2023, 15, 2022, True, '', '2023-08-09 14:44:43', '', '2023-08-09 14:44:43', 266667, 1733333),
('05e7f109-0862-4983-82ca-d408f65ae66c', 'TS00089', 'OnePlus 8 Pro', NULL, NULL, NULL, '142cb08f-7c31-21fa-8e90-67245e8b283e', 'TK', 'Phòng thư ký', '25c6c36e-1668-7d10-6e09-bf1378b8dc91', 'ĐT', 'Điện thoại', '2023-05-24 00:00:00', '2022-12-27 00:00:00', 16000000, 2, 6.67, 1066667, 2023, 15, 2023, True, '', '2023-08-09 14:44:43', '', '2023-08-09 14:44:43', 1066667, 14933333),
('06165e4c-fabd-4d27-b9c2-444fbe7472ce', 'TS00125', 'HP OfficeJet 3830', NULL, NULL, NULL, '7686595d-16d5-33b3-0080-e8e2a817c80e', 'CNTT', 'Phòng công nghệ thông tin', '3e9ce051-3625-11ee-a2e3-d45d64601179', 'MI', 'Máy in', '2022-11-24 00:00:00', '2022-09-04 00:00:00', 1800000, 6, 9.09, 163636, 2023, 11, 2022, True, '', '2023-08-09 14:44:43', '', '2023-08-09 14:44:43', 327273, 1472727),
('06942ded-d4bf-47c3-932f-b15c9740a11b', 'TS00012', 'Máy bàn Acer Aspire', NULL, NULL, NULL, '11452b0c-768e-5ff7-0d63-eeb1d8ed8cef', 'HCKT', 'Phòng hành chính kế toán', '1b691e79-236d-5b5a-9d20-39c2f00615e8', 'MB', 'Máy bàn', '2022-07-30 00:00:00', '2022-07-26 00:00:00', 13500000, 2, 25, 3375000, 2023, 4, 2022, True, '', '2023-08-09 14:44:43', '', '2023-08-09 14:44:43', 6750000, 6750000),
('06c53eac-c5cb-412f-be52-2c4c21c7894c', 'TS00326', 'iPhone 12 Pro Max', NULL, NULL, NULL, '768f8e64-7d10-20c9-967d-e8c757976496', 'KT', 'Phòng kỹ thuật', '25c6c36e-1668-7d10-6e09-bf1378b8dc91', 'ĐT', 'Điện thoại', '2022-11-29 00:00:00', '2022-01-09 00:00:00', 20500000, 8, 6.67, 1366667, 2023, 15, 2022, True, '', '2023-08-09 14:44:43', '', '2023-08-09 14:44:43', 2733333, 17766667),
('06d30f06-abb9-4d4a-a3cf-d3068f818439', 'TS00009', 'Máy ảnh Nikon D850', NULL, NULL, NULL, '7686595d-16d5-33b3-0080-e8e2a817c80e', 'CNTT', 'Phòng công nghệ thông tin', '354f1b13-17bf-1b52-87d5-ba100c6f7bce', 'MA', 'Máy ảnh', '2023-06-28 00:00:00', '2023-06-13 00:00:00', 49500000, 3, 9.09, 4500000, 2023, 11, 2023, True, '', '2023-08-09 14:44:43', '', '2023-08-09 14:44:43', 4500000, 45000000),
('06d782af-1979-493b-95fc-5a9fcf4eb10e', 'TS00159', 'Asus ROG Strix G15', NULL, NULL, NULL, '7686595d-16d5-33b3-0080-e8e2a817c80e', 'CNTT', 'Phòng công nghệ thông tin', '148ed882-32b8-218e-9c20-39c2f00615e8', 'MTXT', 'Máy tính xách tay', '2022-07-22 00:00:00', '2022-06-04 00:00:00', 18000000, 3, 9.09, 1636364, 2023, 11, 2022, True, '', '2023-08-09 14:44:43', '', '2023-08-09 14:44:43', 3272727, 14727273),
('0786b20d-07cb-4381-9b1c-e480a07f9e8d', 'TS00332', 'Huawei P41', NULL, NULL, NULL, '7686595d-16d5-33b3-0080-e8e2a817c80e', 'CNTT', 'Phòng công nghệ thông tin', '25c6c36e-1668-7d10-6e09-bf1378b8dc91', 'ĐT', 'Điện thoại', '2022-07-24 00:00:00', '2022-04-13 00:00:00', 18500000, 6, 6.67, 1233333, 2023, 15, 2022, True, '', '2023-08-09 14:44:43', '', '2023-08-09 14:44:43', 2466667, 16033333),
('07b01834-cf6c-4c9a-b8e0-073175fbafd1', 'TS00194', 'Microsoft Surface Pro 7+', NULL, NULL, NULL, '768f8e64-7d10-20c9-967d-e8c757976496', 'KT', 'Phòng kỹ thuật', '148ed882-32b8-218e-9c20-39c2f00615e8', 'MTXT', 'Máy tính xách tay', '2022-11-13 00:00:00', '2022-04-04 00:00:00', 25000000, 10, 6.67, 1666667, 2023, 15, 2022, True, '', '2023-08-09 14:44:43', '', '2023-08-09 14:44:43', 3333333, 21666667),
('08413e74-dd44-438f-a5d8-640b1aadce4d', 'TS00405', 'Razer DeathAdder V2', NULL, NULL, NULL, '469b3ece-744a-45d5-957d-e8c757976496', 'NC', 'Phòng nghiên cứu', 'dd23336c-3624-11ee-a2e3-d45d64601179', 'CMT', 'Chuột máy tính\r\n', '2022-06-30 00:00:00', '2022-06-13 00:00:00', 1300000, 7, 10, 130000, 2023, 10, 2022, NULL, NULL, NULL, '', '2023-11-16 11:33:46', 130000, 1170000),
('09195f1b-764b-462f-8aa0-03de76aeed83', 'TS00158', 'Sony Alpha A6400', NULL, NULL, NULL, '11452b0c-768e-5ff7-0d63-eeb1d8ed8cef', 'HCKT', 'Phòng hành chính kế toán', '354f1b13-17bf-1b52-87d5-ba100c6f7bce', 'MA', 'Máy ảnh', '2022-09-22 00:00:00', '2022-01-26 00:00:00', 20000000, 2, 11.11, 2222222, 2023, 9, 2022, True, '', '2023-08-09 14:44:43', '', '2023-08-09 14:44:43', 4444444, 15555556),
('096bfa22-d876-4019-89ab-a9f5cbf7189e', 'TS00286', 'Panasonic Lumix S5', NULL, NULL, NULL, '7686595d-16d5-33b3-0080-e8e2a817c80e', 'CNTT', 'Phòng công nghệ thông tin', '354f1b13-17bf-1b52-87d5-ba100c6f7bce', 'MA', 'Máy ảnh', '2023-04-18 00:00:00', '2022-08-07 00:00:00', 27000000, 10, 20, 5400000, 2023, 5, 2023, True, '', '2023-08-09 14:44:43', '', '2023-08-09 14:44:43', 5400000, 21600000),
('0a0febc2-dd98-4b0c-a775-240bb0ef4fab', 'TS00265', 'Logitech G Pro', NULL, NULL, NULL, '7686595d-16d5-33b3-0080-e8e2a817c80e', 'CNTT', 'Phòng công nghệ thông tin', 'dd23336c-3624-11ee-a2e3-d45d64601179', 'CMT', 'Chuột máy tính\r\n', '2023-05-01 00:00:00', '2023-04-01 00:00:00', 1900000, 1, 10, 190000, 2023, 10, 2023, True, '', '2023-08-09 14:44:43', '', '2023-08-09 14:44:43', 190000, 1710000),
('0b472140-a070-4193-81da-4c35cdd28e59', 'TS00369', 'Canon EOS 7D', NULL, NULL, NULL, '7686595d-16d5-33b3-0080-e8e2a817c80e', 'CNTT', 'Phòng công nghệ thông tin', '354f1b13-17bf-1b52-87d5-ba100c6f7bce', 'MA', 'Máy ảnh', '2023-06-28 00:00:00', '2023-06-23 00:00:00', 48000000, 4, 8.33, 4000000, 2023, 12, 2023, True, '', '2023-08-09 14:44:43', '', '2023-08-09 14:44:43', 4000000, 44000000),
('0bd2399c-46b5-4e8c-8f0f-6f80bd08f3a0', 'TS00368', 'iPhone 14 ProMax', NULL, NULL, NULL, '4577565a-7e3e-493a-74dd-867949feb8b5', 'CSKH', 'Phòng chăm sóc khách hàng', '25c6c36e-1668-7d10-6e09-bf1378b8dc91', 'ĐT', 'Điện thoại', '2023-07-29 00:00:00', '2023-07-22 00:00:00', 24500000, 4, 14.29, 3500000, 2023, 7, 2023, NULL, NULL, NULL, '', '2023-08-09 21:58:27', 3500000, 21000000),
('0dfb5197-d6c0-44fd-ad88-ab97cd6d7026', 'TS00388', 'LG 31" Monitor', NULL, NULL, NULL, '469b3ece-744a-45d5-957d-e8c757976496', 'NC', 'Phòng nghiên cứu', '3700cc49-55b5-69ea-4929-a2925c0f334d', 'MH', 'Màn hình', '2023-03-08 00:00:00', '2022-07-20 00:00:00', 4700000, 1, 8.33, 391667, 2023, 12, 2023, True, '', '2023-08-09 14:44:43', '', '2023-08-09 14:44:43', 391667, 4308333),
('0e7ab5cc-d5f2-40fc-b0a0-c6a23d54e3f8', 'TS00280', 'Sony Alpha a6400', NULL, NULL, NULL, '2bbbd485-6df2-536a-7e32-6a1673ffca7c', 'TCTH', 'Phòng tài chính tổng hợp', '354f1b13-17bf-1b52-87d5-ba100c6f7bce', 'MA', 'Máy ảnh', '2022-08-29 00:00:00', '2022-02-08 00:00:00', 24000000, 10, 10, 2400000, 2023, 10, 2022, True, '', '2023-08-09 14:44:43', '', '2023-08-09 14:44:43', 4800000, 19200000),
('0ee841e7-ae56-4392-a963-05f89c9a6671', 'TS00207', 'Asus ROG Strix', NULL, NULL, NULL, '142cb08f-7c31-21fa-8e90-67245e8b283e', 'TK', 'Phòng thư ký', '148ed882-32b8-218e-9c20-39c2f00615e8', 'MTXT', 'Máy tính xách tay', '2022-09-16 00:00:00', '2022-09-13 00:00:00', 18000000, 3, 7.14, 1285714, 2023, 14, 2022, True, '', '2023-08-09 14:44:43', '', '2023-08-09 14:44:43', 2571429, 15428571),
('0ffbb714-4eb7-4e11-aae3-9ed04a8a79fb', 'TS00175', 'HP OfficeJet 3830', NULL, NULL, NULL, '7686595d-16d5-33b3-0080-e8e2a817c80e', 'CNTT', 'Phòng công nghệ thông tin', '3e9ce051-3625-11ee-a2e3-d45d64601179', 'MI', 'Máy in', '2023-05-25 00:00:00', '2023-05-12 00:00:00', 1800000, 6, 9.09, 163636, 2023, 11, 2023, True, '', '2023-08-09 14:44:43', '', '2023-08-09 14:44:43', 163636, 1636364),
('11cd357b-a88a-45ca-85f6-c016e0569c71', 'TS00376', 'HP DeskJet 2740', NULL, NULL, NULL, '768f8e64-7d10-20c9-967d-e8c757976496', 'KT', 'Phòng kỹ thuật', '3e9ce051-3625-11ee-a2e3-d45d64601179', 'MI', 'Máy in', '2023-07-16 00:00:00', '2023-07-09 00:00:00', 2100000, 8, 6.67, 140000, 2023, 15, 2023, True, '', '2023-08-09 14:44:43', '', '2023-08-09 14:44:43', 140000, 1960000),
('12083272-cbd8-4da1-8543-664709033655', 'TS00041', 'Máy tính xách tay LG Gram', NULL, NULL, NULL, '59d19422-6657-452e-a7db-e5d54223c257', 'KDTT', 'Phòng kinh doanh và tiếp thị', '148ed882-32b8-218e-9c20-39c2f00615e8', 'MTXT', 'Máy tính xách tay', '2022-11-25 00:00:00', '2022-10-07 00:00:00', 22500000, 1, 7.69, 1730769, 2023, 13, 2022, True, '', '2023-08-09 14:44:43', '', '2023-08-09 14:44:43', 3461538, 19038462),
('121d0cce-4dca-4a92-ac8a-2eeb9c892d64', 'TS00364', 'Canon MAXIFY MB2730', NULL, NULL, NULL, '17120d02-6ab5-3e43-18cb-66948daf6128', 'HR', 'Phòng nhân sự', '3e9ce051-3625-11ee-a2e3-d45d64601179', 'MI', 'Máy in', '2023-04-28 00:00:00', '2022-08-18 00:00:00', 14500000, 5, 10, 1450000, 2023, 10, 2023, NULL, NULL, NULL, '', '2023-11-16 11:33:55', 0, 14500000),
('12514a02-29c6-4381-b320-f6f121396764', 'TS00064', 'OnePlus 8 Pro', NULL, NULL, NULL, '768f8e64-7d10-20c9-967d-e8c757976496', 'KT', 'Phòng kỹ thuật', '25c6c36e-1668-7d10-6e09-bf1378b8dc91', 'ĐT', 'Điện thoại', '2023-05-06 00:00:00', '2023-02-07 00:00:00', 16000000, 5, 10, 1600000, 2023, 10, 2023, True, '', '2023-08-09 14:44:43', '', '2023-08-09 14:44:43', 1600000, 14400000),
('12a2948d-3a6c-4235-abbd-2693ea78de3d', 'TS00291', 'iPhone 14', NULL, NULL, NULL, '59d19422-6657-452e-a7db-e5d54223c257', 'KDTT', 'Phòng kinh doanh và tiếp thị', '25c6c36e-1668-7d10-6e09-bf1378b8dc91', 'ĐT', 'Điện thoại', '2023-07-14 00:00:00', '2023-06-09 00:00:00', 24000000, 1, 7.69, 1846154, 2023, 13, 2023, True, '', '2023-08-09 14:44:43', '', '2023-08-09 14:44:43', 1846154, 22153846),
('12b3a7eb-3022-41a1-95e0-4f5927b3c862', 'TS00323', 'Asus 35" Monitor', NULL, NULL, NULL, '59d19422-6657-452e-a7db-e5d54223c257', 'KDTT', 'Phòng kinh doanh và tiếp thị', '3700cc49-55b5-69ea-4929-a2925c0f334d', 'MH', 'Màn hình', '2023-02-04 00:00:00', '2022-07-17 00:00:00', 7100000, 10, 9.09, 645455, 2023, 11, 2023, True, '', '2023-08-09 14:44:43', '', '2023-08-09 14:44:43', 645455, 6454545),
('130dd09e-e382-41e0-8e91-3f408be893a2', 'TS00230', 'Lenovo ThinkPad', NULL, NULL, NULL, '2bbbd485-6df2-536a-7e32-6a1673ffca7c', 'TCTH', 'Phòng tài chính tổng hợp', '148ed882-32b8-218e-9c20-39c2f00615e8', 'MTXT', 'Máy tính xách tay', '2023-07-19 00:00:00', '2022-01-29 00:00:00', 20000000, 10, 10, 2000000, 2023, 10, 2023, True, '', '2023-08-09 14:44:43', '', '2023-08-09 14:44:43', 2000000, 18000000),
('1374a6cd-d94d-40ef-9e24-5abdbe8597d0', 'TS00061', 'HP Pavilion Desktop', NULL, NULL, NULL, '768f8e64-7d10-20c9-967d-e8c757976496', 'KT', 'Phòng kỹ thuật', '1b691e79-236d-5b5a-9d20-39c2f00615e8', 'MB', 'Máy bàn', '2022-07-23 00:00:00', '2022-06-02 00:00:00', 12000000, 9, 7.14, 857143, 2023, 14, 2022, True, '', '2023-08-09 14:44:43', '', '2023-08-09 14:44:43', 1714286, 10285714),
('14e649de-68c8-4f70-8ef9-1f6ea14e3ebf', 'TS00182', 'Microsoft Surface Duo 2', NULL, NULL, NULL, '7686595d-16d5-33b3-0080-e8e2a817c80e', 'CNTT', 'Phòng công nghệ thông tin', '25c6c36e-1668-7d10-6e09-bf1378b8dc91', 'ĐT', 'Điện thoại', '2023-07-19 00:00:00', '2022-03-26 00:00:00', 28000000, 6, 6.67, 1866667, 2023, 15, 2023, True, '', '2023-08-09 14:44:43', '', '2023-08-09 14:44:43', 1866667, 26133333),
('14ff5d1e-40b4-4245-8301-fca3679772a7', 'TS00135', 'Canon EOS RP', NULL, NULL, NULL, '768f8e64-7d10-20c9-967d-e8c757976496', 'KT', 'Phòng kỹ thuật', '354f1b13-17bf-1b52-87d5-ba100c6f7bce', 'MA', 'Máy ảnh', '2023-03-05 00:00:00', '2022-08-27 00:00:00', 30000000, 8, 20, 6000000, 2023, 5, 2023, True, '', '2023-08-09 14:44:43', '', '2023-08-09 14:44:43', 6000000, 24000000),
('165b737d-b12d-4a3c-b3c9-a7c978dcb852', 'TS00132', 'Sony WH-1000XM3', NULL, NULL, NULL, '7686595d-16d5-33b3-0080-e8e2a817c80e', 'CNTT', 'Phòng công nghệ thông tin', '09cfb0c0-3625-11ee-a2e3-d45d64601179', 'TN', 'Tai nghe\r\n', '2022-12-10 00:00:00', '2022-01-13 00:00:00', 3500000, 6, 6.67, 233333, 2023, 15, 2022, True, '', '2023-08-09 14:44:43', '', '2023-08-09 14:44:43', 466667, 3033333),
('16f282e5-75a0-4358-b8ac-ea0c608c5964', 'TS00006', 'Máy tính xách tay Lenovo ThinkPad', NULL, NULL, NULL, '4e272fc4-7875-78d6-7d32-6a1673ffca7c', 'QL', 'Phòng quản lý', '148ed882-32b8-218e-9c20-39c2f00615e8', 'MTXT', 'Máy tính xách tay', '2023-02-09 00:00:00', '2022-11-19 00:00:00', 22500000, 6, 11.11, 2500000, 2023, 9, 2023, True, '', '2023-08-09 14:44:43', '', '2023-08-09 14:44:43', 2500000, 20000000),
('1745fff2-0274-49a9-aaa6-91c0046cda9a', 'TS00131', 'Samsung Galaxy Z Fold 3', NULL, NULL, NULL, '469b3ece-744a-45d5-957d-e8c757976496', 'NC', 'Phòng nghiên cứu', '25c6c36e-1668-7d10-6e09-bf1378b8dc91', 'ĐT', 'Điện thoại', '2023-06-12 00:00:00', '2023-06-11 00:00:00', 50000000, 7, 7.69, 3846154, 2023, 13, 2023, True, '', '2023-08-09 14:44:43', '', '2023-08-09 14:44:43', 3846154, 46153846),
('17c77ce9-4eca-4db0-8894-c9e06ad6476d', 'TS00042', 'Máy bàn Alienware Aurora', NULL, NULL, NULL, '59d19422-6657-452e-a7db-e5d54223c257', 'KDTT', 'Phòng kinh doanh và tiếp thị', '1b691e79-236d-5b5a-9d20-39c2f00615e8', 'MB', 'Máy bàn', '2023-04-30 00:00:00', '2022-03-29 00:00:00', 45000000, 2, 8.33, 3750000, 2023, 12, 2023, True, '', '2023-08-09 14:44:43', '', '2023-08-09 14:44:43', 3750000, 41250000),
('17fa75f7-1668-4299-8145-83348fa8b0cd', 'TS00305', 'Dell 33" Monitor', NULL, NULL, NULL, '11452b0c-768e-5ff7-0d63-eeb1d8ed8cef', 'HCKT', 'Phòng hành chính kế toán', '3700cc49-55b5-69ea-4929-a2925c0f334d', 'MH', 'Màn hình', '2022-03-24 00:00:00', '2022-02-25 00:00:00', 6100000, 7, 7.69, 469231, 2023, 13, 2022, NULL, NULL, NULL, '', '2023-11-16 11:33:49', 469231, 5630769),
('1806f042-efc9-40e7-972c-89ed91d6f37d', 'TS00095', 'Xiaomi Redmi Note 10', NULL, NULL, NULL, '4e272fc4-7875-78d6-7d32-6a1673ffca7c', 'QL', 'Phòng quản lý', '25c6c36e-1668-7d10-6e09-bf1378b8dc91', 'ĐT', 'Điện thoại', '2023-06-18 00:00:00', '2022-03-09 00:00:00', 4500000, 3, 8.33, 375000, 2023, 12, 2023, True, '', '2023-08-09 14:44:43', '', '2023-08-09 14:44:43', 375000, 4125000),
('193435a0-71c8-4203-b4e6-96982d5a3ee3', 'TS00090', 'Razer DeathAdder', NULL, NULL, NULL, '2bbbd485-6df2-536a-7e32-6a1673ffca7c', 'TCTH', 'Phòng tài chính tổng hợp', 'dd23336c-3624-11ee-a2e3-d45d64601179', 'CMT', 'Chuột máy tính\r\n', '2023-05-21 00:00:00', '2023-01-30 00:00:00', 500000, 4, 25, 125000, 2023, 4, 2023, True, '', '2023-08-09 14:44:43', '', '2023-08-09 14:44:43', 125000, 375000),
('1a1a3e7e-4221-4226-b6b6-e53350b8d51c', 'TS00028', 'Điện thoại Huawei P40', NULL, NULL, NULL, '11452b0c-768e-5ff7-0d63-eeb1d8ed8cef', 'HCKT', 'Phòng hành chính kế toán', '25c6c36e-1668-7d10-6e09-bf1378b8dc91', 'ĐT', 'Điện thoại', '2023-07-03 00:00:00', '2022-08-24 00:00:00', 13500000, 7, 10, 1350000, 2023, 10, 2023, True, '', '2023-08-09 14:44:43', '', '2023-08-09 14:44:43', 1350000, 12150000),
('1b685ed8-5a58-43e8-a953-3225feea7424', 'TS00381', 'Canon PIXMA MG2530', NULL, NULL, NULL, '469b3ece-744a-45d5-957d-e8c757976496', 'NC', 'Phòng nghiên cứu', '3e9ce051-3625-11ee-a2e3-d45d64601179', 'MI', 'Máy in', '2023-07-11 00:00:00', '2023-06-06 00:00:00', 1100000, 7, 7.69, 84615, 2023, 13, 2023, True, '', '2023-08-09 14:44:43', '', '2023-08-09 14:44:43', 84615, 1015385),
('1bb0525b-bcde-40ae-97a9-09023157f95c', 'TS00377', 'Acer 29" Monitor', NULL, NULL, NULL, '469b3ece-744a-45d5-957d-e8c757976496', 'NC', 'Phòng nghiên cứu', '3700cc49-55b5-69ea-4929-a2925c0f334d', 'MH', 'Màn hình', '2022-07-07 00:00:00', '2022-05-21 00:00:00', 5200000, 2, 16.67, 866667, 2023, 6, 2022, True, '', '2023-08-09 14:44:43', '', '2023-08-09 14:44:43', 1733333, 3466667),
('1bfe4236-1c47-4c83-bffa-98a3152e17ee', 'TS00273', 'Google Pixel 5a', NULL, NULL, NULL, '59d19422-6657-452e-a7db-e5d54223c257', 'KDTT', 'Phòng kinh doanh và tiếp thị', '25c6c36e-1668-7d10-6e09-bf1378b8dc91', 'ĐT', 'Điện thoại', '2023-07-31 00:00:00', '2023-07-29 00:00:00', 14000000, 10, 9.09, 1272727, 2023, 11, 2023, True, '', '2023-08-09 14:44:43', '', '2023-08-09 14:44:43', 1272727, 12727273),
('1cb75a45-f93a-42fe-9009-cce86244d1e6', 'TS00029', 'Máy ảnh Olympus OM-D E-M10', NULL, NULL, NULL, '59d19422-6657-452e-a7db-e5d54223c257', 'KDTT', 'Phòng kinh doanh và tiếp thị', '354f1b13-17bf-1b52-87d5-ba100c6f7bce', 'MA', 'Máy ảnh', '2022-12-01 00:00:00', '2022-09-23 00:00:00', 22500000, 8, 6.67, 1500000, 2023, 15, 2022, True, '', '2023-08-09 14:44:43', '', '2023-08-09 14:44:43', 3000000, 19500000),
('1dabcd83-b02d-44de-aaf9-6334347ec572', 'TS00004', 'Máy ảnh Canon EOS R6', NULL, NULL, NULL, '142cb08f-7c31-21fa-8e90-67245e8b283e', 'TK', 'Phòng thư ký', '354f1b13-17bf-1b52-87d5-ba100c6f7bce', 'MA', 'Máy ảnh', '2023-05-03 00:00:00', '2022-10-16 00:00:00', 56250000, 6, 7.69, 4326923, 2023, 13, 2023, True, '', '2023-08-09 14:44:43', '', '2023-08-09 14:44:43', 4326923, 51923077),
('1e41a907-f707-4082-a500-f964ff148cde', 'TS00087', 'Logitech G Pro X', NULL, NULL, NULL, '17120d02-6ab5-3e43-18cb-66948daf6128', 'HR', 'Phòng nhân sự', 'fa18577f-3624-11ee-a2e3-d45d64601179', 'BP', 'Bàn phím', '2023-06-11 00:00:00', '2023-06-09 00:00:00', 1000000, 7, 7.14, 71429, 2023, 14, 2023, True, '', '2023-08-09 14:44:43', '', '2023-08-09 14:44:43', 71429, 928571),
('1e96c98c-6bab-46dd-943c-1c2872bdc147', 'TS00122', 'Bose SoundLink Mini', NULL, NULL, NULL, '768f8e64-7d10-20c9-967d-e8c757976496', 'KT', 'Phòng kỹ thuật', '09cfb0c0-3625-11ee-a2e3-d45d64601179', 'TN', 'Tai nghe\r\n', '2023-07-06 00:00:00', '2023-03-06 00:00:00', 4000000, 4, 16.67, 666667, 2023, 6, 2023, True, '', '2023-08-09 14:44:43', '', '2023-08-09 14:44:43', 666667, 3333333),
('1faeea76-2804-411c-b4f7-549269f04c42', 'TS00246', 'AOC 24" Monitor', NULL, NULL, NULL, '7686595d-16d5-33b3-0080-e8e2a817c80e', 'CNTT', 'Phòng công nghệ thông tin', '3700cc49-55b5-69ea-4929-a2925c0f334d', 'MH', 'Màn hình', '2023-03-21 00:00:00', '2022-07-29 00:00:00', 3000000, 3, 9.09, 272727, 2023, 11, 2023, True, '', '2023-08-09 14:44:43', '', '2023-08-09 14:44:43', 272727, 2727273),
('2083436d-c786-446d-91e1-6bafc9cf19fc', 'TS00360', 'SteelSeries Rival 5', NULL, NULL, NULL, '17120d02-6ab5-3e43-18cb-66948daf6128', 'HR', 'Phòng nhân sự', 'dd23336c-3624-11ee-a2e3-d45d64601179', 'CMT', 'Chuột máy tính\r\n', '2022-03-25 00:00:00', '2022-02-14 00:00:00', 1750000, 4, 12.5, 218750, 2023, 8, 2022, True, '', '2023-08-09 14:44:43', '', '2023-08-09 14:44:43', 437500, 1312500),
('218e65d7-c9d2-4be9-be82-b837d39641a0', 'TS00147', 'Canon EOS M6 Mark II', NULL, NULL, NULL, '469b3ece-744a-45d5-957d-e8c757976496', 'NC', 'Phòng nghiên cứu', '354f1b13-17bf-1b52-87d5-ba100c6f7bce', 'MA', 'Máy ảnh', '2022-12-07 00:00:00', '2022-11-10 00:00:00', 25000000, 1, 16.67, 4166667, 2023, 6, 2022, True, '', '2023-08-09 14:44:43', '', '2023-08-09 14:44:43', 8333333, 16666667),
('221879d8-561f-438f-b852-9dea872ccf45', 'TS00069', 'Toshiba Satellite Pro', NULL, NULL, NULL, '7686595d-16d5-33b3-0080-e8e2a817c80e', 'CNTT', 'Phòng công nghệ thông tin', '148ed882-32b8-218e-9c20-39c2f00615e8', 'MTXT', 'Máy tính xách tay', '2023-03-06 00:00:00', '2023-01-01 00:00:00', 8000000, 4, 8.33, 666667, 2023, 12, 2023, True, '', '2023-08-09 14:44:43', '', '2023-08-09 14:44:43', 666667, 7333333),
('2231a8c5-6230-489c-984f-09a7e7369443', 'TS00076', 'Dell Inspiron 15', NULL, NULL, NULL, '768f8e64-7d10-20c9-967d-e8c757976496', 'KT', 'Phòng kỹ thuật', '148ed882-32b8-218e-9c20-39c2f00615e8', 'MTXT', 'Máy tính xách tay', '2023-06-10 00:00:00', '2023-03-17 00:00:00', 15000000, 8, 6.67, 1000000, 2023, 15, 2023, True, '', '2023-08-09 14:44:43', '', '2023-08-09 14:44:43', 1000000, 14000000),
('22b15caf-bc0c-4f6c-89be-8a8e6df7d2d1', 'TS00078', 'Canon EOS 700D', NULL, NULL, NULL, '11452b0c-768e-5ff7-0d63-eeb1d8ed8cef', 'HCKT', 'Phòng hành chính kế toán', '354f1b13-17bf-1b52-87d5-ba100c6f7bce', 'MA', 'Máy ảnh', '2023-04-07 00:00:00', '2023-02-26 00:00:00', 12000000, 7, 10, 1200000, 2023, 10, 2023, True, '', '2023-08-09 14:44:43', '', '2023-08-09 14:44:43', 1200000, 10800000),
('22e23e4b-236f-47d1-9076-eb9b7f721b85', 'TS00020', 'Màn hình HP 22"', NULL, NULL, NULL, '142cb08f-7c31-21fa-8e90-67245e8b283e', 'TK', 'Phòng thư ký', '3700cc49-55b5-69ea-4929-a2925c0f334d', 'MH', 'Màn hình', '2022-04-05 00:00:00', '2022-04-02 00:00:00', 4500000, 4, 16.67, 750000, 2023, 6, 2022, True, '', '2023-08-09 14:44:43', '', '2023-08-09 14:44:43', 1500000, 3000000),
('23395856-0254-428b-9034-6fc5ca1dfd67', 'TS00262', 'Fujifilm GFX 50R', NULL, NULL, NULL, '11452b0c-768e-5ff7-0d63-eeb1d8ed8cef', 'HCKT', 'Phòng hành chính kế toán', '354f1b13-17bf-1b52-87d5-ba100c6f7bce', 'MA', 'Máy ảnh', '2023-07-22 00:00:00', '2023-06-14 00:00:00', 40000000, 2, 25, 10000000, 2023, 4, 2023, True, '', '2023-08-09 14:44:43', '', '2023-08-09 14:44:43', 10000000, 30000000),
('233ee1ff-e7a0-439f-a0d7-6c7608a3ec5e', 'TS00030', 'Màn hình BenQ 24"', NULL, NULL, NULL, '2bbbd485-6df2-536a-7e32-6a1673ffca7c', 'TCTH', 'Phòng tài chính tổng hợp', '3700cc49-55b5-69ea-4929-a2925c0f334d', 'MH', 'Màn hình', '2023-07-18 00:00:00', '2023-06-30 00:00:00', 4500000, 10, 10, 450000, 2023, 10, 2023, True, '', '2023-08-09 14:44:43', '', '2023-08-09 14:44:43', 450000, 4050000),
('239acb2f-93bc-4ca6-9285-a398273a0f64', 'TS00071', 'Apple MacBook Air', NULL, NULL, NULL, '2bbbd485-6df2-536a-7e32-6a1673ffca7c', 'TCTH', 'Phòng tài chính tổng hợp', '148ed882-32b8-218e-9c20-39c2f00615e8', 'MTXT', 'Máy tính xách tay', '2022-11-15 00:00:00', '2022-08-29 00:00:00', 25000000, 9, 10, 2500000, 2023, 10, 2022, True, '', '2023-08-09 14:44:43', '', '2023-08-09 14:44:43', 5000000, 20000000),
('2445db88-7130-42a6-bc2f-3f4e427f18bb', 'TS00066', 'Samsung 24 Monitor', NULL, NULL, NULL, '768f8e64-7d10-20c9-967d-e8c757976496', 'KT', 'Phòng kỹ thuật', '3700cc49-55b5-69ea-4929-a2925c0f334d', 'MH', 'Màn hình', '2023-04-18 00:00:00', '2023-02-18 00:00:00', 2500000, 3, 9.09, 227273, 2023, 11, 2023, True, '', '2023-08-09 14:44:43', '', '2023-08-09 14:44:43', 227273, 2272727),
('24745d69-4a76-468c-bead-94d0cc1af518', 'TS00297', 'Samsung Galaxy S22', NULL, NULL, NULL, '469b3ece-744a-45d5-957d-e8c757976496', 'NC', 'Phòng nghiên cứu', '25c6c36e-1668-7d10-6e09-bf1378b8dc91', 'ĐT', 'Điện thoại', '2023-07-21 00:00:00', '2023-03-20 00:00:00', 22500000, 1, 16.67, 3750000, 2023, 6, 2023, True, '', '2023-08-09 14:44:43', '', '2023-08-09 14:44:43', 3750000, 18750000),
('24750522-533c-48f3-8c01-39a4f123a45b', 'TS00397', 'OnePlus 11', NULL, NULL, NULL, '469b3ece-744a-45d5-957d-e8c757976496', 'NC', 'Phòng nghiên cứu', '25c6c36e-1668-7d10-6e09-bf1378b8dc91', 'ĐT', 'Điện thoại', '2023-06-21 00:00:00', '2023-03-13 00:00:00', 22000000, 1, 16.67, 3666667, 2023, 6, 2023, True, '', '2023-08-09 14:44:43', '', '2023-08-09 14:44:43', 3666667, 18333333),
('249182c3-0a1c-4c92-8cd4-b67655143cc4', 'TS00169', 'Samsung Galaxy Buds Pro', NULL, NULL, NULL, '7686595d-16d5-33b3-0080-e8e2a817c80e', 'CNTT', 'Phòng công nghệ thông tin', '09cfb0c0-3625-11ee-a2e3-d45d64601179', 'TN', 'Tai nghe\r\n', '2023-04-16 00:00:00', '2022-05-31 00:00:00', 2500000, 4, 8.33, 208333, 2023, 12, 2023, True, '', '2023-08-09 14:44:43', '', '2023-08-09 14:44:43', 208333, 2291667),
('25125a8f-0efe-4999-aad8-204970127bec', 'TS00263', 'Xerox Phaser 3260', NULL, NULL, NULL, '142cb08f-7c31-21fa-8e90-67245e8b283e', 'TK', 'Phòng thư ký', '3e9ce051-3625-11ee-a2e3-d45d64601179', 'MI', 'Máy in', '2022-08-02 00:00:00', '2022-03-07 00:00:00', 10000000, 8, 10, 1000000, 2023, 10, 2022, True, '', '2023-08-09 14:44:43', '', '2023-08-09 14:44:43', 2000000, 8000000),
('25e51497-2d41-465d-8efa-97b48fcbd73f', 'TS00055', 'Logitech Wireless Mouse', NULL, NULL, NULL, '11452b0c-768e-5ff7-0d63-eeb1d8ed8cef', 'HCKT', 'Phòng hành chính kế toán', 'dd23336c-3624-11ee-a2e3-d45d64601179', 'CMT', 'Chuột máy tính\r\n', '2022-11-23 00:00:00', '2022-10-30 00:00:00', 250000, 7, 7.69, 19231, 2023, 13, 2022, True, '', '2023-08-09 14:44:43', '', '2023-08-09 14:44:43', 38462, 211538),
('27eba067-4b31-44ca-ab3c-229b0456d9ae', 'TS00201', 'Dell Inspiron 15', NULL, NULL, NULL, '11452b0c-768e-5ff7-0d63-eeb1d8ed8cef', 'HCKT', 'Phòng hành chính kế toán', '148ed882-32b8-218e-9c20-39c2f00615e8', 'MTXT', 'Máy tính xách tay', '2023-06-11 00:00:00', '2023-03-11 00:00:00', 16000000, 10, 9.09, 1454545, 2023, 11, 2023, True, '', '2023-08-09 14:44:43', '', '2023-08-09 14:44:43', 1454545, 14545455),
('28fe0dfb-8382-48a3-9f6c-787f5caaebb5', 'TS00259', 'Corsair Dark Core RGB', NULL, NULL, NULL, '7686595d-16d5-33b3-0080-e8e2a817c80e', 'CNTT', 'Phòng công nghệ thông tin', 'dd23336c-3624-11ee-a2e3-d45d64601179', 'CMT', 'Chuột máy tính\r\n', '2022-11-10 00:00:00', '2022-08-10 00:00:00', 1800000, 3, 9.09, 163636, 2023, 11, 2022, True, '', '2023-08-09 14:44:43', '', '2023-08-09 14:44:43', 327273, 1472727),
('29989058-3a74-4bda-a297-84976ad4ff76', 'TS00288', 'ViewSonic 32" Monitor', NULL, NULL, NULL, '469b3ece-744a-45d5-957d-e8c757976496', 'NC', 'Phòng nghiên cứu', '3700cc49-55b5-69ea-4929-a2925c0f334d', 'MH', 'Màn hình', '2023-05-05 00:00:00', '2022-01-18 00:00:00', 10000000, 1, 8.33, 833333, 2023, 12, 2023, True, '', '2023-08-09 14:44:43', '', '2023-08-09 14:44:43', 833333, 9166667),
('2ab4b40d-6c0b-4d94-8429-f3cf0b390808', 'TS00232', 'Panasonic Lumix GH5', NULL, NULL, NULL, '7686595d-16d5-33b3-0080-e8e2a817c80e', 'CNTT', 'Phòng công nghệ thông tin', '354f1b13-17bf-1b52-87d5-ba100c6f7bce', 'MA', 'Máy ảnh', '2022-12-22 00:00:00', '2022-08-23 00:00:00', 26000000, 6, 6.67, 1733333, 2023, 15, 2022, True, '', '2023-08-09 14:44:43', '', '2023-08-09 14:44:43', 3466667, 22533333),
('2ae07819-6ea9-4573-9723-d3fded9ecc0f', 'TS00068', 'SteelSeries Arctis 7', NULL, NULL, NULL, '4577565a-7e3e-493a-74dd-867949feb8b5', 'CSKH', 'Phòng chăm sóc khách hàng', '09cfb0c0-3625-11ee-a2e3-d45d64601179', 'TN', 'Tai nghe\r\n', '2022-06-21 00:00:00', '2022-04-17 00:00:00', 2000000, 4, 14.29, 285714, 2023, 7, 2022, True, '', '2023-08-09 14:44:43', '', '2023-08-09 14:44:43', 571429, 1428571),
('2bf0f4eb-4ab8-4bbe-aaf6-62a2e952f194', 'TS00133', 'Asus TUF Gaming Laptop', NULL, NULL, NULL, '17120d02-6ab5-3e43-18cb-66948daf6128', 'HR', 'Phòng nhân sự', '148ed882-32b8-218e-9c20-39c2f00615e8', 'MTXT', 'Máy tính xách tay', '2023-04-16 00:00:00', '2023-04-07 00:00:00', 20000000, 4, 12.5, 2500000, 2023, 8, 2023, True, '', '2023-08-09 14:44:43', '', '2023-08-09 14:44:43', 2500000, 17500000),
('2c267123-6e3a-4f3c-abab-cd5d4fec3760', 'TS00270', 'Samsung 28" Monitor', NULL, NULL, NULL, '142cb08f-7c31-21fa-8e90-67245e8b283e', 'TK', 'Phòng thư ký', '3700cc49-55b5-69ea-4929-a2925c0f334d', 'MH', 'Màn hình', '2023-01-03 00:00:00', '2022-07-07 00:00:00', 8500000, 4, 16.67, 1416667, 2023, 6, 2023, True, '', '2023-08-09 14:44:43', '', '2023-08-09 14:44:43', 1416667, 7083333),
('2c2b828a-7e0c-45fd-a3a9-3c946ca78c72', 'TS00312', 'Apple Magic Mouse 2', NULL, NULL, NULL, '11452b0c-768e-5ff7-0d63-eeb1d8ed8cef', 'HCKT', 'Phòng hành chính kế toán', 'dd23336c-3624-11ee-a2e3-d45d64601179', 'CMT', 'Chuột máy tính\r\n', '2023-07-09 00:00:00', '2023-05-23 00:00:00', 2050000, 2, 25, 512500, 2023, 4, 2023, True, '', '2023-08-09 14:44:43', '', '2023-08-09 14:44:43', 512500, 1537500),
('2cacf797-6a0e-437e-9f36-ff0fbc8d2340', 'TS00351', 'Olympus OM-D E-M5 Mark III', NULL, NULL, NULL, '11452b0c-768e-5ff7-0d63-eeb1d8ed8cef', 'HCKT', 'Phòng hành chính kế toán', '354f1b13-17bf-1b52-87d5-ba100c6f7bce', 'MA', 'Máy ảnh', '2023-03-17 00:00:00', '2022-11-29 00:00:00', 23000000, 10, 9.09, 2090909, 2023, 11, 2023, True, '', '2023-08-09 14:44:43', '', '2023-08-09 14:44:43', 2090909, 20909091),
('2d743c43-e460-4306-9639-f5e5afd36ece', 'TS00375', 'Nikon D3700', NULL, NULL, NULL, '7686595d-16d5-33b3-0080-e8e2a817c80e', 'CNTT', 'Phòng công nghệ thông tin', '354f1b13-17bf-1b52-87d5-ba100c6f7bce', 'MA', 'Máy ảnh', '2023-05-30 00:00:00', '2023-02-20 00:00:00', 15000000, 6, 9.09, 1363636, 2023, 11, 2023, True, '', '2023-08-09 14:44:43', '', '2023-08-09 14:44:43', 1363636, 13636364),
('2db949ec-113c-4314-aece-3ebb24973508', 'TS00342', 'HyperX Pulsefire FPS Pro RGB', NULL, NULL, NULL, '59d19422-6657-452e-a7db-e5d54223c257', 'KDTT', 'Phòng kinh doanh và tiếp thị', 'dd23336c-3624-11ee-a2e3-d45d64601179', 'CMT', 'Chuột máy tính\r\n', '2023-02-07 00:00:00', '2022-10-25 00:00:00', 1150000, 2, 8.33, 95833, 2023, 12, 2023, True, '', '2023-08-09 14:44:43', '', '2023-08-09 14:44:43', 95833, 1054167),
('2e09fa07-1cd7-4ea9-9031-b905688c8c8e', 'TS00176', 'Apple MacBook Air', NULL, NULL, NULL, '768f8e64-7d10-20c9-967d-e8c757976496', 'KT', 'Phòng kỹ thuật', '148ed882-32b8-218e-9c20-39c2f00615e8', 'MTXT', 'Máy tính xách tay', '2023-07-30 00:00:00', '2023-07-30 00:00:00', 20000000, 8, 6.67, 1333333, 2023, 15, 2023, True, '', '2023-08-09 14:44:43', '', '2023-08-09 14:44:43', 1333333, 18666667),
('2f0f6368-e7c6-4ace-9fb0-dba54483f132', 'TS00213', 'Logitech K120', NULL, NULL, NULL, '142cb08f-7c31-21fa-8e90-67245e8b283e', 'TK', 'Phòng thư ký', 'fa18577f-3624-11ee-a2e3-d45d64601179', 'BP', 'Bàn phím', '2023-02-26 00:00:00', '2022-01-27 00:00:00', 300000, 8, 10, 30000, 2023, 10, 2023, True, '', '2023-08-09 14:44:43', '', '2023-08-09 14:44:43', 30000, 270000),
('2fd042e9-ed54-4dd0-b245-4bdd306e7b07', 'TS00267', 'Sony Xperia 1 III', NULL, NULL, NULL, '2bbbd485-6df2-536a-7e32-6a1673ffca7c', 'TCTH', 'Phòng tài chính tổng hợp', '25c6c36e-1668-7d10-6e09-bf1378b8dc91', 'ĐT', 'Điện thoại', '2023-05-06 00:00:00', '2022-07-12 00:00:00', 25000000, 8, 11.11, 2777778, 2023, 9, 2023, True, '', '2023-08-09 14:44:43', '', '2023-08-09 14:44:43', 2777778, 22222222),
('304d8e53-d43c-4c74-895d-7fb55e810753', 'TS00313', 'Apple MacBook Pro', NULL, NULL, NULL, '142cb08f-7c31-21fa-8e90-67245e8b283e', 'TK', 'Phòng thư ký', '148ed882-32b8-218e-9c20-39c2f00615e8', 'MTXT', 'Máy tính xách tay', '2023-06-23 00:00:00', '2022-12-07 00:00:00', 25500000, 8, 10, 2550000, 2023, 10, 2023, True, '', '2023-08-09 14:44:43', '', '2023-08-09 14:44:43', 2550000, 22950000),
('30aa4e0a-9a7b-4ef8-9c76-86f14c603c78', 'TS00220', 'Fujifilm X-T4', NULL, NULL, NULL, '142cb08f-7c31-21fa-8e90-67245e8b283e', 'TK', 'Phòng thư ký', '354f1b13-17bf-1b52-87d5-ba100c6f7bce', 'MA', 'Máy ảnh', '2022-12-10 00:00:00', '2022-11-18 00:00:00', 25000000, 4, 16.67, 4166667, 2023, 6, 2022, True, '', '2023-08-09 14:44:43', '', '2023-08-09 14:44:43', 8333333, 16666667),
('3207e6b1-31b3-4d8d-b2a7-4d64bb9ea231', 'TS00188', 'Asus ZenBook Duo 14', NULL, NULL, NULL, '469b3ece-744a-45d5-957d-e8c757976496', 'NC', 'Phòng nghiên cứu', '148ed882-32b8-218e-9c20-39c2f00615e8', 'MTXT', 'Máy tính xách tay', '2023-01-11 00:00:00', '2022-06-10 00:00:00', 40000000, 1, 8.33, 3333333, 2023, 12, 2023, True, '', '2023-08-09 14:44:43', '', '2023-08-09 14:44:43', 3333333, 36666667),
('32138aee-a06e-4463-967e-46a3ba0c6f01', 'TS00197', 'Razer Thresher Ultimate', NULL, NULL, NULL, '469b3ece-744a-45d5-957d-e8c757976496', 'NC', 'Phòng nghiên cứu', '09cfb0c0-3625-11ee-a2e3-d45d64601179', 'TN', 'Tai nghe\r\n', '2022-12-21 00:00:00', '2022-01-18 00:00:00', 2500000, 1, 16.67, 416667, 2023, 6, 2022, True, '', '2023-08-09 14:44:43', '', '2023-08-09 14:44:43', 833333, 1666667),
('33a2ab78-ed5d-46cc-8197-9f4166cddf90', 'TS00005', 'Màn hình Samsung 27"', NULL, NULL, NULL, '11452b0c-768e-5ff7-0d63-eeb1d8ed8cef', 'HCKT', 'Phòng hành chính kế toán', '3700cc49-55b5-69ea-4929-a2925c0f334d', 'MH', 'Màn hình', '2023-01-03 00:00:00', '2022-12-04 00:00:00', 6750000, 7, 7.69, 519231, 2023, 13, 2023, True, '', '2023-08-09 14:44:43', '', '2023-08-09 14:44:43', 519231, 6230769),
('340da12f-9c91-4eb9-8b08-1d1532d35f46', 'TS00254', 'Asus VivoBook', NULL, NULL, NULL, '142cb08f-7c31-21fa-8e90-67245e8b283e', 'TK', 'Phòng thư ký', '148ed882-32b8-218e-9c20-39c2f00615e8', 'MTXT', 'Máy tính xách tay', '2023-07-28 00:00:00', '2023-07-24 00:00:00', 16000000, 6, 7.69, 1230769, 2023, 13, 2023, True, '', '2023-08-09 14:44:43', '', '2023-08-09 14:44:43', 1230769, 14769231),
('341beb04-bd7c-4548-ac44-d80d0fbc45a4', 'TS00093', 'SteelSeries Arctis 7', NULL, NULL, NULL, '469b3ece-744a-45d5-957d-e8c757976496', 'NC', 'Phòng nghiên cứu', '09cfb0c0-3625-11ee-a2e3-d45d64601179', 'TN', 'Tai nghe\r\n', '2023-05-15 00:00:00', '2023-05-07 00:00:00', 2000000, 9, 7.69, 153846, 2023, 13, 2023, True, '', '2023-08-09 14:44:43', '', '2023-08-09 14:44:43', 153846, 1846154),
('343b1316-b459-4e5a-b1f4-923f26844681', 'TS00198', 'Samsung Galaxy A72', NULL, NULL, NULL, '7686595d-16d5-33b3-0080-e8e2a817c80e', 'CNTT', 'Phòng công nghệ thông tin', '25c6c36e-1668-7d10-6e09-bf1378b8dc91', 'ĐT', 'Điện thoại', '2023-02-09 00:00:00', '2022-04-12 00:00:00', 10000000, 8, 7.14, 714286, 2023, 14, 2023, True, '', '2023-08-09 14:44:43', '', '2023-08-09 14:44:43', 714286, 9285714),
('344b6048-e268-4cce-9a1d-9bc16b68e1ca', 'TS00031', 'Máy tính xách tay Acer Swift', NULL, NULL, NULL, '469b3ece-744a-45d5-957d-e8c757976496', 'NC', 'Phòng nghiên cứu', '148ed882-32b8-218e-9c20-39c2f00615e8', 'MTXT', 'Máy tính xách tay', '2023-06-16 00:00:00', '2023-06-09 00:00:00', 18000000, 7, 7.69, 1384615, 2023, 13, 2023, True, '', '2023-08-09 14:44:43', '', '2023-08-09 14:44:43', 1384615, 16615385),
('34d2aa66-7958-4cf0-b167-70aa563c81ec', 'TS00249', 'Xiaomi Mi 11', NULL, NULL, NULL, '142cb08f-7c31-21fa-8e90-67245e8b283e', 'TK', 'Phòng thư ký', '25c6c36e-1668-7d10-6e09-bf1378b8dc91', 'ĐT', 'Điện thoại', '2022-04-09 00:00:00', '2022-03-27 00:00:00', 17000000, 10, 7.14, 1214286, 2023, 14, 2022, True, '', '2023-08-09 14:44:43', '', '2023-08-09 14:44:43', 2428571, 14571429),
('3694e9d4-136d-43e6-a9c9-d01c57667654', 'TS00237', 'iPhone 12 Pro', NULL, NULL, NULL, '17120d02-6ab5-3e43-18cb-66948daf6128', 'HR', 'Phòng nhân sự', '25c6c36e-1668-7d10-6e09-bf1378b8dc91', 'ĐT', 'Điện thoại', '2022-12-06 00:00:00', '2022-08-21 00:00:00', 20000000, 7, 7.14, 1428571, 2023, 14, 2022, True, '', '2023-08-09 14:44:43', '', '2023-08-09 14:44:43', 2857143, 17142857),
('36fa6b82-5de7-4c49-8c6f-c36b423424bc', 'TS00271', 'Razer Basilisk X', NULL, NULL, NULL, '2bbbd485-6df2-536a-7e32-6a1673ffca7c', 'TCTH', 'Phòng tài chính tổng hợp', 'dd23336c-3624-11ee-a2e3-d45d64601179', 'CMT', 'Chuột máy tính\r\n', '2023-05-03 00:00:00', '2022-01-08 00:00:00', 1700000, 9, 10, 170000, 2023, 10, 2023, NULL, NULL, NULL, '', '2023-11-16 11:34:01', 0, 1700000),
('37b9d66a-5afb-458d-bac6-22b2ea52f09a', 'TS00279', 'OnePlus 8T', NULL, NULL, NULL, '59d19422-6657-452e-a7db-e5d54223c257', 'KDTT', 'Phòng kinh doanh và tiếp thị', '25c6c36e-1668-7d10-6e09-bf1378b8dc91', 'ĐT', 'Điện thoại', '2023-04-25 00:00:00', '2023-02-02 00:00:00', 13000000, 8, 6.67, 866667, 2023, 15, 2023, True, '', '2023-08-09 14:44:43', '', '2023-08-09 14:44:43', 866667, 12133333),
('38023a31-0a9a-41da-90c4-53d6be61958d', 'TS00359', 'Acer 29" Monitor', NULL, NULL, NULL, '7686595d-16d5-33b3-0080-e8e2a817c80e', 'CNTT', 'Phòng công nghệ thông tin', '3700cc49-55b5-69ea-4929-a2925c0f334d', 'MH', 'Màn hình', '2023-07-31 00:00:00', '2023-05-24 00:00:00', 9100000, 3, 9.09, 827273, 2023, 11, 2023, True, '', '2023-08-09 14:44:43', '', '2023-08-09 14:44:43', 827273, 8272727),
('385b2895-ca2e-4e8e-9c02-942bc3890ef3', 'TS00306', 'Microsoft Sculpt 2', NULL, NULL, NULL, '4e272fc4-7875-78d6-7d32-6a1673ffca7c', 'QL', 'Phòng quản lý', 'dd23336c-3624-11ee-a2e3-d45d64601179', 'CMT', 'Chuột máy tính\r\n', '2022-12-30 00:00:00', '2022-02-21 00:00:00', 810000, 6, 11.11, 90000, 2023, 9, 2022, True, '', '2023-08-09 14:44:43', '', '2023-08-09 14:44:43', 180000, 630000),
('39060933-ac87-4743-8aa1-32b7c7085820', 'TS00258', 'Dell 27" Monitor', NULL, NULL, NULL, '11452b0c-768e-5ff7-0d63-eeb1d8ed8cef', 'HCKT', 'Phòng hành chính kế toán', '3700cc49-55b5-69ea-4929-a2925c0f334d', 'MH', 'Màn hình', '2023-04-24 00:00:00', '2023-03-23 00:00:00', 7500000, 2, 11.11, 833333, 2023, 9, 2023, True, '', '2023-08-09 14:44:43', '', '2023-08-09 14:44:43', 833333, 6666667),
('390923ce-ac54-4985-a34f-5b076e652dd6', 'TS00025', 'Màn hình Acer 27"', NULL, NULL, NULL, '7686595d-16d5-33b3-0080-e8e2a817c80e', 'CNTT', 'Phòng công nghệ thông tin', '3700cc49-55b5-69ea-4929-a2925c0f334d', 'MH', 'Màn hình', '2023-06-22 00:00:00', '2022-09-03 00:00:00', 6750000, 6, 9.09, 613636, 2023, 11, 2023, True, '', '2023-08-09 14:44:43', '', '2023-08-09 14:44:43', 613636, 6136364),
('3a805f98-02ce-415d-a485-90ad504a7b03', 'TS00108', 'Sony Alpha A6400', NULL, NULL, NULL, '11452b0c-768e-5ff7-0d63-eeb1d8ed8cef', 'HCKT', 'Phòng hành chính kế toán', '354f1b13-17bf-1b52-87d5-ba100c6f7bce', 'MA', 'Máy ảnh', '2023-07-01 00:00:00', '2023-01-02 00:00:00', 20000000, 2, 11.11, 2222222, 2023, 9, 2023, True, '', '2023-08-09 14:44:43', '', '2023-08-09 14:44:43', 2222222, 17777778),
('3b25ca51-f2bf-40ab-831b-8ab9fbb202ea', 'TS00251', 'Kyocera ECOSYS P2235dw', NULL, NULL, NULL, '11452b0c-768e-5ff7-0d63-eeb1d8ed8cef', 'HCKT', 'Phòng hành chính kế toán', '3e9ce051-3625-11ee-a2e3-d45d64601179', 'MI', 'Máy in', '2023-07-21 00:00:00', '2022-10-20 00:00:00', 8000000, 10, 9.09, 727273, 2023, 11, 2023, True, '', '2023-08-09 14:44:43', '', '2023-08-09 14:44:43', 727273, 7272727),
('3c059235-62e2-45e6-a741-54cc97980bf8', 'TS00301', 'Razer DeathAdder Elite', NULL, NULL, NULL, '11452b0c-768e-5ff7-0d63-eeb1d8ed8cef', 'HCKT', 'Phòng hành chính kế toán', 'dd23336c-3624-11ee-a2e3-d45d64601179', 'CMT', 'Chuột máy tính\r\n', '2022-08-09 00:00:00', '2022-04-01 00:00:00', 1250000, 10, 9.09, 113636, 2023, 11, 2022, True, '', '2023-08-09 14:44:43', '', '2023-08-09 14:44:43', 227273, 1022727),
('3cffd127-20c9-482a-be46-725efb074478', 'TS00184', 'OnePlus 6T', NULL, NULL, NULL, '17120d02-6ab5-3e43-18cb-66948daf6128', 'HR', 'Phòng nhân sự', '25c6c36e-1668-7d10-6e09-bf1378b8dc91', 'ĐT', 'Điện thoại', '2023-01-01 00:00:00', '2022-09-23 00:00:00', 8000000, 2, 11.11, 888889, 2023, 9, 2023, True, '', '2023-08-09 14:44:43', '', '2023-08-09 14:44:43', 888889, 7111111),
('3d64f43e-1fed-46bc-a177-b43f28a7ad06', 'TS00153', 'Microsoft Surface Pro', NULL, NULL, NULL, '768f8e64-7d10-20c9-967d-e8c757976496', 'KT', 'Phòng kỹ thuật', '148ed882-32b8-218e-9c20-39c2f00615e8', 'MTXT', 'Máy tính xách tay', '2022-09-15 00:00:00', '2022-09-02 00:00:00', 20000000, 4, 16.67, 3333333, 2023, 6, 2022, True, '', '2023-08-09 14:44:43', '', '2023-08-09 14:44:43', 6666667, 13333333),
('3eb2390d-db9b-4a96-abfa-62e7f4b6076b', 'TS00113', 'HP EliteDisplay E243', NULL, NULL, NULL, '7686595d-16d5-33b3-0080-e8e2a817c80e', 'CNTT', 'Phòng công nghệ thông tin', '3700cc49-55b5-69ea-4929-a2925c0f334d', 'MH', 'Màn hình', '2023-06-05 00:00:00', '2023-06-03 00:00:00', 3500000, 8, 10, 350000, 2023, 10, 2023, NULL, NULL, NULL, '', '2023-11-16 11:33:53', 0, 3500000),
('3f22059d-5b47-4fdc-af10-971a27b45d1c', 'TS00209', 'Nikon D3500', NULL, NULL, NULL, '7686595d-16d5-33b3-0080-e8e2a817c80e', 'CNTT', 'Phòng công nghệ thông tin', '354f1b13-17bf-1b52-87d5-ba100c6f7bce', 'MA', 'Máy ảnh', '2023-04-16 00:00:00', '2022-05-08 00:00:00', 14000000, 3, 9.09, 1272727, 2023, 11, 2023, True, '', '2023-08-09 14:44:43', '', '2023-08-09 14:44:43', 1272727, 12727273),
('3f9dd4c2-a60e-47c7-923e-2fde0b6fbe59', 'TS00126', 'Logitech G Pro X Superlight', NULL, NULL, NULL, '768f8e64-7d10-20c9-967d-e8c757976496', 'KT', 'Phòng kỹ thuật', 'dd23336c-3624-11ee-a2e3-d45d64601179', 'CMT', 'Chuột máy tính\r\n', '2023-04-15 00:00:00', '2022-01-10 00:00:00', 2000000, 8, 6.67, 133333, 2023, 15, 2023, True, '', '2023-08-09 14:44:43', '', '2023-08-09 14:44:43', 133333, 1866667),
('3fa6bead-2f4a-473d-80a6-04311b8b13f5', 'TS00348', 'Corsair Dark Core RGB Pro', NULL, NULL, NULL, '7686595d-16d5-33b3-0080-e8e2a817c80e', 'CNTT', 'Phòng công nghệ thông tin', 'dd23336c-3624-11ee-a2e3-d45d64601179', 'CMT', 'Chuột máy tính\r\n', '2023-05-05 00:00:00', '2023-03-26 00:00:00', 1850000, 8, 7.14, 132143, 2023, 14, 2023, True, '', '2023-08-09 14:44:43', '', '2023-08-09 14:44:43', 132143, 1717857),
('3fec66ee-c6e2-4a7b-9a31-72642db927e3', 'TS00010', 'Màn hình LG 32"', NULL, NULL, NULL, '17120d02-6ab5-3e43-18cb-66948daf6128', 'HR', 'Phòng nhân sự', '3700cc49-55b5-69ea-4929-a2925c0f334d', 'MH', 'Màn hình', '2022-12-23 00:00:00', '2022-05-22 00:00:00', 9000000, 4, 12.5, 1125000, 2023, 8, 2022, True, '', '2023-08-09 14:44:43', '', '2023-08-09 14:44:43', 2250000, 6750000),
('3ff5a6fd-9b70-4a4c-b226-1f504c31f1bf', 'TS00303', 'Sony WH-1000XM5', NULL, NULL, NULL, '768f8e64-7d10-20c9-967d-e8c757976496', 'KT', 'Phòng kỹ thuật', '09cfb0c0-3625-11ee-a2e3-d45d64601179', 'TN', 'Tai nghe\r\n', '2023-01-25 00:00:00', '2022-09-01 00:00:00', 3550000, 4, 16.67, 591667, 2023, 6, 2023, True, '', '2023-08-09 14:44:43', '', '2023-08-09 14:44:43', 591667, 2958333),
('408e3c30-c577-4cae-9343-0c29a2c99c39', 'TS00106', 'Razer BlackWidow', NULL, NULL, NULL, '4e272fc4-7875-78d6-7d32-6a1673ffca7c', 'QL', 'Phòng quản lý', 'fa18577f-3624-11ee-a2e3-d45d64601179', 'BP', 'Bàn phím', '2023-07-21 00:00:00', '2023-07-08 00:00:00', 1500000, 6, 11.11, 166667, 2023, 9, 2023, NULL, NULL, NULL, '', '2023-11-16 11:41:17', 0, 1500000),
('409ea3ec-3491-4abc-94a5-7115a58c75fa', 'TS00318', 'Corsair Harpoon RGB', NULL, NULL, NULL, '4577565a-7e3e-493a-74dd-867949feb8b5', 'CSKH', 'Phòng chăm sóc khách hàng', 'dd23336c-3624-11ee-a2e3-d45d64601179', 'CMT', 'Chuột máy tính\r\n', '2023-07-08 00:00:00', '2022-10-20 00:00:00', 910000, 4, 14.29, 130000, 2023, 7, 2023, True, '', '2023-08-09 14:44:43', '', '2023-08-09 14:44:43', 130000, 780000),
('40de64c5-bf78-4881-836c-1d0455a26289', 'TS00103', 'Microsoft Surface Pro', NULL, NULL, NULL, '768f8e64-7d10-20c9-967d-e8c757976496', 'KT', 'Phòng kỹ thuật', '148ed882-32b8-218e-9c20-39c2f00615e8', 'MTXT', 'Máy tính xách tay', '2023-07-24 00:00:00', '2023-03-10 00:00:00', 20000000, 4, 16.67, 3333333, 2023, 6, 2023, True, '', '2023-08-09 14:44:43', '', '2023-08-09 14:44:43', 3333333, 16666667),
('4325ad85-8484-473a-ab5e-4df40e0cb308', 'TS00396', 'Lenovo ThinkPad X1', NULL, NULL, NULL, '7686595d-16d5-33b3-0080-e8e2a817c80e', 'CNTT', 'Phòng công nghệ thông tin', '148ed882-32b8-218e-9c20-39c2f00615e8', 'MTXT', 'Máy tính xách tay', '2023-03-10 00:00:00', '2022-04-03 00:00:00', 21000000, 3, 9.09, 1909091, 2023, 11, 2023, True, '', '2023-08-09 14:44:43', '', '2023-08-09 14:44:43', 1909091, 19090909),
('43616e62-bc5f-4ea3-bd65-d7a0cbb2c05d', 'TS00374', 'Samsung Galaxy S23', NULL, NULL, NULL, '4577565a-7e3e-493a-74dd-867949feb8b5', 'CSKH', 'Phòng chăm sóc khách hàng', '25c6c36e-1668-7d10-6e09-bf1378b8dc91', 'ĐT', 'Điện thoại', '2022-10-28 00:00:00', '2022-10-20 00:00:00', 23000000, 1, 8.33, 1916667, 2023, 12, 2022, True, '', '2023-08-09 14:44:43', '', '2023-08-09 14:44:43', 3833333, 19166667),
('43e45e33-7328-4ee5-b61f-e258a1ec3ed2', 'TS00295', 'Samsung 25" Monitor', NULL, NULL, NULL, '4e272fc4-7875-78d6-7d32-6a1673ffca7c', 'QL', 'Phòng quản lý', '3700cc49-55b5-69ea-4929-a2925c0f334d', 'MH', 'Màn hình', '2023-03-16 00:00:00', '2022-02-06 00:00:00', 4100000, 3, 8.33, 341667, 2023, 12, 2023, True, '', '2023-08-09 14:44:43', '', '2023-08-09 14:44:43', 341667, 3758333),
('440669ee-fa4b-473d-972e-df4131f0cf98', 'TS00166', 'Nikon D5600', NULL, NULL, NULL, '768f8e64-7d10-20c9-967d-e8c757976496', 'KT', 'Phòng kỹ thuật', '354f1b13-17bf-1b52-87d5-ba100c6f7bce', 'MA', 'Máy ảnh', '2022-12-07 00:00:00', '2022-11-04 00:00:00', 15000000, 3, 9.09, 1363636, 2023, 11, 2022, True, '', '2023-08-09 14:44:43', '', '2023-08-09 14:44:43', 2727273, 12272727),
('441a85b5-32b9-4638-bd66-62aa3ad95e49', 'TS00389', 'Apple Magic Mouse 3', NULL, NULL, NULL, '142cb08f-7c31-21fa-8e90-67245e8b283e', 'TK', 'Phòng thư ký', 'dd23336c-3624-11ee-a2e3-d45d64601179', 'CMT', 'Chuột máy tính\r\n', '2023-07-05 00:00:00', '2023-06-12 00:00:00', 2100000, 2, 6.67, 140000, 2023, 15, 2023, True, '', '2023-08-09 14:44:43', '', '2023-08-09 14:44:43', 140000, 1960000),
('459d0afd-4e67-4565-b339-c06e15f18771', 'TS00164', 'Logitech G Pro Wireless', NULL, NULL, NULL, '768f8e64-7d10-20c9-967d-e8c757976496', 'KT', 'Phòng kỹ thuật', 'dd23336c-3624-11ee-a2e3-d45d64601179', 'CMT', 'Chuột máy tính\r\n', '2023-06-29 00:00:00', '2023-05-11 00:00:00', 1500000, 5, 10, 150000, 2023, 10, 2023, True, '', '2023-08-09 14:44:43', '', '2023-08-09 14:44:43', 150000, 1350000),
('46674f85-0431-4378-aef6-9833de073ab0', 'TS00211', 'Acer 27" Monitor', NULL, NULL, NULL, '768f8e64-7d10-20c9-967d-e8c757976496', 'KT', 'Phòng kỹ thuật', '3700cc49-55b5-69ea-4929-a2925c0f334d', 'MH', 'Màn hình', '2023-05-12 00:00:00', '2022-05-21 00:00:00', 5000000, 9, 7.14, 357143, 2023, 14, 2023, True, '', '2023-08-09 14:44:43', '', '2023-08-09 14:44:43', 357143, 4642857),
('46698861-568f-4c0c-87c4-33e7c0d06361', 'TS00328', 'Samsung Xpress M2021W', NULL, NULL, NULL, '11452b0c-768e-5ff7-0d63-eeb1d8ed8cef', 'HCKT', 'Phòng hành chính kế toán', '3e9ce051-3625-11ee-a2e3-d45d64601179', 'MI', 'Máy in', '2023-07-09 00:00:00', '2023-01-30 00:00:00', 6050000, 7, 10, 605000, 2023, 10, 2023, True, '', '2023-08-09 14:44:43', '', '2023-08-09 14:44:43', 605000, 5445000),
('46893db9-5c78-4ed8-922d-f6113d2370a0', 'TS00134', 'Bose SoundLink Revolve', NULL, NULL, NULL, '17120d02-6ab5-3e43-18cb-66948daf6128', 'HR', 'Phòng nhân sự', '09cfb0c0-3625-11ee-a2e3-d45d64601179', 'TN', 'Tai nghe\r\n', '2023-05-30 00:00:00', '2023-05-28 00:00:00', 4500000, 2, 11.11, 500000, 2023, 9, 2023, True, '', '2023-08-09 14:44:43', '', '2023-08-09 14:44:43', 500000, 4000000),
('46fcbac2-ee5e-447b-8841-50787918ffba', 'TS00240', 'HP 22" Monitor', NULL, NULL, NULL, '2bbbd485-6df2-536a-7e32-6a1673ffca7c', 'TCTH', 'Phòng tài chính tổng hợp', '3700cc49-55b5-69ea-4929-a2925c0f334d', 'MH', 'Màn hình', '2023-04-25 00:00:00', '2022-07-07 00:00:00', 3500000, 4, 25, 875000, 2023, 4, 2023, True, '', '2023-08-09 14:44:43', '', '2023-08-09 14:44:43', 875000, 2625000),
('478b9a68-7e7d-493b-8ca9-9d42c88fec4a', 'TS00177', 'Bose QuietControl 30', NULL, NULL, NULL, '469b3ece-744a-45d5-957d-e8c757976496', 'NC', 'Phòng nghiên cứu', '09cfb0c0-3625-11ee-a2e3-d45d64601179', 'TN', 'Tai nghe\r\n', '2023-02-22 00:00:00', '2022-10-13 00:00:00', 4000000, 2, 16.67, 666667, 2023, 6, 2023, True, '', '2023-08-09 14:44:43', '', '2023-08-09 14:44:43', 666667, 3333333),
('48a347aa-f2a4-4b75-9e0f-39b00dedce6c', 'TS00362', 'Motorola Edge Plus', NULL, NULL, NULL, '11452b0c-768e-5ff7-0d63-eeb1d8ed8cef', 'HCKT', 'Phòng hành chính kế toán', '25c6c36e-1668-7d10-6e09-bf1378b8dc91', 'ĐT', 'Điện thoại', '2022-11-27 00:00:00', '2022-07-11 00:00:00', 12500000, 2, 25, 3125000, 2023, 4, 2022, True, '', '2023-08-09 14:44:43', '', '2023-08-09 14:44:43', 6250000, 6250000),
('48f41e68-e5a6-4d67-90fd-de9cd0a5f599', 'TS00168', 'Razer Huntsman', NULL, NULL, NULL, '4577565a-7e3e-493a-74dd-867949feb8b5', 'CSKH', 'Phòng chăm sóc khách hàng', 'fa18577f-3624-11ee-a2e3-d45d64601179', 'BP', 'Bàn phím', '2023-07-25 00:00:00', '2023-07-06 00:00:00', 2000000, 4, 14.29, 285714, 2023, 7, 2023, True, '', '2023-08-09 14:44:43', '', '2023-08-09 14:44:43', 285714, 1714286),
('497bd1dd-9560-4b76-aeb6-abb404a0a0e1', 'TS00084', 'Canon PIXMA MG2522', NULL, NULL, NULL, '17120d02-6ab5-3e43-18cb-66948daf6128', 'HR', 'Phòng nhân sự', '3e9ce051-3625-11ee-a2e3-d45d64601179', 'MI', 'Máy in', '2023-03-22 00:00:00', '2022-11-10 00:00:00', 1500000, 2, 11.11, 166667, 2023, 9, 2023, True, '', '2023-08-09 14:44:43', '', '2023-08-09 14:44:43', 166667, 1333333),
('4aa82fdf-2690-4fd3-82d9-d7a1d1baba8e', 'TS00050', 'Màn hình AOC 27"', NULL, NULL, NULL, '4e272fc4-7875-78d6-7d32-6a1673ffca7c', 'QL', 'Phòng quản lý', '3700cc49-55b5-69ea-4929-a2925c0f334d', 'MH', 'Màn hình', '2022-08-22 00:00:00', '2022-03-14 00:00:00', 6750000, 9, 11.11, 750000, 2023, 9, 2022, True, '', '2023-08-09 14:44:43', '', '2023-08-09 14:44:43', 1500000, 5250000),
('4ada4c5f-e207-4b6e-8ae0-503f1888dfe9', 'TS00128', 'Nikon D780', NULL, NULL, NULL, '11452b0c-768e-5ff7-0d63-eeb1d8ed8cef', 'HCKT', 'Phòng hành chính kế toán', '354f1b13-17bf-1b52-87d5-ba100c6f7bce', 'MA', 'Máy ảnh', '2022-03-30 00:00:00', '2022-03-11 00:00:00', 45000000, 7, 10, 4500000, 2023, 10, 2022, True, '', '2023-08-09 14:44:43', '', '2023-08-09 14:44:43', 9000000, 36000000),
('4af86b56-174a-4fcb-ab4b-bd99ee554963', 'TS00204', 'HP LaserJet Pro M404n', NULL, NULL, NULL, '142cb08f-7c31-21fa-8e90-67245e8b283e', 'TK', 'Phòng thư ký', '3e9ce051-3625-11ee-a2e3-d45d64601179', 'MI', 'Máy in', '2023-07-28 00:00:00', '2023-07-05 00:00:00', 7000000, 6, 7.69, 538462, 2023, 13, 2023, True, '', '2023-08-09 14:44:43', '', '2023-08-09 14:44:43', 538462, 6461538),
('4be2821d-c831-41f1-b304-3d9da41b2fd4', 'TS00371', 'Logitech G504', NULL, NULL, NULL, '2bbbd485-6df2-536a-7e32-6a1673ffca7c', 'TCTH', 'Phòng tài chính tổng hợp', 'dd23336c-3624-11ee-a2e3-d45d64601179', 'CMT', 'Chuột máy tính\r\n', '2022-05-23 00:00:00', '2022-05-04 00:00:00', 1600000, 9, 10, 160000, 2023, 10, 2022, True, '', '2023-08-09 14:44:43', '', '2023-08-09 14:44:43', 320000, 1280000),
('4c093435-e913-4542-84a4-dbd2b3ab1aa5', 'TS00038', 'Điện thoại Sony Xperia 5', NULL, NULL, NULL, '469b3ece-744a-45d5-957d-e8c757976496', 'NC', 'Phòng nghiên cứu', '25c6c36e-1668-7d10-6e09-bf1378b8dc91', 'ĐT', 'Điện thoại', '2022-11-01 00:00:00', '2022-06-28 00:00:00', 13500000, 1, 8.33, 1125000, 2023, 12, 2022, True, '', '2023-08-09 14:44:43', '', '2023-08-09 14:44:43', 2250000, 11250000),
('4c201ebe-cae7-4018-9508-e0443b777b85', 'TS00099', 'Dell XPS 13', NULL, NULL, NULL, '142cb08f-7c31-21fa-8e90-67245e8b283e', 'TK', 'Phòng thư ký', '148ed882-32b8-218e-9c20-39c2f00615e8', 'MTXT', 'Máy tính xách tay', '2023-06-03 00:00:00', '2022-07-19 00:00:00', 30000000, 10, 7.14, 2142857, 2023, 14, 2023, True, '', '2023-08-09 14:44:43', '', '2023-08-09 14:44:43', 2142857, 27857143),
('4c4a0466-5ab7-4c74-9c82-c2a00c569a1e', 'TS00319', 'Lenovo ThinkPad 2', NULL, NULL, NULL, '7686595d-16d5-33b3-0080-e8e2a817c80e', 'CNTT', 'Phòng công nghệ thông tin', '148ed882-32b8-218e-9c20-39c2f00615e8', 'MTXT', 'Máy tính xách tay', '2023-06-16 00:00:00', '2022-07-25 00:00:00', 20500000, 4, 8.33, 1708333, 2023, 12, 2023, True, '', '2023-08-09 14:44:43', '', '2023-08-09 14:44:43', 1708333, 18791667),
('4ca9148c-decc-4aa6-ada4-bbd60aa88595', 'TS00242', 'Microsoft Surface Laptop', NULL, NULL, NULL, '59d19422-6657-452e-a7db-e5d54223c257', 'KDTT', 'Phòng kinh doanh và tiếp thị', '148ed882-32b8-218e-9c20-39c2f00615e8', 'MTXT', 'Máy tính xách tay', '2023-07-17 00:00:00', '2023-06-07 00:00:00', 23000000, 2, 8.33, 1916667, 2023, 12, 2023, True, '', '2023-08-09 14:44:43', '', '2023-08-09 14:44:43', 1916667, 21083333),
('4d7190d1-ec51-4f8f-8268-9dc3f7f22a6a', 'TS00191', 'Dell Inspiron 14 7000', NULL, NULL, NULL, '59d19422-6657-452e-a7db-e5d54223c257', 'KDTT', 'Phòng kinh doanh và tiếp thị', '148ed882-32b8-218e-9c20-39c2f00615e8', 'MTXT', 'Máy tính xách tay', '2023-02-12 00:00:00', '2023-01-28 00:00:00', 16000000, 1, 7.69, 1230769, 2023, 13, 2023, True, '', '2023-08-09 14:44:43', '', '2023-08-09 14:44:43', 1230769, 14769231),
('4e8f12be-bcd4-4ee0-8142-eb04a378f758', 'TS00058', 'Acer Aspire 5', NULL, NULL, NULL, '11452b0c-768e-5ff7-0d63-eeb1d8ed8cef', 'HCKT', 'Phòng hành chính kế toán', '148ed882-32b8-218e-9c20-39c2f00615e8', 'MTXT', 'Máy tính xách tay', '2023-03-28 00:00:00', '2022-12-15 00:00:00', 10000000, 2, 11.11, 1111111, 2023, 9, 2023, True, '', '2023-08-09 14:44:43', '', '2023-08-09 14:44:43', 1111111, 8888889),
('4e9043c9-6fc8-400e-a324-1d86889431ed', 'TS00400', 'Asus 36" Monitor', NULL, NULL, NULL, '4e272fc4-7875-78d6-7d32-6a1673ffca7c', 'QL', 'Phòng quản lý', '3700cc49-55b5-69ea-4929-a2925c0f334d', 'MH', 'Màn hình', '2022-08-29 00:00:00', '2022-01-19 00:00:00', 7200000, 9, 11.11, 800000, 2023, 9, 2022, True, '', '2023-08-09 14:44:43', '', '2023-08-09 14:44:43', 1600000, 5600000),
('4f4c1e9f-6b66-4e15-a17f-b320412c5b78', 'TS00393', 'Brother HL-L2390DW', NULL, NULL, NULL, '469b3ece-744a-45d5-957d-e8c757976496', 'NC', 'Phòng nghiên cứu', '3e9ce051-3625-11ee-a2e3-d45d64601179', 'MI', 'Máy in', '2023-01-03 00:00:00', '2022-05-03 00:00:00', 4100000, 9, 7.69, 315385, 2023, 13, 2023, True, '', '2023-08-09 14:44:43', '', '2023-08-09 14:44:43', 315385, 3784615),
('4fc49042-4384-4ca9-93c8-6c41ca7a85bb', 'TS00183', 'Nikon D5', NULL, NULL, NULL, '17120d02-6ab5-3e43-18cb-66948daf6128', 'HR', 'Phòng nhân sự', '354f1b13-17bf-1b52-87d5-ba100c6f7bce', 'MA', 'Máy ảnh', '2023-05-15 00:00:00', '2023-01-29 00:00:00', 100000000, 4, 12.5, 12500000, 2023, 8, 2023, True, '', '2023-08-09 14:44:43', '', '2023-08-09 14:44:43', 12500000, 87500000),
('50538f5d-20e0-4e49-b796-e9cba18e540f', 'TS00098', 'Canon EOS R5', NULL, NULL, NULL, '7686595d-16d5-33b3-0080-e8e2a817c80e', 'CNTT', 'Phòng công nghệ thông tin', '354f1b13-17bf-1b52-87d5-ba100c6f7bce', 'MA', 'Máy ảnh', '2022-05-12 00:00:00', '2022-01-20 00:00:00', 60000000, 8, 7.14, 4285714, 2023, 14, 2022, True, '', '2023-08-09 14:44:43', '', '2023-08-09 14:44:43', 8571429, 51428571),
('527a662c-43fa-4ccd-a17b-dfc327bdc2d8', 'TS00049', 'Máy ảnh Ricoh GR III', NULL, NULL, NULL, '142cb08f-7c31-21fa-8e90-67245e8b283e', 'TK', 'Phòng thư ký', '354f1b13-17bf-1b52-87d5-ba100c6f7bce', 'MA', 'Máy ảnh', '2023-02-03 00:00:00', '2022-11-22 00:00:00', 18000000, 10, 7.14, 1285714, 2023, 14, 2023, True, '', '2023-08-09 14:44:43', '', '2023-08-09 14:44:43', 1285714, 16714286),
('52ba7686-bfff-434e-baab-d3af98c13f21', 'TS00372', 'Samsung 26" Monitor', NULL, NULL, NULL, '768f8e64-7d10-20c9-967d-e8c757976496', 'KT', 'Phòng kỹ thuật', '3700cc49-55b5-69ea-4929-a2925c0f334d', 'MH', 'Màn hình', '2022-10-07 00:00:00', '2022-03-07 00:00:00', 4200000, 4, 16.67, 700000, 2023, 6, 2022, True, '', '2023-08-09 14:44:43', '', '2023-08-09 14:44:43', 1400000, 2800000),
('52d0b34f-497b-4fcb-afcb-0bfb860f44f5', 'TS00074', 'Dell XPS 13', NULL, NULL, NULL, '4577565a-7e3e-493a-74dd-867949feb8b5', 'CSKH', 'Phòng chăm sóc khách hàng', '148ed882-32b8-218e-9c20-39c2f00615e8', 'MTXT', 'Máy tính xách tay', '2023-01-09 00:00:00', '2022-10-02 00:00:00', 30000000, 1, 8.33, 2500000, 2023, 12, 2023, True, '', '2023-08-09 14:44:43', '', '2023-08-09 14:44:43', 2500000, 27500000),
('537915e1-e19f-4189-a794-c450c8c4f554', 'TS00057', 'Sony WH-1000XM4', NULL, NULL, NULL, '142cb08f-7c31-21fa-8e90-67245e8b283e', 'TK', 'Phòng thư ký', '09cfb0c0-3625-11ee-a2e3-d45d64601179', 'TN', 'Tai nghe\r\n', '2022-12-27 00:00:00', '2022-07-01 00:00:00', 4000000, 3, 7.14, 285714, 2023, 14, 2022, True, '', '2023-08-09 14:44:43', '', '2023-08-09 14:44:43', 571429, 3428571),
('55074fa2-12c2-4d79-93d8-1a9ae1fa1205', 'TS00072', 'Bose QuietComfort 35', NULL, NULL, NULL, '768f8e64-7d10-20c9-967d-e8c757976496', 'KT', 'Phòng kỹ thuật', '09cfb0c0-3625-11ee-a2e3-d45d64601179', 'TN', 'Tai nghe\r\n', '2023-01-16 00:00:00', '2022-04-25 00:00:00', 5000000, 4, 16.67, 833333, 2023, 6, 2023, True, '', '2023-08-09 14:44:43', '', '2023-08-09 14:44:43', 833333, 4166667),
('563d9808-579a-46f8-a6a5-23861913a2bc', 'TS00033', 'Điện thoại Nokia 8.3', NULL, NULL, NULL, '17120d02-6ab5-3e43-18cb-66948daf6128', 'HR', 'Phòng nhân sự', '25c6c36e-1668-7d10-6e09-bf1378b8dc91', 'ĐT', 'Điện thoại', '2023-07-08 00:00:00', '2023-03-31 00:00:00', 9000000, 4, 12.5, 1125000, 2023, 8, 2023, True, '', '2023-08-09 14:44:43', '', '2023-08-09 14:44:43', 1125000, 7875000),
('5656362d-41e1-40fc-acc7-8ebb78717ab9', 'TS00403', 'Máy bàn Acer Aspire', NULL, NULL, NULL, '469b3ece-744a-45d5-957d-e8c757976496', 'NC', 'Phòng nghiên cứu', '1b691e79-236d-5b5a-9d20-39c2f00615e8', 'MB', 'Máy bàn', '2022-07-30 00:00:00', '2022-07-26 00:00:00', 13500000, 2, 25, 3375000, 2023, 4, 2022, NULL, NULL, NULL, '', '2023-11-16 11:33:47', 3375000, 10125000),
('571e8ba9-ec64-4edc-a80f-c0952912bfda', 'TS00316', 'Brother HL-L2385DW', NULL, NULL, NULL, '768f8e64-7d10-20c9-967d-e8c757976496', 'KT', 'Phòng kỹ thuật', '3e9ce051-3625-11ee-a2e3-d45d64601179', 'MI', 'Máy in', '2023-07-08 00:00:00', '2022-10-24 00:00:00', 4050000, 3, 9.09, 368182, 2023, 11, 2023, True, '', '2023-08-09 14:44:43', '', '2023-08-09 14:44:43', 368182, 3681818),
('579fdd82-2cf8-44e8-b624-182ac4a6ba26', 'TS00001', 'Máy tính xách tay Dell XPS', NULL, NULL, NULL, '11452b0c-768e-5ff7-0d63-eeb1d8ed8cef', 'HCKT', 'Phòng hành chính kế toán', '148ed882-32b8-218e-9c20-39c2f00615e8', 'MTXT', 'Máy tính xách tay', '2022-03-03 00:00:00', '2022-01-02 00:00:00', 27000000, 10, 9.09, 2454545, 2023, 11, 2022, True, '', '2023-08-09 14:44:43', '', '2023-08-09 14:44:43', 4909091, 22090909),
('587a0235-ff39-45fa-862e-f7bc4b184028', 'TS00282', 'BenQ 32" Monitor', NULL, NULL, NULL, '7686595d-16d5-33b3-0080-e8e2a817c80e', 'CNTT', 'Phòng công nghệ thông tin', '3700cc49-55b5-69ea-4929-a2925c0f334d', 'MH', 'Màn hình', '2023-06-09 00:00:00', '2022-02-09 00:00:00', 9500000, 6, 6.67, 633333, 2023, 15, 2023, NULL, NULL, NULL, '', '2023-11-16 11:41:11', 0, 9500000),
('59d047f9-5260-48e7-8c98-3d0cbc6a4772', 'TS00241', 'Razer Naga X', NULL, NULL, NULL, '59d19422-6657-452e-a7db-e5d54223c257', 'KDTT', 'Phòng kinh doanh và tiếp thị', 'dd23336c-3624-11ee-a2e3-d45d64601179', 'CMT', 'Chuột máy tính\r\n', '2023-06-11 00:00:00', '2023-04-24 00:00:00', 1600000, 1, 7.69, 123077, 2023, 13, 2023, True, '', '2023-08-09 14:44:43', '', '2023-08-09 14:44:43', 123077, 1476923),
('5aa9031b-238d-438b-9a8f-a937208a0dab', 'TS00070', 'Xiaomi Redmi Note 10', NULL, NULL, NULL, '142cb08f-7c31-21fa-8e90-67245e8b283e', 'TK', 'Phòng thư ký', '25c6c36e-1668-7d10-6e09-bf1378b8dc91', 'ĐT', 'Điện thoại', '2023-06-05 00:00:00', '2023-03-02 00:00:00', 4500000, 4, 16.67, 750000, 2023, 6, 2023, True, '', '2023-08-09 14:44:43', '', '2023-08-09 14:44:43', 750000, 3750000),
('5b713aca-36c2-405c-82e9-384d39556822', 'TS00163', 'HP EliteDisplay E243', NULL, NULL, NULL, '142cb08f-7c31-21fa-8e90-67245e8b283e', 'TK', 'Phòng thư ký', '3700cc49-55b5-69ea-4929-a2925c0f334d', 'MH', 'Màn hình', '2023-06-24 00:00:00', '2022-02-25 00:00:00', 3500000, 8, 10, 350000, 2023, 10, 2023, True, '', '2023-08-09 14:44:43', '', '2023-08-09 14:44:43', 350000, 3150000),
('5cad809d-04a9-4063-b683-1c9f932b1547', 'TS00239', 'Samsung Xpress M2020W', NULL, NULL, NULL, '142cb08f-7c31-21fa-8e90-67245e8b283e', 'TK', 'Phòng thư ký', '3e9ce051-3625-11ee-a2e3-d45d64601179', 'MI', 'Máy in', '2023-01-29 00:00:00', '2022-06-18 00:00:00', 6000000, 2, 6.67, 400000, 2023, 15, 2023, True, '', '2023-08-09 14:44:43', '', '2023-08-09 14:44:43', 400000, 5600000),
('5d77f6b5-5464-4597-a75d-23e475274aa2', 'TS00017', 'Máy bàn Lenovo IdeaCentre', NULL, NULL, NULL, '2bbbd485-6df2-536a-7e32-6a1673ffca7c', 'TCTH', 'Phòng tài chính tổng hợp', '1b691e79-236d-5b5a-9d20-39c2f00615e8', 'MB', 'Máy bàn', '2023-03-28 00:00:00', '2023-01-18 00:00:00', 15750000, 8, 11.11, 1750000, 2023, 9, 2023, True, '', '2023-08-09 14:44:43', '', '2023-08-09 14:44:43', 1750000, 14000000),
('5da8a45c-4753-4be1-b4c2-286d81dbf990', 'TS00283', 'HyperX Pulsefire Dart', NULL, NULL, NULL, '17120d02-6ab5-3e43-18cb-66948daf6128', 'HR', 'Phòng nhân sự', 'dd23336c-3624-11ee-a2e3-d45d64601179', 'CMT', 'Chuột máy tính\r\n', '2022-10-06 00:00:00', '2022-04-01 00:00:00', 1400000, 4, 12.5, 175000, 2023, 8, 2022, True, '', '2023-08-09 14:44:43', '', '2023-08-09 14:44:43', 350000, 1050000),
('5e00e4f1-094f-438c-ac2e-6ed1115a265e', 'TS00277', 'SteelSeries Sensei Ten', NULL, NULL, NULL, '469b3ece-744a-45d5-957d-e8c757976496', 'NC', 'Phòng nghiên cứu', 'dd23336c-3624-11ee-a2e3-d45d64601179', 'CMT', 'Chuột máy tính\r\n', '2023-01-17 00:00:00', '2022-07-20 00:00:00', 1500000, 2, 16.67, 250000, 2023, 6, 2023, True, '', '2023-08-09 14:44:43', '', '2023-08-09 14:44:43', 250000, 1250000),
('5e13eb84-3b1c-472d-8825-9b44c2192d36', 'TS00003', 'Điện thoại iPhone 13', NULL, NULL, NULL, '768f8e64-7d10-20c9-967d-e8c757976496', 'KT', 'Phòng kỹ thuật', '25c6c36e-1668-7d10-6e09-bf1378b8dc91', 'ĐT', 'Điện thoại', '2023-06-05 00:00:00', '2022-05-17 00:00:00', 15750000, 4, 16.67, 2625000, 2023, 6, 2023, True, '', '2023-08-09 14:44:43', '', '2023-08-09 14:44:43', 2625000, 13125000),
('5e780c41-a8b9-4ae7-bb1c-fcb5d365361c', 'TS00210', 'HP DeskJet 2720', NULL, NULL, NULL, '17120d02-6ab5-3e43-18cb-66948daf6128', 'HR', 'Phòng nhân sự', '3e9ce051-3625-11ee-a2e3-d45d64601179', 'MI', 'Máy in', '2022-12-26 00:00:00', '2022-09-07 00:00:00', 2000000, 4, 12.5, 250000, 2023, 8, 2022, True, '', '2023-08-09 14:44:43', '', '2023-08-09 14:44:43', 500000, 1500000),
('5f2f445b-9aca-4771-ab8b-bb5fc5472b43', 'TS00338', 'Xiaomi Mi 12', NULL, NULL, NULL, '469b3ece-744a-45d5-957d-e8c757976496', 'NC', 'Phòng nghiên cứu', '25c6c36e-1668-7d10-6e09-bf1378b8dc91', 'ĐT', 'Điện thoại', '2022-04-25 00:00:00', '2022-04-24 00:00:00', 17500000, 1, 8.33, 1458333, 2023, 12, 2022, NULL, NULL, NULL, '', '2023-11-16 11:33:39', 1458333, 16041667),
('5f30a8e5-025c-4906-a13a-3adfffd65bf2', 'TS00350', 'Nokia 8.4', NULL, NULL, NULL, '4e272fc4-7875-78d6-7d32-6a1673ffca7c', 'QL', 'Phòng quản lý', '25c6c36e-1668-7d10-6e09-bf1378b8dc91', 'ĐT', 'Điện thoại', '2023-05-14 00:00:00', '2022-06-18 00:00:00', 16500000, 9, 11.11, 1833333, 2023, 9, 2023, True, '', '2023-08-09 14:44:43', '', '2023-08-09 14:44:43', 1833333, 14666667),
('5f47e8e6-712b-4d41-8944-14de4127cf2d', 'TS00290', 'Dell Inspiron 17', NULL, NULL, NULL, '2bbbd485-6df2-536a-7e32-6a1673ffca7c', 'TCTH', 'Phòng tài chính tổng hợp', '148ed882-32b8-218e-9c20-39c2f00615e8', 'MTXT', 'Máy tính xách tay', '2022-11-10 00:00:00', '2022-05-11 00:00:00', 17000000, 4, 25, 4250000, 2023, 4, 2022, True, '', '2023-08-09 14:44:43', '', '2023-08-09 14:44:43', 8500000, 8500000),
('5f89caff-7bb5-48e2-86e7-749d4e01d4a5', 'TS00081', 'Samsung Galaxy S21', NULL, NULL, NULL, '469b3ece-744a-45d5-957d-e8c757976496', 'NC', 'Phòng nghiên cứu', '25c6c36e-1668-7d10-6e09-bf1378b8dc91', 'ĐT', 'Điện thoại', '2023-04-20 00:00:00', '2022-11-08 00:00:00', 18000000, 7, 7.69, 1384615, 2023, 13, 2023, True, '', '2023-08-09 14:44:43', '', '2023-08-09 14:44:43', 1384615, 16615385),
('5fc489d0-1136-4828-bb80-39b61bd6ad1c', 'TS00140', 'Nikon Z7', NULL, NULL, NULL, '2bbbd485-6df2-536a-7e32-6a1673ffca7c', 'TCTH', 'Phòng tài chính tổng hợp', '354f1b13-17bf-1b52-87d5-ba100c6f7bce', 'MA', 'Máy ảnh', '2022-06-29 00:00:00', '2022-04-10 00:00:00', 55000000, 4, 25, 13750000, 2023, 4, 2022, True, '', '2023-08-09 14:44:43', '', '2023-08-09 14:44:43', 27500000, 27500000),
('60c83d0c-43b7-479e-821d-13f191682108', 'TS00334', 'Lexmark B2237dw', NULL, NULL, NULL, '17120d02-6ab5-3e43-18cb-66948daf6128', 'HR', 'Phòng nhân sự', '3e9ce051-3625-11ee-a2e3-d45d64601179', 'MI', 'Máy in', '2023-03-16 00:00:00', '2022-09-01 00:00:00', 7050000, 2, 11.11, 783333, 2023, 9, 2023, True, '', '2023-08-09 14:44:43', '', '2023-08-09 14:44:43', 783333, 6266667),
('622c29ab-f66e-43a4-aa62-5d5e1b201289', 'TS00238', 'Nikon Z6', NULL, NULL, NULL, '469b3ece-744a-45d5-957d-e8c757976496', 'NC', 'Phòng nghiên cứu', '354f1b13-17bf-1b52-87d5-ba100c6f7bce', 'MA', 'Máy ảnh', '2022-11-21 00:00:00', '2022-09-13 00:00:00', 28000000, 1, 8.33, 2333333, 2023, 12, 2022, True, '', '2023-08-09 14:44:43', '', '2023-08-09 14:44:43', 4666667, 23333333),
('64e45890-134f-4e73-8183-826849400683', 'TS00118', 'Razer Huntsman', NULL, NULL, NULL, '4577565a-7e3e-493a-74dd-867949feb8b5', 'CSKH', 'Phòng chăm sóc khách hàng', 'fa18577f-3624-11ee-a2e3-d45d64601179', 'BP', 'Bàn phím', '2023-07-18 00:00:00', '2023-06-16 00:00:00', 2000000, 4, 14.29, 285714, 2023, 7, 2023, True, '', '2023-08-09 14:44:43', '', '2023-08-09 14:44:43', 285714, 1714286),
('664424a6-df05-4f5e-9ad4-43c2fbca176b', 'TS00339', 'GoPro HERO10', NULL, NULL, NULL, '142cb08f-7c31-21fa-8e90-67245e8b283e', 'TK', 'Phòng thư ký', '354f1b13-17bf-1b52-87d5-ba100c6f7bce', 'MA', 'Máy ảnh', '2023-05-10 00:00:00', '2023-04-07 00:00:00', 20500000, 2, 6.67, 1366667, 2023, 15, 2023, True, '', '2023-08-09 14:44:43', '', '2023-08-09 14:44:43', 1366667, 19133333),
('6713dee9-4459-4a52-8222-1f064b5b88f8', 'TS00223', 'Apple Magic Mouse', NULL, NULL, NULL, '59d19422-6657-452e-a7db-e5d54223c257', 'KDTT', 'Phòng kinh doanh và tiếp thị', 'dd23336c-3624-11ee-a2e3-d45d64601179', 'CMT', 'Chuột máy tính\r\n', '2023-07-27 00:00:00', '2023-07-04 00:00:00', 2000000, 10, 9.09, 181818, 2023, 11, 2023, True, '', '2023-08-09 14:44:43', '', '2023-08-09 14:44:43', 181818, 1818182),
('67488b47-b24e-4d57-9f10-4c322a6d25b1', 'TS00287', 'Canon MAXIFY MB2720', NULL, NULL, NULL, '17120d02-6ab5-3e43-18cb-66948daf6128', 'HR', 'Phòng nhân sự', '3e9ce051-3625-11ee-a2e3-d45d64601179', 'MI', 'Máy in', '2022-12-20 00:00:00', '2022-10-10 00:00:00', 14000000, 7, 7.14, 1000000, 2023, 14, 2022, True, '', '2023-08-09 14:44:43', '', '2023-08-09 14:44:43', 2000000, 12000000),
('67b01776-fb86-432a-a900-baaef94eb65a', 'TS00208', 'Samsung Galaxy S21', NULL, NULL, NULL, '11452b0c-768e-5ff7-0d63-eeb1d8ed8cef', 'HCKT', 'Phòng hành chính kế toán', '25c6c36e-1668-7d10-6e09-bf1378b8dc91', 'ĐT', 'Điện thoại', '2023-03-15 00:00:00', '2022-12-31 00:00:00', 22000000, 2, 11.11, 2444444, 2023, 9, 2023, True, '', '2023-08-09 14:44:43', '', '2023-08-09 14:44:43', 2444444, 19555556),
('682100c4-dd85-4c3f-b525-f48c7ebc8a91', 'TS00309', 'Fujifilm X-T5', NULL, NULL, NULL, '7686595d-16d5-33b3-0080-e8e2a817c80e', 'CNTT', 'Phòng công nghệ thông tin', '354f1b13-17bf-1b52-87d5-ba100c6f7bce', 'MA', 'Máy ảnh', '2023-01-09 00:00:00', '2022-08-18 00:00:00', 25500000, 3, 9.09, 2318182, 2023, 11, 2023, True, '', '2023-08-09 14:44:43', '', '2023-08-09 14:44:43', 2318182, 23181818),
('68cc5bb9-ce3b-4ef3-b7f0-f0cb31ff9516', 'TS00040', 'Màn hình Asus 27"', NULL, NULL, NULL, '2bbbd485-6df2-536a-7e32-6a1673ffca7c', 'TCTH', 'Phòng tài chính tổng hợp', '3700cc49-55b5-69ea-4929-a2925c0f334d', 'MH', 'Màn hình', '2023-05-30 00:00:00', '2023-03-13 00:00:00', 6750000, 4, 25, 1687500, 2023, 4, 2023, True, '', '2023-08-09 14:44:43', '', '2023-08-09 14:44:43', 1687500, 5062500),
('6aae81aa-c063-4fb8-9e8e-eb2672f2ffc1', 'TS00139', 'Microsoft Surface Go', NULL, NULL, NULL, '142cb08f-7c31-21fa-8e90-67245e8b283e', 'TK', 'Phòng thư ký', '148ed882-32b8-218e-9c20-39c2f00615e8', 'MTXT', 'Máy tính xách tay', '2023-07-31 00:00:00', '2022-10-13 00:00:00', 12000000, 2, 6.67, 800000, 2023, 15, 2023, True, '', '2023-08-09 14:44:43', '', '2023-08-09 14:44:43', 800000, 11200000),
('6b70d879-e3d3-4d94-a45e-5dc1e1a04631', 'TS00344', 'Motorola Moto G101', NULL, NULL, NULL, '768f8e64-7d10-20c9-967d-e8c757976496', 'KT', 'Phòng kỹ thuật', '25c6c36e-1668-7d10-6e09-bf1378b8dc91', 'ĐT', 'Điện thoại', '2022-09-28 00:00:00', '2022-01-10 00:00:00', 15500000, 10, 6.67, 1033333, 2023, 15, 2022, True, '', '2023-08-09 14:44:43', '', '2023-08-09 14:44:43', 2066667, 13433333),
('6c9cb7c6-9d1e-47ca-b0a9-ec73d70887c3', 'TS00299', 'HP DeskJet 2730', NULL, NULL, NULL, '142cb08f-7c31-21fa-8e90-67245e8b283e', 'TK', 'Phòng thư ký', '3e9ce051-3625-11ee-a2e3-d45d64601179', 'MI', 'Máy in', '2023-02-16 00:00:00', '2022-09-28 00:00:00', 2050000, 10, 7.14, 146429, 2023, 14, 2023, True, '', '2023-08-09 14:44:43', '', '2023-08-09 14:44:43', 146429, 1903571),
('7abb8770-cbcb-456d-9b03-92a9585ab203', 'TS00200', 'Asus TUF Gaming A15', NULL, NULL, NULL, '4e272fc4-7875-78d6-7d32-6a1673ffca7c', 'QL', 'Phòng quản lý', '148ed882-32b8-218e-9c20-39c2f00615e8', 'MTXT', 'Máy tính xách tay', '2023-01-23 00:00:00', '2022-03-24 00:00:00', 20000000, 9, 11.11, 2222222, 2023, 9, 2023, True, '', '2023-08-09 14:44:43', '', '2023-08-09 14:44:43', 2222222, 17777778),
('7abe38ba-a979-49cd-8c21-f5400dfa1a89', 'TS00116', 'Nikon D5600', NULL, NULL, NULL, '768f8e64-7d10-20c9-967d-e8c757976496', 'KT', 'Phòng kỹ thuật', '354f1b13-17bf-1b52-87d5-ba100c6f7bce', 'MA', 'Máy ảnh', '2023-05-07 00:00:00', '2023-01-31 00:00:00', 15000000, 3, 9.09, 1363636, 2023, 11, 2023, True, '', '2023-08-09 14:44:43', '', '2023-08-09 14:44:43', 1363636, 13636364),
('7aeb8e18-21b6-47ee-853f-8892c0636315', 'TS00346', 'Ricoh SP 378DNwX', NULL, NULL, NULL, '7686595d-16d5-33b3-0080-e8e2a817c80e', 'CNTT', 'Phòng công nghệ thông tin', '3e9ce051-3625-11ee-a2e3-d45d64601179', 'MI', 'Máy in', '2023-07-20 00:00:00', '2023-01-14 00:00:00', 9050000, 3, 9.09, 822727, 2023, 11, 2023, True, '', '2023-08-09 14:44:43', '', '2023-08-09 14:44:43', 822727, 8227273),
('7b295a1d-d091-4c50-9fd4-11d31b6c8f1a', 'TS00178', 'Canon EOS Rebel SL3', NULL, NULL, NULL, '11452b0c-768e-5ff7-0d63-eeb1d8ed8cef', 'HCKT', 'Phòng hành chính kế toán', '354f1b13-17bf-1b52-87d5-ba100c6f7bce', 'MA', 'Máy ảnh', '2022-12-30 00:00:00', '2022-11-09 00:00:00', 18000000, 7, 10, 1800000, 2023, 10, 2022, True, '', '2023-08-09 14:44:43', '', '2023-08-09 14:44:43', 3600000, 14400000),
('7b83f1df-89d7-4c57-90d4-c84fb963a129', 'TS00234', 'Asus 34" Monitor', NULL, NULL, NULL, '17120d02-6ab5-3e43-18cb-66948daf6128', 'HR', 'Phòng nhân sự', '3700cc49-55b5-69ea-4929-a2925c0f334d', 'MH', 'Màn hình', '2023-07-23 00:00:00', '2023-07-20 00:00:00', 7000000, 2, 11.11, 777778, 2023, 9, 2023, True, '', '2023-08-09 14:44:43', '', '2023-08-09 14:44:43', 777778, 6222222),
('7babdc87-f249-4d38-8e5b-b5e4a8c2eb38', 'TS00032', 'Máy bàn HP EliteDesk', NULL, NULL, NULL, '7686595d-16d5-33b3-0080-e8e2a817c80e', 'CNTT', 'Phòng công nghệ thông tin', '1b691e79-236d-5b5a-9d20-39c2f00615e8', 'MB', 'Máy bàn', '2023-02-08 00:00:00', '2022-11-14 00:00:00', 15750000, 6, 6.67, 1050000, 2023, 15, 2023, True, '', '2023-08-09 14:44:43', '', '2023-08-09 14:44:43', 1050000, 14700000),
('7c823194-a6a4-439d-8cce-87cc5397a543', 'TS00199', 'Sony A9 II', NULL, NULL, NULL, '142cb08f-7c31-21fa-8e90-67245e8b283e', 'TK', 'Phòng thư ký', '354f1b13-17bf-1b52-87d5-ba100c6f7bce', 'MA', 'Máy ảnh', '2023-03-22 00:00:00', '2022-10-08 00:00:00', 80000000, 10, 7.14, 5714286, 2023, 14, 2023, True, '', '2023-08-09 14:44:43', '', '2023-08-09 14:44:43', 5714286, 74285714),
('7cf3139f-9b75-4a5a-b070-ba830805be52', 'TS00034', 'Máy ảnh Leica Q2', NULL, NULL, NULL, '17120d02-6ab5-3e43-18cb-66948daf6128', 'HR', 'Phòng nhân sự', '354f1b13-17bf-1b52-87d5-ba100c6f7bce', 'MA', 'Máy ảnh', '2022-10-26 00:00:00', '2022-10-10 00:00:00', 112500000, 2, 11.11, 12500000, 2023, 9, 2022, True, '', '2023-08-09 14:44:43', '', '2023-08-09 14:44:43', 25000000, 87500000),
('7d7d21af-41fa-4c03-ae51-b20b8eaafcc8', 'TS00180', 'HP LaserJet Pro M15w', NULL, NULL, NULL, '2bbbd485-6df2-536a-7e32-6a1673ffca7c', 'TCTH', 'Phòng tài chính tổng hợp', '3e9ce051-3625-11ee-a2e3-d45d64601179', 'MI', 'Máy in', '2022-12-03 00:00:00', '2022-09-22 00:00:00', 4000000, 10, 10, 400000, 2023, 10, 2022, True, '', '2023-08-09 14:44:43', '', '2023-08-09 14:44:43', 800000, 3200000),
('7da9d48b-aa72-4093-8691-187187247d89', 'TS00314', 'Samsung Galaxy Note 21', NULL, NULL, NULL, '768f8e64-7d10-20c9-967d-e8c757976496', 'KT', 'Phòng kỹ thuật', '25c6c36e-1668-7d10-6e09-bf1378b8dc91', 'ĐT', 'Điện thoại', '2023-06-11 00:00:00', '2022-02-03 00:00:00', 24500000, 5, 10, 2450000, 2023, 10, 2023, NULL, NULL, NULL, '', '2023-11-16 11:41:08', 0, 24500000),
('7e10b79f-9777-4299-8822-766c39be52ca', 'TS00226', 'Sony Alpha a7 III', NULL, NULL, NULL, '768f8e64-7d10-20c9-967d-e8c757976496', 'KT', 'Phòng kỹ thuật', '354f1b13-17bf-1b52-87d5-ba100c6f7bce', 'MA', 'Máy ảnh', '2023-07-21 00:00:00', '2023-06-11 00:00:00', 30000000, 8, 6.67, 2000000, 2023, 15, 2023, True, '', '2023-08-09 14:44:43', '', '2023-08-09 14:44:43', 2000000, 28000000),
('7f10f7e0-9b37-4415-8f7a-76df8221cd36', 'TS00353', 'BenQ 33" Monitor', NULL, NULL, NULL, '768f8e64-7d10-20c9-967d-e8c757976496', 'KT', 'Phòng kỹ thuật', '3700cc49-55b5-69ea-4929-a2925c0f334d', 'MH', 'Màn hình', '2023-07-28 00:00:00', '2023-07-28 00:00:00', 9600000, 4, 16.67, 1600000, 2023, 6, 2023, True, '', '2023-08-09 14:44:43', '', '2023-08-09 14:44:43', 1600000, 8000000),
('7f75fe10-3383-4f1f-b37d-1d6e06e39a72', 'TS00221', 'Epson EcoTank L3150', NULL, NULL, NULL, '2bbbd485-6df2-536a-7e32-6a1673ffca7c', 'TCTH', 'Phòng tài chính tổng hợp', '3e9ce051-3625-11ee-a2e3-d45d64601179', 'MI', 'Máy in', '2022-10-12 00:00:00', '2022-09-16 00:00:00', 3000000, 9, 10, 300000, 2023, 10, 2022, True, '', '2023-08-09 14:44:43', '', '2023-08-09 14:44:43', 600000, 2400000),
('80b328bb-7425-4d84-ba33-4c07617e64a4', 'TS00101', 'iPhone 12 Pro Max', NULL, NULL, NULL, '11452b0c-768e-5ff7-0d63-eeb1d8ed8cef', 'HCKT', 'Phòng hành chính kế toán', '25c6c36e-1668-7d10-6e09-bf1378b8dc91', 'ĐT', 'Điện thoại', '2023-03-08 00:00:00', '2022-01-01 00:00:00', 22000000, 10, 9.09, 2000000, 2023, 11, 2023, NULL, NULL, NULL, '', '2023-11-16 11:41:06', 0, 22000000),
('81af58b7-5ad1-45ca-832c-9e93dabfdce7', 'TS00048', 'Điện thoại Blackberry Key2', NULL, NULL, NULL, '7686595d-16d5-33b3-0080-e8e2a817c80e', 'CNTT', 'Phòng công nghệ thông tin', '25c6c36e-1668-7d10-6e09-bf1378b8dc91', 'ĐT', 'Điện thoại', '2023-05-27 00:00:00', '2022-08-17 00:00:00', 11250000, 8, 7.14, 803571, 2023, 14, 2023, True, '', '2023-08-09 14:44:43', '', '2023-08-09 14:44:43', 803571, 10446429),
('81cd692f-77f6-437d-82ba-596ba8dec638', 'TS00298', 'Nikon D3600', NULL, NULL, NULL, '7686595d-16d5-33b3-0080-e8e2a817c80e', 'CNTT', 'Phòng công nghệ thông tin', '354f1b13-17bf-1b52-87d5-ba100c6f7bce', 'MA', 'Máy ảnh', '2023-07-18 00:00:00', '2023-04-18 00:00:00', 14500000, 8, 7.14, 1035714, 2023, 14, 2023, True, '', '2023-08-09 14:44:43', '', '2023-08-09 14:44:43', 1035714, 13464286),
('81f7e71d-b075-4e8c-a5c8-05ee5765078f', 'TS00100', 'HP LaserJet Pro', NULL, NULL, NULL, '4e272fc4-7875-78d6-7d32-6a1673ffca7c', 'QL', 'Phòng quản lý', '3e9ce051-3625-11ee-a2e3-d45d64601179', 'MI', 'Máy in', '2023-07-28 00:00:00', '2023-07-21 00:00:00', 2000000, 9, 11.11, 222222, 2023, 9, 2023, True, '', '2023-08-09 14:44:43', '', '2023-08-09 14:44:43', 222222, 1777778),
('82151632-fdb9-4382-adfe-9a4c6e3d1b5b', 'TS00014', 'Máy ảnh Sony Alpha A7', NULL, NULL, NULL, '768f8e64-7d10-20c9-967d-e8c757976496', 'KT', 'Phòng kỹ thuật', '354f1b13-17bf-1b52-87d5-ba100c6f7bce', 'MA', 'Máy ảnh', '2023-06-03 00:00:00', '2022-07-04 00:00:00', 45000000, 5, 10, 4500000, 2023, 10, 2023, True, '', '2023-08-09 14:44:43', '', '2023-08-09 14:44:43', 4500000, 40500000),
('84add6c7-5c22-416b-8941-52e4ae63b9f7', 'TS00044', 'Máy ảnh GoPro HERO9', NULL, NULL, NULL, '768f8e64-7d10-20c9-967d-e8c757976496', 'KT', 'Phòng kỹ thuật', '354f1b13-17bf-1b52-87d5-ba100c6f7bce', 'MA', 'Máy ảnh', '2022-06-11 00:00:00', '2022-01-02 00:00:00', 9000000, 10, 6.67, 600000, 2023, 15, 2022, True, '', '2023-08-09 14:44:43', '', '2023-08-09 14:44:43', 1200000, 7800000),
('84fd0163-d430-4ac9-8488-96237160a6e3', 'TS00356', 'OnePlus 8T Pro', NULL, NULL, NULL, '4e272fc4-7875-78d6-7d32-6a1673ffca7c', 'QL', 'Phòng quản lý', '25c6c36e-1668-7d10-6e09-bf1378b8dc91', 'ĐT', 'Điện thoại', '2022-10-29 00:00:00', '2022-01-22 00:00:00', 13500000, 6, 11.11, 1500000, 2023, 9, 2022, True, '', '2023-08-09 14:44:43', '', '2023-08-09 14:44:43', 3000000, 10500000),
('8500215d-11e6-4314-b4fd-2e3f878207f3', 'TS00075', 'HP LaserJet Pro', NULL, NULL, NULL, '7686595d-16d5-33b3-0080-e8e2a817c80e', 'CNTT', 'Phòng công nghệ thông tin', '3e9ce051-3625-11ee-a2e3-d45d64601179', 'MI', 'Máy in', '2023-03-30 00:00:00', '2022-11-19 00:00:00', 2000000, 6, 9.09, 181818, 2023, 11, 2023, True, '', '2023-08-09 14:44:43', '', '2023-08-09 14:44:43', 181818, 1818182),
('85105634-cae7-433b-89a2-74ad6a0fd5da', 'TS00091', 'Samsung 24 Monitor', NULL, NULL, NULL, '59d19422-6657-452e-a7db-e5d54223c257', 'KDTT', 'Phòng kinh doanh và tiếp thị', '3700cc49-55b5-69ea-4929-a2925c0f334d', 'MH', 'Màn hình', '2023-02-16 00:00:00', '2022-10-05 00:00:00', 2500000, 1, 7.69, 192308, 2023, 13, 2023, True, '', '2023-08-09 14:44:43', '', '2023-08-09 14:44:43', 192308, 2307692),
('85295dbc-b91f-4c9d-b7fa-6cf5bdac1497', 'TS00349', 'HP EliteBook 2', NULL, NULL, NULL, '142cb08f-7c31-21fa-8e90-67245e8b283e', 'TK', 'Phòng thư ký', '148ed882-32b8-218e-9c20-39c2f00615e8', 'MTXT', 'Máy tính xách tay', '2023-06-20 00:00:00', '2023-06-19 00:00:00', 21500000, 10, 7.14, 1535714, 2023, 14, 2023, True, '', '2023-08-09 14:44:43', '', '2023-08-09 14:44:43', 1535714, 19964286),
('8549fda9-b0c6-4258-8885-5a6fd2dc743a', 'TS00212', 'Razer DeathAdder', NULL, NULL, NULL, '11452b0c-768e-5ff7-0d63-eeb1d8ed8cef', 'HCKT', 'Phòng hành chính kế toán', 'dd23336c-3624-11ee-a2e3-d45d64601179', 'CMT', 'Chuột máy tính\r\n', '2023-07-27 00:00:00', '2023-07-17 00:00:00', 1200000, 2, 25, 300000, 2023, 4, 2023, True, '', '2023-08-09 14:44:43', '', '2023-08-09 14:44:43', 300000, 900000),
('86202035-5aab-4e13-97d6-74305956286a', 'TS00354', 'SteelSeries Sensei Eleven', NULL, NULL, NULL, '142cb08f-7c31-21fa-8e90-67245e8b283e', 'TK', 'Phòng thư ký', 'dd23336c-3624-11ee-a2e3-d45d64601179', 'CMT', 'Chuột máy tính\r\n', '2023-01-02 00:00:00', '2022-06-15 00:00:00', 1550000, 6, 7.69, 119231, 2023, 13, 2023, True, '', '2023-08-09 14:44:43', '', '2023-08-09 14:44:43', 119231, 1430769),
('8684ec30-9c5d-4b19-b150-3320140c87a5', 'TS00228', 'BenQ 28" Monitor', NULL, NULL, NULL, '11452b0c-768e-5ff7-0d63-eeb1d8ed8cef', 'HCKT', 'Phòng hành chính kế toán', '3700cc49-55b5-69ea-4929-a2925c0f334d', 'MH', 'Màn hình', '2023-01-07 00:00:00', '2022-09-25 00:00:00', 5500000, 7, 10, 550000, 2023, 10, 2023, True, '', '2023-08-09 14:44:43', '', '2023-08-09 14:44:43', 550000, 4950000),
('86d6e554-6984-4715-bc9d-7552e594793d', 'TS00248', 'Acer Aspire 5', NULL, NULL, NULL, '7686595d-16d5-33b3-0080-e8e2a817c80e', 'CNTT', 'Phòng công nghệ thông tin', '148ed882-32b8-218e-9c20-39c2f00615e8', 'MTXT', 'Máy tính xách tay', '2023-06-05 00:00:00', '2023-05-24 00:00:00', 14000000, 8, 7.14, 1000000, 2023, 14, 2023, True, '', '2023-08-09 14:44:43', '', '2023-08-09 14:44:43', 1000000, 13000000),
('86e926fc-2bcf-4a6e-af15-fce3b7455b69', 'TS00111', 'Canon PIXMA TR4520', NULL, NULL, NULL, '768f8e64-7d10-20c9-967d-e8c757976496', 'KT', 'Phòng kỹ thuật', '3e9ce051-3625-11ee-a2e3-d45d64601179', 'MI', 'Máy in', '2023-04-27 00:00:00', '2023-03-31 00:00:00', 1200000, 9, 7.14, 85714, 2023, 14, 2023, True, '', '2023-08-09 14:44:43', '', '2023-08-09 14:44:43', 85714, 1114286),
('873c582e-a2d1-4dda-8766-8aee6f5128df', 'TS00321', 'Panasonic Lumix GH6', NULL, NULL, NULL, '2bbbd485-6df2-536a-7e32-6a1673ffca7c', 'TCTH', 'Phòng tài chính tổng hợp', '354f1b13-17bf-1b52-87d5-ba100c6f7bce', 'MA', 'Máy ảnh', '2023-07-28 00:00:00', '2023-07-26 00:00:00', 26500000, 9, 10, 2650000, 2023, 10, 2023, True, '', '2023-08-09 14:44:43', '', '2023-08-09 14:44:43', 2650000, 23850000),
('87837341-9fa8-4190-8715-93a610bc75fb', 'TS00269', 'Brother MFC-L2750DW', NULL, NULL, NULL, '7686595d-16d5-33b3-0080-e8e2a817c80e', 'CNTT', 'Phòng công nghệ thông tin', '3e9ce051-3625-11ee-a2e3-d45d64601179', 'MI', 'Máy in', '2022-10-11 00:00:00', '2022-01-19 00:00:00', 11000000, 4, 8.33, 916667, 2023, 12, 2022, True, '', '2023-08-09 14:44:43', '', '2023-08-09 14:44:43', 1833333, 9166667),
('87f9bed6-dd89-4fa8-bff6-82cb1d76ea69', 'TS00143', 'Samsung Galaxy S21 Ultra', NULL, NULL, NULL, '469b3ece-744a-45d5-957d-e8c757976496', 'NC', 'Phòng nghiên cứu', '25c6c36e-1668-7d10-6e09-bf1378b8dc91', 'ĐT', 'Điện thoại', '2023-07-23 00:00:00', '2023-07-11 00:00:00', 30000000, 9, 7.69, 2307692, 2023, 13, 2023, True, '', '2023-08-09 14:44:43', '', '2023-08-09 14:44:43', 2307692, 27692308),
('8820fc40-fbcf-4e34-8246-6bb39714b641', 'TS00114', 'Logitech G Pro Wireless', NULL, NULL, NULL, '768f8e64-7d10-20c9-967d-e8c757976496', 'KT', 'Phòng kỹ thuật', 'dd23336c-3624-11ee-a2e3-d45d64601179', 'CMT', 'Chuột máy tính\r\n', '2023-07-30 00:00:00', '2022-07-16 00:00:00', 1500000, 5, 10, 150000, 2023, 10, 2023, True, '', '2023-08-09 14:44:43', '', '2023-08-09 14:44:43', 150000, 1350000),
('883a0075-4664-429c-9c94-bc436e0eee7e', 'TS00172', 'Bose SoundLink Mini', NULL, NULL, NULL, '768f8e64-7d10-20c9-967d-e8c757976496', 'KT', 'Phòng kỹ thuật', '09cfb0c0-3625-11ee-a2e3-d45d64601179', 'TN', 'Tai nghe\r\n', '2022-02-08 00:00:00', '2022-02-06 00:00:00', 4000000, 4, 16.67, 666667, 2023, 6, 2022, True, '', '2023-08-09 14:44:43', '', '2023-08-09 14:44:43', 1333333, 2666667),
('88519919-992e-4167-99ca-a13ec46b3151', 'TS00137', 'HP Spectre x360', NULL, NULL, NULL, '17120d02-6ab5-3e43-18cb-66948daf6128', 'HR', 'Phòng nhân sự', '148ed882-32b8-218e-9c20-39c2f00615e8', 'MTXT', 'Máy tính xách tay', '2022-10-14 00:00:00', '2022-08-28 00:00:00', 40000000, 7, 7.14, 2857143, 2023, 14, 2022, True, '', '2023-08-09 14:44:43', '', '2023-08-09 14:44:43', 5714286, 34285714),
('888eb72e-bf4f-4663-b595-ded68b9dce84', 'TS00296', 'Asus ROG Strix 2', NULL, NULL, NULL, '7686595d-16d5-33b3-0080-e8e2a817c80e', 'CNTT', 'Phòng công nghệ thông tin', '148ed882-32b8-218e-9c20-39c2f00615e8', 'MTXT', 'Máy tính xách tay', '2023-07-25 00:00:00', '2023-07-20 00:00:00', 18500000, 3, 9.09, 1681818, 2023, 11, 2023, True, '', '2023-08-09 14:44:43', '', '2023-08-09 14:44:43', 1681818, 16818182),
('88ecd990-4330-4cf2-b1c1-ec7c1edddae1', 'TS00358', 'Xerox Phaser 3270', NULL, NULL, NULL, '11452b0c-768e-5ff7-0d63-eeb1d8ed8cef', 'HCKT', 'Phòng hành chính kế toán', '3e9ce051-3625-11ee-a2e3-d45d64601179', 'MI', 'Máy in', '2023-04-09 00:00:00', '2022-10-01 00:00:00', 10050000, 2, 11.11, 1116667, 2023, 9, 2023, True, '', '2023-08-09 14:44:43', '', '2023-08-09 14:44:43', 1116667, 8933333),
('89431b25-1df9-4361-83a2-27524d1531f9', 'TS00281', 'Epson WorkForce Pro WF-4830', NULL, NULL, NULL, '469b3ece-744a-45d5-957d-e8c757976496', 'NC', 'Phòng nghiên cứu', '3e9ce051-3625-11ee-a2e3-d45d64601179', 'MI', 'Máy in', '2023-05-20 00:00:00', '2022-01-26 00:00:00', 13000000, 7, 7.69, 1000000, 2023, 13, 2023, True, '', '2023-08-09 14:44:43', '', '2023-08-09 14:44:43', 1000000, 12000000),
('8b337788-2d21-4dd4-844d-f29a5daec26e', 'TS00060', 'Dell 27 Monitor', NULL, NULL, NULL, '17120d02-6ab5-3e43-18cb-66948daf6128', 'HR', 'Phòng nhân sự', '3700cc49-55b5-69ea-4929-a2925c0f334d', 'MH', 'Màn hình', '2023-04-07 00:00:00', '2022-08-30 00:00:00', 3000000, 4, 12.5, 375000, 2023, 8, 2023, True, '', '2023-08-09 14:44:43', '', '2023-08-09 14:44:43', 375000, 2625000),
('8b99e0cf-7cbf-482a-9d42-20f9c42d4ba6', 'TS00082', 'Sony WH-1000XM4', NULL, NULL, NULL, '7686595d-16d5-33b3-0080-e8e2a817c80e', 'CNTT', 'Phòng công nghệ thông tin', '09cfb0c0-3625-11ee-a2e3-d45d64601179', 'TN', 'Tai nghe\r\n', '2023-01-05 00:00:00', '2022-07-05 00:00:00', 4000000, 6, 6.67, 266667, 2023, 15, 2023, True, '', '2023-08-09 14:44:43', '', '2023-08-09 14:44:43', 266667, 3733333),
('8be0295d-f0f6-4a17-a51d-5f8fee62e237', 'TS00150', 'Logitech G203', NULL, NULL, NULL, '4e272fc4-7875-78d6-7d32-6a1673ffca7c', 'QL', 'Phòng quản lý', 'dd23336c-3624-11ee-a2e3-d45d64601179', 'CMT', 'Chuột máy tính\r\n', '2022-11-20 00:00:00', '2022-04-14 00:00:00', 700000, 9, 11.11, 77778, 2023, 9, 2022, True, '', '2023-08-09 14:44:43', '', '2023-08-09 14:44:43', 155556, 544444),
('8c0c8877-c326-4f13-8f18-6c26b8d15504', 'TS00056', 'Samsung Galaxy S21', NULL, NULL, NULL, '4e272fc4-7875-78d6-7d32-6a1673ffca7c', 'QL', 'Phòng quản lý', '25c6c36e-1668-7d10-6e09-bf1378b8dc91', 'ĐT', 'Điện thoại', '2023-07-02 00:00:00', '2023-04-16 00:00:00', 18000000, 6, 11.11, 2000000, 2023, 9, 2023, True, '', '2023-08-09 14:44:43', '', '2023-08-09 14:44:43', 2000000, 16000000),
('8c6376ae-2f56-44a9-a7a0-0cd6f36fbe89', 'TS00157', 'Samsung Galaxy Note 20', NULL, NULL, NULL, '142cb08f-7c31-21fa-8e90-67245e8b283e', 'TK', 'Phòng thư ký', '25c6c36e-1668-7d10-6e09-bf1378b8dc91', 'ĐT', 'Điện thoại', '2023-06-29 00:00:00', '2023-05-23 00:00:00', 20000000, 3, 7.14, 1428571, 2023, 14, 2023, True, '', '2023-08-09 14:44:43', '', '2023-08-09 14:44:43', 1428571, 18571429),
('8d7441d3-a932-4787-8f68-6260a9bc8ef3', 'TS00304', 'Canon PIXMA MG2525', NULL, NULL, NULL, '142cb08f-7c31-21fa-8e90-67245e8b283e', 'TK', 'Phòng thư ký', '3e9ce051-3625-11ee-a2e3-d45d64601179', 'MI', 'Máy in', '2022-12-09 00:00:00', '2022-10-26 00:00:00', 1050000, 6, 7.69, 80769, 2023, 13, 2022, True, '', '2023-08-09 14:44:43', '', '2023-08-09 14:44:43', 161538, 888462),
('8e616cd5-7e16-4e15-a540-005586c45a59', 'TS00383', 'Microsoft Sculpt Comfort', NULL, NULL, NULL, '17120d02-6ab5-3e43-18cb-66948daf6128', 'HR', 'Phòng nhân sự', 'dd23336c-3624-11ee-a2e3-d45d64601179', 'CMT', 'Chuột máy tính\r\n', '2023-07-23 00:00:00', '2023-07-20 00:00:00', 820000, 4, 12.5, 102500, 2023, 8, 2023, True, '', '2023-08-09 14:44:43', '', '2023-08-09 14:44:43', 102500, 717500),
('8e8a2736-bbb8-4c4a-89c0-c56e12807dd9', 'TS00231', 'OnePlus 9', NULL, NULL, NULL, '469b3ece-744a-45d5-957d-e8c757976496', 'NC', 'Phòng nghiên cứu', '25c6c36e-1668-7d10-6e09-bf1378b8dc91', 'ĐT', 'Điện thoại', '2023-05-19 00:00:00', '2023-04-26 00:00:00', 21000000, 7, 7.69, 1615385, 2023, 13, 2023, True, '', '2023-08-09 14:44:43', '', '2023-08-09 14:44:43', 1615385, 19384615),
('8ed65afb-d219-4bb5-bee8-8a16e08a286c', 'TS00008', 'Điện thoại Samsung Galaxy S21', NULL, NULL, NULL, '11452b0c-768e-5ff7-0d63-eeb1d8ed8cef', 'HCKT', 'Phòng hành chính kế toán', '25c6c36e-1668-7d10-6e09-bf1378b8dc91', 'ĐT', 'Điện thoại', '2023-07-29 00:00:00', '2022-05-17 00:00:00', 18000000, 2, 11.11, 2000000, 2023, 9, 2023, True, '', '2023-08-09 14:44:43', '', '2023-08-09 14:44:43', 2000000, 16000000),
('8f386262-11d4-4f19-a0b6-a61f3dfef98b', 'TS00317', 'BenQ 29" Monitor', NULL, NULL, NULL, '2bbbd485-6df2-536a-7e32-6a1673ffca7c', 'TCTH', 'Phòng tài chính tổng hợp', '3700cc49-55b5-69ea-4929-a2925c0f334d', 'MH', 'Màn hình', '2022-08-08 00:00:00', '2022-07-21 00:00:00', 5600000, 8, 11.11, 622222, 2023, 9, 2022, True, '', '2023-08-09 14:44:43', '', '2023-08-09 14:44:43', 1244444, 4355556),
('90885590-5e51-4b7b-9407-9922e47333a1', 'TS00086', 'HP Pavilion Desktop', NULL, NULL, NULL, '7686595d-16d5-33b3-0080-e8e2a817c80e', 'CNTT', 'Phòng công nghệ thông tin', '1b691e79-236d-5b5a-9d20-39c2f00615e8', 'MB', 'Máy bàn', '2023-03-29 00:00:00', '2022-12-17 00:00:00', 12000000, 10, 20, 2400000, 2023, 5, 2023, True, '', '2023-08-09 14:44:43', '', '2023-08-09 14:44:43', 2400000, 9600000),
('9126d9fe-22d9-4395-9ad9-d3c67ad2c1ff', 'TS00104', 'Nikon Z6', NULL, NULL, NULL, '142cb08f-7c31-21fa-8e90-67245e8b283e', 'TK', 'Phòng thư ký', '354f1b13-17bf-1b52-87d5-ba100c6f7bce', 'MA', 'Máy ảnh', '2023-05-23 00:00:00', '2022-10-03 00:00:00', 40000000, 6, 7.69, 3076923, 2023, 13, 2023, True, '', '2023-08-09 14:44:43', '', '2023-08-09 14:44:43', 3076923, 36923077),
('9153613a-6a3b-4fbe-b9ac-d99513dbf360', 'TS00023', 'Điện thoại Xiaomi Mi 11', NULL, NULL, NULL, '59d19422-6657-452e-a7db-e5d54223c257', 'KDTT', 'Phòng kinh doanh và tiếp thị', '25c6c36e-1668-7d10-6e09-bf1378b8dc91', 'ĐT', 'Điện thoại', '2023-07-11 00:00:00', '2023-06-13 00:00:00', 9000000, 10, 9.09, 818182, 2023, 11, 2023, True, '', '2023-08-09 14:44:43', '', '2023-08-09 14:44:43', 818182, 8181818),
('91b4394e-5637-4547-89fc-9a8091d29b23', 'TS00123', 'Canon EOS M50', NULL, NULL, NULL, '59d19422-6657-452e-a7db-e5d54223c257', 'KDTT', 'Phòng kinh doanh và tiếp thị', '354f1b13-17bf-1b52-87d5-ba100c6f7bce', 'MA', 'Máy ảnh', '2023-07-24 00:00:00', '2022-01-29 00:00:00', 16000000, 10, 9.09, 1454545, 2023, 11, 2023, True, '', '2023-08-09 14:44:43', '', '2023-08-09 14:44:43', 1454545, 14545455),
('925dfb4c-4504-486a-b492-5c78f94c1333', 'TS00170', 'Sony A7R IV', NULL, NULL, NULL, '142cb08f-7c31-21fa-8e90-67245e8b283e', 'TK', 'Phòng thư ký', '354f1b13-17bf-1b52-87d5-ba100c6f7bce', 'MA', 'Máy ảnh', '2023-04-06 00:00:00', '2022-11-17 00:00:00', 70000000, 4, 16.67, 11666667, 2023, 6, 2023, True, '', '2023-08-09 14:44:43', '', '2023-08-09 14:44:43', 11666667, 58333333),
('926ab910-6cab-4a12-b42f-52fabbc7ff61', 'TS00266', 'Lenovo Yoga', NULL, NULL, NULL, '768f8e64-7d10-20c9-967d-e8c757976496', 'KT', 'Phòng kỹ thuật', '148ed882-32b8-218e-9c20-39c2f00615e8', 'MTXT', 'Máy tính xách tay', '2022-07-06 00:00:00', '2022-05-28 00:00:00', 22000000, 3, 9.09, 2000000, 2023, 11, 2022, NULL, NULL, NULL, '', '2023-11-16 11:41:14', 2000000, 20000000),
('92aa0522-1021-4c34-90b5-57b248015495', 'TS00217', 'Microsoft Sculpt', NULL, NULL, NULL, '2bbbd485-6df2-536a-7e32-6a1673ffca7c', 'TCTH', 'Phòng tài chính tổng hợp', 'dd23336c-3624-11ee-a2e3-d45d64601179', 'CMT', 'Chuột máy tính\r\n', '2023-06-28 00:00:00', '2023-06-22 00:00:00', 800000, 8, 11.11, 88889, 2023, 9, 2023, True, '', '2023-08-09 14:44:43', '', '2023-08-09 14:44:43', 88889, 711111),
('92bb2cd0-ad4e-4b79-b3b4-d4a93a14f92c', 'TS00379', 'Logitech K122', NULL, NULL, NULL, '59d19422-6657-452e-a7db-e5d54223c257', 'KDTT', 'Phòng kinh doanh và tiếp thị', 'fa18577f-3624-11ee-a2e3-d45d64601179', 'BP', 'Bàn phím', '2023-03-05 00:00:00', '2022-12-25 00:00:00', 320000, 8, 6.67, 21333, 2023, 15, 2023, True, '', '2023-08-09 14:44:43', '', '2023-08-09 14:44:43', 21333, 298667),
('92f24ac6-bcd8-4d54-9185-f1c7f38a7ba3', 'TS00260', 'HP EliteBook', NULL, NULL, NULL, '17120d02-6ab5-3e43-18cb-66948daf6128', 'HR', 'Phòng nhân sự', '148ed882-32b8-218e-9c20-39c2f00615e8', 'MTXT', 'Máy tính xách tay', '2023-07-28 00:00:00', '2022-01-02 00:00:00', 21000000, 4, 12.5, 2625000, 2023, 8, 2023, True, '', '2023-08-09 14:44:43', '', '2023-08-09 14:44:43', 2625000, 18375000),
('93aaa7fd-d75a-4d6d-964a-e638ad634471', 'TS00141', 'OnePlus Nord 2', NULL, NULL, NULL, '59d19422-6657-452e-a7db-e5d54223c257', 'KDTT', 'Phòng kinh doanh và tiếp thị', '25c6c36e-1668-7d10-6e09-bf1378b8dc91', 'ĐT', 'Điện thoại', '2023-07-20 00:00:00', '2023-02-18 00:00:00', 10000000, 1, 7.69, 769231, 2023, 13, 2023, True, '', '2023-08-09 14:44:43', '', '2023-08-09 14:44:43', 769231, 9230769),
('941c7c66-5443-4b0c-b2ee-0b9005362c56', 'TS00284', 'HP Spectre x360', NULL, NULL, NULL, '17120d02-6ab5-3e43-18cb-66948daf6128', 'HR', 'Phòng nhân sự', '148ed882-32b8-218e-9c20-39c2f00615e8', 'MTXT', 'Máy tính xách tay', '2023-07-20 00:00:00', '2022-10-13 00:00:00', 26000000, 2, 11.11, 2888889, 2023, 9, 2023, True, '', '2023-08-09 14:44:43', '', '2023-08-09 14:44:43', 2888889, 23111111),
('9425eda2-13ab-4dba-90b6-6cff8440579a', 'TS00190', 'Canon EOS 6D Mark II', NULL, NULL, NULL, '2bbbd485-6df2-536a-7e32-6a1673ffca7c', 'TCTH', 'Phòng tài chính tổng hợp', '354f1b13-17bf-1b52-87d5-ba100c6f7bce', 'MA', 'Máy ảnh', '2023-03-04 00:00:00', '2022-01-24 00:00:00', 35000000, 4, 25, 8750000, 2023, 4, 2023, True, '', '2023-08-09 14:44:43', '', '2023-08-09 14:44:43', 8750000, 26250000),
('9467bcea-e7a5-4535-aa5f-ff65bcb8b30a', 'TS00215', 'Canon PIXMA MG2522', NULL, NULL, NULL, '7686595d-16d5-33b3-0080-e8e2a817c80e', 'CNTT', 'Phòng công nghệ thông tin', '3e9ce051-3625-11ee-a2e3-d45d64601179', 'MI', 'Máy in', '2022-09-13 00:00:00', '2022-02-24 00:00:00', 1000000, 1, 10, 100000, 2023, 10, 2022, True, '', '2023-08-09 14:44:43', '', '2023-08-09 14:44:43', 200000, 800000),
('9473bbe1-c91f-43b7-a553-316b88c8abcc', 'TS00202', 'iPhone 13', NULL, NULL, NULL, '17120d02-6ab5-3e43-18cb-66948daf6128', 'HR', 'Phòng nhân sự', '25c6c36e-1668-7d10-6e09-bf1378b8dc91', 'ĐT', 'Điện thoại', '2022-05-16 00:00:00', '2022-04-11 00:00:00', 23000000, 6, 14.29, 3285714, 2023, 7, 2022, True, '', '2023-08-09 14:44:43', '', '2023-08-09 14:44:43', 6571429, 16428571),
('96889f00-7efc-473f-8f4f-8e8229654064', 'TS00152', 'Logitech G502', NULL, NULL, NULL, '17120d02-6ab5-3e43-18cb-66948daf6128', 'HR', 'Phòng nhân sự', 'dd23336c-3624-11ee-a2e3-d45d64601179', 'CMT', 'Chuột máy tính\r\n', '2023-06-04 00:00:00', '2023-03-16 00:00:00', 1200000, 6, 14.29, 171429, 2023, 7, 2023, True, '', '2023-08-09 14:44:43', '', '2023-08-09 14:44:43', 171429, 1028571),
('96c6188d-cdfc-4c4d-bd49-57b7a2652459', 'TS00102', 'Logitech G502', NULL, NULL, NULL, '17120d02-6ab5-3e43-18cb-66948daf6128', 'HR', 'Phòng nhân sự', 'dd23336c-3624-11ee-a2e3-d45d64601179', 'CMT', 'Chuột máy tính\r\n', '2023-04-15 00:00:00', '2022-11-19 00:00:00', 1200000, 6, 14.29, 171429, 2023, 7, 2023, True, '', '2023-08-09 14:44:43', '', '2023-08-09 14:44:43', 171429, 1028571),
('97520a47-01f9-4a69-8426-ee82269900e2', 'TS00394', 'BenQ 30" Monitor', NULL, NULL, NULL, '768f8e64-7d10-20c9-967d-e8c757976496', 'KT', 'Phòng kỹ thuật', '3700cc49-55b5-69ea-4929-a2925c0f334d', 'MH', 'Màn hình', '2023-01-16 00:00:00', '2022-11-26 00:00:00', 5700000, 10, 6.67, 380000, 2023, 15, 2023, True, '', '2023-08-09 14:44:43', '', '2023-08-09 14:44:43', 380000, 5320000),
('975df228-eb30-40d5-94c1-529c4a67aeb8', 'TS00218', 'HP Pavilion', NULL, NULL, NULL, '4577565a-7e3e-493a-74dd-867949feb8b5', 'CSKH', 'Phòng chăm sóc khách hàng', '148ed882-32b8-218e-9c20-39c2f00615e8', 'MTXT', 'Máy tính xách tay', '2023-04-30 00:00:00', '2022-12-13 00:00:00', 15000000, 4, 14.29, 2142857, 2023, 7, 2023, True, '', '2023-08-09 14:44:43', '', '2023-08-09 14:44:43', 2142857, 12857143),
('98ed4d0b-470d-4a62-8bdb-c67eab2c5629', 'TS00148', 'Dell Latitude 5420', NULL, NULL, NULL, '7686595d-16d5-33b3-0080-e8e2a817c80e', 'CNTT', 'Phòng công nghệ thông tin', '148ed882-32b8-218e-9c20-39c2f00615e8', 'MTXT', 'Máy tính xách tay', '2022-09-19 00:00:00', '2022-04-04 00:00:00', 18000000, 8, 7.14, 1285714, 2023, 14, 2022, True, '', '2023-08-09 14:44:43', '', '2023-08-09 14:44:43', 2571429, 15428571),
('99ef7529-bd0e-4ab5-9693-8ba51fee6e36', 'TS00337', 'Acer Aspire 6', NULL, NULL, NULL, '17120d02-6ab5-3e43-18cb-66948daf6128', 'HR', 'Phòng nhân sự', '148ed882-32b8-218e-9c20-39c2f00615e8', 'MTXT', 'Máy tính xách tay', '2023-07-17 00:00:00', '2023-03-18 00:00:00', 14500000, 7, 7.14, 1035714, 2023, 14, 2023, True, '', '2023-08-09 14:44:43', '', '2023-08-09 14:44:43', 1035714, 13464286),
('9a6f4a64-2196-4895-8411-fd7d5d4b183f', 'TS00333', 'Olympus OM-D E-M10 Mark IV', NULL, NULL, NULL, '17120d02-6ab5-3e43-18cb-66948daf6128', 'HR', 'Phòng nhân sự', '354f1b13-17bf-1b52-87d5-ba100c6f7bce', 'MA', 'Máy ảnh', '2023-05-19 00:00:00', '2023-01-18 00:00:00', 22500000, 4, 12.5, 2812500, 2023, 8, 2023, True, '', '2023-08-09 14:44:43', '', '2023-08-09 14:44:43', 2812500, 19687500),
('9ac0b468-4725-4495-bf4b-cf4f8ff3094b', 'TS00243', 'Huawei P40', NULL, NULL, NULL, '469b3ece-744a-45d5-957d-e8c757976496', 'NC', 'Phòng nghiên cứu', '25c6c36e-1668-7d10-6e09-bf1378b8dc91', 'ĐT', 'Điện thoại', '2022-11-13 00:00:00', '2022-01-16 00:00:00', 18000000, 9, 7.69, 1384615, 2023, 13, 2022, True, '', '2023-08-09 14:44:43', '', '2023-08-09 14:44:43', 2769231, 15230769),
('9b358ea6-6154-43ea-a376-805983acfd1d', 'TS00130', 'Razer Naga X', NULL, NULL, NULL, '2bbbd485-6df2-536a-7e32-6a1673ffca7c', 'TCTH', 'Phòng tài chính tổng hợp', 'dd23336c-3624-11ee-a2e3-d45d64601179', 'CMT', 'Chuột máy tính\r\n', '2023-05-22 00:00:00', '2023-02-14 00:00:00', 1800000, 10, 10, 180000, 2023, 10, 2023, True, '', '2023-08-09 14:44:43', '', '2023-08-09 14:44:43', 180000, 1620000),
('9c35ef80-39fe-460f-98af-fe39b87d2695', 'TS00045', 'Màn hình Philips 24"', NULL, NULL, NULL, '4e272fc4-7875-78d6-7d32-6a1673ffca7c', 'QL', 'Phòng quản lý', '3700cc49-55b5-69ea-4929-a2925c0f334d', 'MH', 'Màn hình', '2022-11-27 00:00:00', '2022-06-16 00:00:00', 4500000, 3, 8.33, 375000, 2023, 12, 2022, True, '', '2023-08-09 14:44:43', '', '2023-08-09 14:44:43', 750000, 3750000),
('9c73d207-cc76-47a9-b01b-c9a474d85a00', 'TS00236', 'Dell XPS 13', NULL, NULL, NULL, '7686595d-16d5-33b3-0080-e8e2a817c80e', 'CNTT', 'Phòng công nghệ thông tin', '148ed882-32b8-218e-9c20-39c2f00615e8', 'MTXT', 'Máy tính xách tay', '2022-09-12 00:00:00', '2022-01-05 00:00:00', 27000000, 10, 20, 5400000, 2023, 5, 2022, True, '', '2023-08-09 14:44:43', '', '2023-08-09 14:44:43', 10800000, 16200000),
('9ca49454-2786-47a7-a834-c878a61b4fd6', 'TS00079', 'HP Wired Keyboard', NULL, NULL, NULL, '59d19422-6657-452e-a7db-e5d54223c257', 'KDTT', 'Phòng kinh doanh và tiếp thị', 'fa18577f-3624-11ee-a2e3-d45d64601179', 'BP', 'Bàn phím', '2022-11-10 00:00:00', '2022-04-17 00:00:00', 300000, 8, 6.67, 20000, 2023, 15, 2022, True, '', '2023-08-09 14:44:43', '', '2023-08-09 14:44:43', 40000, 260000),
('9e01ed59-8dce-447c-9d7d-82d585c06ac5', 'TS00117', 'OnePlus 9', NULL, NULL, NULL, '2bbbd485-6df2-536a-7e32-6a1673ffca7c', 'TCTH', 'Phòng tài chính tổng hợp', '25c6c36e-1668-7d10-6e09-bf1378b8dc91', 'ĐT', 'Điện thoại', '2023-06-14 00:00:00', '2023-02-13 00:00:00', 14000000, 8, 11.11, 1555556, 2023, 9, 2023, True, '', '2023-08-09 14:44:43', '', '2023-08-09 14:44:43', 1555556, 12444444),
('9ed97fa9-482f-4d32-b21a-aa2b882d7726', 'TS00173', 'Canon EOS M50', NULL, NULL, NULL, '59d19422-6657-452e-a7db-e5d54223c257', 'KDTT', 'Phòng kinh doanh và tiếp thị', '354f1b13-17bf-1b52-87d5-ba100c6f7bce', 'MA', 'Máy ảnh', '2023-07-30 00:00:00', '2023-07-05 00:00:00', 16000000, 10, 9.09, 1454545, 2023, 11, 2023, True, '', '2023-08-09 14:44:43', '', '2023-08-09 14:44:43', 1454545, 14545455),
('a080dab7-d954-4a2f-a4ce-980867eb9a8c', 'TS00272', 'MacBook Pro', NULL, NULL, NULL, '768f8e64-7d10-20c9-967d-e8c757976496', 'KT', 'Phòng kỹ thuật', '148ed882-32b8-218e-9c20-39c2f00615e8', 'MTXT', 'Máy tính xách tay', '2023-07-23 00:00:00', '2023-02-23 00:00:00', 30000000, 4, 16.67, 5000000, 2023, 6, 2023, True, '', '2023-08-09 14:44:43', '', '2023-08-09 14:44:43', 5000000, 25000000),
('a0d3bf49-3e06-410c-b483-7789f0373a8f', 'TS00257', 'Ricoh SP 377DNwX', NULL, NULL, NULL, '142cb08f-7c31-21fa-8e90-67245e8b283e', 'TK', 'Phòng thư ký', '3e9ce051-3625-11ee-a2e3-d45d64601179', 'MI', 'Máy in', '2023-07-22 00:00:00', '2023-06-25 00:00:00', 9000000, 3, 7.14, 642857, 2023, 14, 2023, True, '', '2023-08-09 14:44:43', '', '2023-08-09 14:44:43', 642857, 8357143),
('a1124186-bb54-4b34-a18c-507124505350', 'TS00274', 'Nikon D780', NULL, NULL, NULL, '4577565a-7e3e-493a-74dd-867949feb8b5', 'CSKH', 'Phòng chăm sóc khách hàng', '354f1b13-17bf-1b52-87d5-ba100c6f7bce', 'MA', 'Máy ảnh', '2022-09-19 00:00:00', '2022-08-14 00:00:00', 32000000, 1, 8.33, 2666667, 2023, 12, 2022, True, '', '2023-08-09 14:44:43', '', '2023-08-09 14:44:43', 5333333, 26666667),
('a2168efb-1bf3-4045-ab76-8caa659711f8', 'TS00051', 'Dell Inspiron 15', NULL, NULL, NULL, '11452b0c-768e-5ff7-0d63-eeb1d8ed8cef', 'HCKT', 'Phòng hành chính kế toán', '148ed882-32b8-218e-9c20-39c2f00615e8', 'MTXT', 'Máy tính xách tay', '2022-07-26 00:00:00', '2022-03-09 00:00:00', 15000000, 10, 9.09, 1363636, 2023, 11, 2022, True, '', '2023-08-09 14:44:43', '', '2023-08-09 14:44:43', 2727273, 12272727),
('a2cb525c-4d7f-4998-adac-571cc14a59e7', 'TS00235', 'Logitech MX Master', NULL, NULL, NULL, '768f8e64-7d10-20c9-967d-e8c757976496', 'KT', 'Phòng kỹ thuật', 'dd23336c-3624-11ee-a2e3-d45d64601179', 'CMT', 'Chuột máy tính\r\n', '2022-12-31 00:00:00', '2022-08-24 00:00:00', 2500000, 8, 20, 500000, 2023, 5, 2022, True, '', '2023-08-09 14:44:43', '', '2023-08-09 14:44:43', 1000000, 1500000),
('a38d8c63-32ac-42b8-8c12-4e2de0b82445', 'TS00187', 'Sony WH-XB910N', NULL, NULL, NULL, '17120d02-6ab5-3e43-18cb-66948daf6128', 'HR', 'Phòng nhân sự', '09cfb0c0-3625-11ee-a2e3-d45d64601179', 'TN', 'Tai nghe\r\n', '2023-03-14 00:00:00', '2022-10-02 00:00:00', 3500000, 7, 7.14, 250000, 2023, 14, 2023, True, '', '2023-08-09 14:44:43', '', '2023-08-09 14:44:43', 250000, 3250000),
('a3e76ae5-1373-49c9-96af-d191d33cadfe', 'TS00015', 'Màn hình Dell 24"', NULL, NULL, NULL, '7686595d-16d5-33b3-0080-e8e2a817c80e', 'CNTT', 'Phòng công nghệ thông tin', '3700cc49-55b5-69ea-4929-a2925c0f334d', 'MH', 'Màn hình', '2023-03-02 00:00:00', '2022-06-27 00:00:00', 5400000, 1, 10, 540000, 2023, 10, 2023, True, '', '2023-08-09 14:44:43', '', '2023-08-09 14:44:43', 540000, 4860000),
('a4a55620-c484-418e-94ff-bdcf5b1b67ef', 'TS00047', 'Máy bàn Corsair One', NULL, NULL, NULL, '469b3ece-744a-45d5-957d-e8c757976496', 'NC', 'Phòng nghiên cứu', '1b691e79-236d-5b5a-9d20-39c2f00615e8', 'MB', 'Máy bàn', '2023-01-10 00:00:00', '2022-09-20 00:00:00', 36000000, 1, 16.67, 6000000, 2023, 6, 2023, True, '', '2023-08-09 14:44:43', '', '2023-08-09 14:44:43', 6000000, 30000000),
('a4c47200-f0b4-4c0b-a0b9-8e3528d9fb52', 'TS00119', 'Samsung Galaxy Buds Pro', NULL, NULL, NULL, '7686595d-16d5-33b3-0080-e8e2a817c80e', 'CNTT', 'Phòng công nghệ thông tin', '09cfb0c0-3625-11ee-a2e3-d45d64601179', 'TN', 'Tai nghe\r\n', '2023-02-14 00:00:00', '2022-08-26 00:00:00', 2500000, 4, 8.33, 208333, 2023, 12, 2023, True, '', '2023-08-09 14:44:43', '', '2023-08-09 14:44:43', 208333, 2291667),
('a551f875-9917-4fee-b606-4412911e0de6', 'TS00261', 'Nokia 8.3', NULL, NULL, NULL, '768f8e64-7d10-20c9-967d-e8c757976496', 'KT', 'Phòng kỹ thuật', '25c6c36e-1668-7d10-6e09-bf1378b8dc91', 'ĐT', 'Điện thoại', '2023-01-11 00:00:00', '2022-09-14 00:00:00', 16000000, 9, 7.14, 1142857, 2023, 14, 2023, True, '', '2023-08-09 14:44:43', '', '2023-08-09 14:44:43', 1142857, 14857143),
('a6e2e3a4-3609-4f34-a9d4-fe1f153e0b33', 'TS00392', 'Sony Alpha a7 V', NULL, NULL, NULL, '59d19422-6657-452e-a7db-e5d54223c257', 'KDTT', 'Phòng kinh doanh và tiếp thị', '354f1b13-17bf-1b52-87d5-ba100c6f7bce', 'MA', 'Máy ảnh', '2023-05-30 00:00:00', '2022-07-05 00:00:00', 31000000, 2, 8.33, 2583333, 2023, 12, 2023, True, '', '2023-08-09 14:44:43', '', '2023-08-09 14:44:43', 2583333, 28416667),
('a702d767-10c5-4a24-9978-99d21d22311b', 'TS00256', 'Leica Q2', NULL, NULL, NULL, '4e272fc4-7875-78d6-7d32-6a1673ffca7c', 'QL', 'Phòng quản lý', '354f1b13-17bf-1b52-87d5-ba100c6f7bce', 'MA', 'Máy ảnh', '2022-11-27 00:00:00', '2022-06-01 00:00:00', 50000000, 6, 11.11, 5555556, 2023, 9, 2022, True, '', '2023-08-09 14:44:43', '', '2023-08-09 14:44:43', 11111111, 38888889),
('a7d0275a-a49c-43b5-b07e-7d292c57b8bc', 'TS00355', 'Dell Latitude 2', NULL, NULL, NULL, '11452b0c-768e-5ff7-0d63-eeb1d8ed8cef', 'HCKT', 'Phòng hành chính kế toán', '148ed882-32b8-218e-9c20-39c2f00615e8', 'MTXT', 'Máy tính xách tay', '2022-11-17 00:00:00', '2022-11-17 00:00:00', 19500000, 7, 7.69, 1500000, 2023, 13, 2022, True, '', '2023-08-09 14:44:43', '', '2023-08-09 14:44:43', 3000000, 16500000),
('a81f4175-9b6d-4ef6-94f6-2499da0b0834', 'TS00203', 'Canon EOS 5D', NULL, NULL, NULL, '768f8e64-7d10-20c9-967d-e8c757976496', 'KT', 'Phòng kỹ thuật', '354f1b13-17bf-1b52-87d5-ba100c6f7bce', 'MA', 'Máy ảnh', '2023-07-27 00:00:00', '2023-07-15 00:00:00', 46000000, 4, 16.67, 7666667, 2023, 6, 2023, True, '', '2023-08-09 14:44:43', '', '2023-08-09 14:44:43', 7666667, 38333333),
('a967020f-8826-4379-ba37-918995558398', 'TS00327', 'Nikon Z7', NULL, NULL, NULL, '469b3ece-744a-45d5-957d-e8c757976496', 'NC', 'Phòng nghiên cứu', '354f1b13-17bf-1b52-87d5-ba100c6f7bce', 'MA', 'Máy ảnh', '2022-12-28 00:00:00', '2022-11-26 00:00:00', 28500000, 2, 16.67, 4750000, 2023, 6, 2022, True, '', '2023-08-09 14:44:43', '', '2023-08-09 14:44:43', 9500000, 19000000),
('a98e8d87-af0a-4f28-b46f-63c06b5921d1', 'TS00035', 'Màn hình ViewSonic 32"', NULL, NULL, NULL, '768f8e64-7d10-20c9-967d-e8c757976496', 'KT', 'Phòng kỹ thuật', '3700cc49-55b5-69ea-4929-a2925c0f334d', 'MH', 'Màn hình', '2022-10-12 00:00:00', '2022-07-29 00:00:00', 9000000, 8, 20, 1800000, 2023, 5, 2022, True, '', '2023-08-09 14:44:43', '', '2023-08-09 14:44:43', 3600000, 5400000),
('a9fbe428-d532-42ce-b6aa-49873e1f6279', 'TS00018', 'Điện thoại OnePlus 9', NULL, NULL, NULL, '4577565a-7e3e-493a-74dd-867949feb8b5', 'CSKH', 'Phòng chăm sóc khách hàng', '25c6c36e-1668-7d10-6e09-bf1378b8dc91', 'ĐT', 'Điện thoại', '2023-07-06 00:00:00', '2023-02-17 00:00:00', 11250000, 4, 14.29, 1607143, 2023, 7, 2023, True, '', '2023-08-09 14:44:43', '', '2023-08-09 14:44:43', 1607143, 9642857),
('ab900388-7a64-4b88-98f2-1f5433634553', 'TS00373', 'Asus ROG Strix 3', NULL, NULL, NULL, '59d19422-6657-452e-a7db-e5d54223c257', 'KDTT', 'Phòng kinh doanh và tiếp thị', '148ed882-32b8-218e-9c20-39c2f00615e8', 'MTXT', 'Máy tính xách tay', '2022-11-30 00:00:00', '2022-09-24 00:00:00', 19000000, 10, 9.09, 1727273, 2023, 11, 2022, True, '', '2023-08-09 14:44:43', '', '2023-08-09 14:44:43', 3454545, 15545455),
('ac2333a9-e370-4f13-b478-f0e3108937c5', 'TS00264', 'LG 32" Monitor', NULL, NULL, NULL, '768f8e64-7d10-20c9-967d-e8c757976496', 'KT', 'Phòng kỹ thuật', '3700cc49-55b5-69ea-4929-a2925c0f334d', 'MH', 'Màn hình', '2023-07-16 00:00:00', '2022-12-03 00:00:00', 8000000, 5, 10, 800000, 2023, 10, 2023, True, '', '2023-08-09 14:44:43', '', '2023-08-09 14:44:43', 800000, 7200000),
('ac7e7e5c-f98c-4fae-bf2e-89fbfbfc1c6b', 'TS00335', 'AOC 25" Monitor', NULL, NULL, NULL, '768f8e64-7d10-20c9-967d-e8c757976496', 'KT', 'Phòng kỹ thuật', '3700cc49-55b5-69ea-4929-a2925c0f334d', 'MH', 'Màn hình', '2023-07-26 00:00:00', '2023-03-15 00:00:00', 3100000, 8, 20, 620000, 2023, 5, 2023, True, '', '2023-08-09 14:44:43', '', '2023-08-09 14:44:43', 620000, 2480000),
('accf6322-9912-4106-b11a-f1916eaeb0ce', 'TS00007', 'Máy bàn Dell Inspiron', NULL, NULL, NULL, '142cb08f-7c31-21fa-8e90-67245e8b283e', 'TK', 'Phòng thư ký', '1b691e79-236d-5b5a-9d20-39c2f00615e8', 'MB', 'Máy bàn', '2023-05-25 00:00:00', '2022-01-31 00:00:00', 18000000, 3, 7.14, 1285714, 2023, 14, 2023, True, '', '2023-08-09 14:44:43', '', '2023-08-09 14:44:43', 1285714, 16714286),
('ae470c62-e7fb-49e9-b261-3afbfee0cf52', 'TS00361', 'HP Spectre x360 2', NULL, NULL, NULL, '768f8e64-7d10-20c9-967d-e8c757976496', 'KT', 'Phòng kỹ thuật', '148ed882-32b8-218e-9c20-39c2f00615e8', 'MTXT', 'Máy tính xách tay', '2022-10-14 00:00:00', '2022-08-21 00:00:00', 26500000, 9, 7.14, 1892857, 2023, 14, 2022, True, '', '2023-08-09 14:44:43', '', '2023-08-09 14:44:43', 3785714, 22714286),
('aeb60a8b-e242-4425-b5f4-9168ef9303b8', 'TS00278', 'Dell Latitude', NULL, NULL, NULL, '11452b0c-768e-5ff7-0d63-eeb1d8ed8cef', 'HCKT', 'Phòng hành chính kế toán', '148ed882-32b8-218e-9c20-39c2f00615e8', 'MTXT', 'Máy tính xách tay', '2023-05-21 00:00:00', '2023-02-27 00:00:00', 19000000, 7, 10, 1900000, 2023, 10, 2023, True, '', '2023-08-09 14:44:43', '', '2023-08-09 14:44:43', 1900000, 17100000),
('b1122095-25e3-4e2c-b822-aeb9be42cb89', 'TS00380', 'Sony WH-1000XM6', NULL, NULL, NULL, '2bbbd485-6df2-536a-7e32-6a1673ffca7c', 'TCTH', 'Phòng tài chính tổng hợp', '09cfb0c0-3625-11ee-a2e3-d45d64601179', 'TN', 'Tai nghe\r\n', '2023-07-22 00:00:00', '2023-01-06 00:00:00', 3600000, 10, 10, 360000, 2023, 10, 2023, True, '', '2023-08-09 14:44:43', '', '2023-08-09 14:44:43', 360000, 3240000),
('b150c1ec-27d2-442e-98f6-b2caca26ca5a', 'TS00385', 'Google Pixel 8', NULL, NULL, NULL, '768f8e64-7d10-20c9-967d-e8c757976496', 'KT', 'Phòng kỹ thuật', '25c6c36e-1668-7d10-6e09-bf1378b8dc91', 'ĐT', 'Điện thoại', '2023-04-05 00:00:00', '2023-03-05 00:00:00', 20000000, 8, 20, 4000000, 2023, 5, 2023, True, '', '2023-08-09 14:44:43', '', '2023-08-09 14:44:43', 4000000, 16000000),
('b22a0e81-4f69-478e-854c-15ee05d0b6c0', 'TS00252', 'ViewSonic 27" Monitor', NULL, NULL, NULL, '17120d02-6ab5-3e43-18cb-66948daf6128', 'HR', 'Phòng nhân sự', '3700cc49-55b5-69ea-4929-a2925c0f334d', 'MH', 'Màn hình', '2023-07-24 00:00:00', '2023-07-22 00:00:00', 6500000, 6, 14.29, 928571, 2023, 7, 2023, True, '', '2023-08-09 14:44:43', '', '2023-08-09 14:44:43', 928571, 5571429),
('b26d253c-fa00-45b8-b177-2f5ae336c4de', 'TS00160', 'Bose SoundSport Free', NULL, NULL, NULL, '17120d02-6ab5-3e43-18cb-66948daf6128', 'HR', 'Phòng nhân sự', '09cfb0c0-3625-11ee-a2e3-d45d64601179', 'TN', 'Tai nghe\r\n', '2023-06-21 00:00:00', '2023-04-27 00:00:00', 3000000, 4, 12.5, 375000, 2023, 8, 2023, True, '', '2023-08-09 14:44:43', '', '2023-08-09 14:44:43', 375000, 2625000),
('b29fcc78-67ec-49dd-bfdc-a4ae0f119417', 'TS00105', 'OnePlus Nord', NULL, NULL, NULL, '11452b0c-768e-5ff7-0d63-eeb1d8ed8cef', 'HCKT', 'Phòng hành chính kế toán', '25c6c36e-1668-7d10-6e09-bf1378b8dc91', 'ĐT', 'Điện thoại', '2022-10-28 00:00:00', '2022-01-16 00:00:00', 8000000, 7, 7.69, 615385, 2023, 13, 2022, True, '', '2023-08-09 14:44:43', '', '2023-08-09 14:44:43', 1230769, 6769231),
('b2fa6998-89e5-416c-bd9d-643fece566dd', 'TS00193', 'Logitech G502 Hero', NULL, NULL, NULL, '469b3ece-744a-45d5-957d-e8c757976496', 'NC', 'Phòng nghiên cứu', 'dd23336c-3624-11ee-a2e3-d45d64601179', 'CMT', 'Chuột máy tính\r\n', '2022-07-24 00:00:00', '2022-01-10 00:00:00', 1200000, 9, 7.69, 92308, 2023, 13, 2022, True, '', '2023-08-09 14:44:43', '', '2023-08-09 14:44:43', 184615, 1015385),
('b32a77da-c1c6-427c-93c5-2c9ba2109993', 'TS00077', 'Apple iPhone 13', NULL, NULL, NULL, '469b3ece-744a-45d5-957d-e8c757976496', 'NC', 'Phòng nghiên cứu', '25c6c36e-1668-7d10-6e09-bf1378b8dc91', 'ĐT', 'Điện thoại', '2023-05-03 00:00:00', '2022-11-28 00:00:00', 20000000, 2, 16.67, 3333333, 2023, 6, 2023, True, '', '2023-08-09 14:44:43', '', '2023-08-09 14:44:43', 3333333, 16666667),
('b3ec6f01-e819-4e85-9ad9-99fd7a2ab047', 'TS00324', 'Logitech MX Master 2', NULL, NULL, NULL, '4577565a-7e3e-493a-74dd-867949feb8b5', 'CSKH', 'Phòng chăm sóc khách hàng', 'dd23336c-3624-11ee-a2e3-d45d64601179', 'CMT', 'Chuột máy tính\r\n', '2023-07-23 00:00:00', '2023-04-02 00:00:00', 2550000, 1, 8.33, 212500, 2023, 12, 2023, True, '', '2023-08-09 14:44:43', '', '2023-08-09 14:44:43', 212500, 2337500),
('b51308d8-885f-4da2-827a-9522e986ae25', 'TS00088', 'Nikon D3500', NULL, NULL, NULL, '469b3ece-744a-45d5-957d-e8c757976496', 'NC', 'Phòng nghiên cứu', '354f1b13-17bf-1b52-87d5-ba100c6f7bce', 'MA', 'Máy ảnh', '2023-01-02 00:00:00', '2022-01-12 00:00:00', 14000000, 1, 8.33, 1166667, 2023, 12, 2023, True, '', '2023-08-09 14:44:43', '', '2023-08-09 14:44:43', 1166667, 12833333),
('b6257ffd-e7b1-439b-b7ff-222973c17b5b', 'TS00245', 'Lexmark B2236dw', NULL, NULL, NULL, '4e272fc4-7875-78d6-7d32-6a1673ffca7c', 'QL', 'Phòng quản lý', '3e9ce051-3625-11ee-a2e3-d45d64601179', 'MI', 'Máy in', '2023-05-10 00:00:00', '2022-01-29 00:00:00', 7000000, 3, 8.33, 583333, 2023, 12, 2023, True, '', '2023-08-09 14:44:43', '', '2023-08-09 14:44:43', 583333, 6416667),
('b68ad334-b0e1-4082-9f58-b9f9682f38bc', 'TS00310', 'Epson EcoTank L3160', NULL, NULL, NULL, '17120d02-6ab5-3e43-18cb-66948daf6128', 'HR', 'Phòng nhân sự', '3e9ce051-3625-11ee-a2e3-d45d64601179', 'MI', 'Máy in', '2023-01-24 00:00:00', '2022-12-16 00:00:00', 3050000, 4, 12.5, 381250, 2023, 8, 2023, True, '', '2023-08-09 14:44:43', '', '2023-08-09 14:44:43', 381250, 2668750),
('b6faa1d6-1606-4770-9649-9ec921367603', 'TS00036', 'Máy tính xách tay Toshiba Portege', NULL, NULL, NULL, '7686595d-16d5-33b3-0080-e8e2a817c80e', 'CNTT', 'Phòng công nghệ thông tin', '148ed882-32b8-218e-9c20-39c2f00615e8', 'MTXT', 'Máy tính xách tay', '2023-03-05 00:00:00', '2022-06-05 00:00:00', 22500000, 10, 20, 4500000, 2023, 5, 2023, True, '', '2023-08-09 14:44:43', '', '2023-08-09 14:44:43', 4500000, 18000000),
('b725f677-0405-44ca-8404-3eabb30a6a49', 'TS00347', 'Dell 28" Monitor', NULL, NULL, NULL, '469b3ece-744a-45d5-957d-e8c757976496', 'NC', 'Phòng nghiên cứu', '3700cc49-55b5-69ea-4929-a2925c0f334d', 'MH', 'Màn hình', '2022-12-23 00:00:00', '2022-10-10 00:00:00', 7600000, 1, 16.67, 1266667, 2023, 6, 2022, True, '', '2023-08-09 14:44:43', '', '2023-08-09 14:44:43', 2533333, 5066667),
('b7d94ff9-72b5-40b2-9206-3868cffe2332', 'TS00206', 'Samsung 24" Monitor', NULL, NULL, NULL, '4e272fc4-7875-78d6-7d32-6a1673ffca7c', 'QL', 'Phòng quản lý', '3700cc49-55b5-69ea-4929-a2925c0f334d', 'MH', 'Màn hình', '2023-06-26 00:00:00', '2022-10-18 00:00:00', 4000000, 6, 11.11, 444444, 2023, 9, 2023, True, '', '2023-08-09 14:44:43', '', '2023-08-09 14:44:43', 444444, 3555556),
('b991b349-0255-43a0-b832-c1bb8e89b703', 'TS00402', 'Máy bàn Acer Aspire', NULL, NULL, NULL, '11452b0c-768e-5ff7-0d63-eeb1d8ed8cef', 'HCKT', 'Phòng hành chính kế toán', '1b691e79-236d-5b5a-9d20-39c2f00615e8', 'MB', 'Máy bàn', '2022-07-30 00:00:00', '2022-07-26 00:00:00', 13500000, 2, 25, 3375000, 2023, 4, 2022, True, '', '2023-11-14 14:45:06', '', '2023-11-14 14:45:06', 3375000, 10125000),
('bad2bee0-bd50-4d35-8b00-aa92df322f43', 'TS00227', 'Brother HL-L2380DW', NULL, NULL, NULL, '469b3ece-744a-45d5-957d-e8c757976496', 'NC', 'Phòng nghiên cứu', '3e9ce051-3625-11ee-a2e3-d45d64601179', 'MI', 'Máy in', '2023-06-25 00:00:00', '2023-03-08 00:00:00', 4000000, 2, 16.67, 666667, 2023, 6, 2023, True, '', '2023-08-09 14:44:43', '', '2023-08-09 14:44:43', 666667, 3333333),
('bc0ff00a-2db3-44eb-94f3-e2699c78f6f9', 'TS00073', 'Canon EOS R5', NULL, NULL, NULL, '59d19422-6657-452e-a7db-e5d54223c257', 'KDTT', 'Phòng kinh doanh và tiếp thị', '354f1b13-17bf-1b52-87d5-ba100c6f7bce', 'MA', 'Máy ảnh', '2023-03-25 00:00:00', '2023-01-07 00:00:00', 60000000, 10, 9.09, 5454545, 2023, 11, 2023, True, '', '2023-08-09 14:44:43', '', '2023-08-09 14:44:43', 5454545, 54545455),
('bc4fefdc-d537-4dc1-a6f7-e6e9e7105ea0', 'TS00181', 'Logitech G915 TKL', NULL, NULL, NULL, '469b3ece-744a-45d5-957d-e8c757976496', 'NC', 'Phòng nghiên cứu', 'fa18577f-3624-11ee-a2e3-d45d64601179', 'BP', 'Bàn phím', '2022-06-27 00:00:00', '2022-01-12 00:00:00', 2500000, 7, 7.69, 192308, 2023, 13, 2022, True, '', '2023-08-09 14:44:43', '', '2023-08-09 14:44:43', 384615, 2115385),
('bc9a9dcc-0518-4c66-9d8f-cbf8e86dae00', 'TS00345', 'Leica Q3', NULL, NULL, NULL, '4e272fc4-7875-78d6-7d32-6a1673ffca7c', 'QL', 'Phòng quản lý', '354f1b13-17bf-1b52-87d5-ba100c6f7bce', 'MA', 'Máy ảnh', '2023-05-29 00:00:00', '2022-08-15 00:00:00', 50500000, 3, 8.33, 4208333, 2023, 12, 2023, True, '', '2023-08-09 14:44:43', '', '2023-08-09 14:44:43', 4208333, 46291667),
('bd8e08d1-dd01-4e86-851c-39d16ea8bc70', 'TS00138', 'Logitech MX Master 3', NULL, NULL, NULL, '469b3ece-744a-45d5-957d-e8c757976496', 'NC', 'Phòng nghiên cứu', 'dd23336c-3624-11ee-a2e3-d45d64601179', 'CMT', 'Chuột máy tính\r\n', '2023-05-20 00:00:00', '2023-05-19 00:00:00', 1500000, 1, 8.33, 125000, 2023, 12, 2023, True, '', '2023-08-09 14:44:43', '', '2023-08-09 14:44:43', 125000, 1375000),
('beaa1b9b-d067-4bd3-bb67-7c48ff470fef', 'TS00146', 'Bose SoundLink Color II', NULL, NULL, NULL, '7686595d-16d5-33b3-0080-e8e2a817c80e', 'CNTT', 'Phòng công nghệ thông tin', '09cfb0c0-3625-11ee-a2e3-d45d64601179', 'TN', 'Tai nghe\r\n', '2023-07-01 00:00:00', '2022-09-09 00:00:00', 2500000, 3, 9.09, 227273, 2023, 11, 2023, True, '', '2023-08-09 14:44:43', '', '2023-08-09 14:44:43', 227273, 2272727),
('bf50226b-b1c5-4561-a384-8858d4be2a9a', 'TS00165', 'Microsoft Surface Laptop', NULL, NULL, NULL, '7686595d-16d5-33b3-0080-e8e2a817c80e', 'CNTT', 'Phòng công nghệ thông tin', '148ed882-32b8-218e-9c20-39c2f00615e8', 'MTXT', 'Máy tính xách tay', '2023-03-10 00:00:00', '2022-08-04 00:00:00', 22000000, 1, 10, 2200000, 2023, 10, 2023, True, '', '2023-08-09 14:44:43', '', '2023-08-09 14:44:43', 2200000, 19800000),
('bf845363-8fad-4057-aac3-8fd422b475ac', 'TS00390', 'Apple MacBook Pro 13', NULL, NULL, NULL, '2bbbd485-6df2-536a-7e32-6a1673ffca7c', 'TCTH', 'Phòng tài chính tổng hợp', '148ed882-32b8-218e-9c20-39c2f00615e8', 'MTXT', 'Máy tính xách tay', '2023-07-15 00:00:00', '2023-07-03 00:00:00', 26000000, 4, 25, 6500000, 2023, 4, 2023, True, '', '2023-08-09 14:44:43', '', '2023-08-09 14:44:43', 6500000, 19500000),
('c0509ba6-ae97-4d1b-8c32-8d664bb676f1', 'TS00196', 'OnePlus 5T', NULL, NULL, NULL, '7686595d-16d5-33b3-0080-e8e2a817c80e', 'CNTT', 'Phòng công nghệ thông tin', '25c6c36e-1668-7d10-6e09-bf1378b8dc91', 'ĐT', 'Điện thoại', '2023-07-21 00:00:00', '2023-06-28 00:00:00', 6000000, 3, 9.09, 545455, 2023, 11, 2023, True, '', '2023-08-09 14:44:43', '', '2023-08-09 14:44:43', 545455, 5454545),
('c1c1d7e1-9cc0-4111-ab07-ae9d3f13f131', 'TS00174', 'Dell Alienware', NULL, NULL, NULL, '4577565a-7e3e-493a-74dd-867949feb8b5', 'CSKH', 'Phòng chăm sóc khách hàng', '148ed882-32b8-218e-9c20-39c2f00615e8', 'MTXT', 'Máy tính xách tay', '2023-06-20 00:00:00', '2022-01-22 00:00:00', 35000000, 1, 8.33, 2916667, 2023, 12, 2023, True, '', '2023-08-09 14:44:43', '', '2023-08-09 14:44:43', 2916667, 32083333),
('c47391ed-0cc1-488f-8158-a6274a0fdc46', 'TS00367', 'Dell Inspiron 18', NULL, NULL, NULL, '2bbbd485-6df2-536a-7e32-6a1673ffca7c', 'TCTH', 'Phòng tài chính tổng hợp', '148ed882-32b8-218e-9c20-39c2f00615e8', 'MTXT', 'Máy tính xách tay', '2023-07-04 00:00:00', '2023-02-04 00:00:00', 17500000, 8, 11.11, 1944444, 2023, 9, 2023, True, '', '2023-08-09 14:44:43', '', '2023-08-09 14:44:43', 1944444, 15555556),
('c47aa249-1cc5-4f72-9f5f-fd2e19a03bba', 'TS00162', 'Dell OptiPlex 3070', NULL, NULL, NULL, '11452b0c-768e-5ff7-0d63-eeb1d8ed8cef', 'HCKT', 'Phòng hành chính kế toán', '1b691e79-236d-5b5a-9d20-39c2f00615e8', 'MB', 'Máy bàn', '2022-09-04 00:00:00', '2022-01-31 00:00:00', 10000000, 2, 25, 2500000, 2023, 4, 2022, True, '', '2023-08-09 14:44:43', '', '2023-08-09 14:44:43', 5000000, 5000000),
('c49de8bb-19f2-4a93-9476-c279f1b8d68a', 'TS00039', 'Máy ảnh Pentax K-3', NULL, NULL, NULL, '142cb08f-7c31-21fa-8e90-67245e8b283e', 'TK', 'Phòng thư ký', '354f1b13-17bf-1b52-87d5-ba100c6f7bce', 'MA', 'Máy ảnh', '2023-04-30 00:00:00', '2022-12-20 00:00:00', 27000000, 2, 6.67, 1800000, 2023, 15, 2023, True, '', '2023-08-09 14:44:43', '', '2023-08-09 14:44:43', 1800000, 25200000),
('c74166be-18a5-4cd2-802d-e5a2c7256bcf', 'TS00205', 'Logitech G502', NULL, NULL, NULL, '11452b0c-768e-5ff7-0d63-eeb1d8ed8cef', 'HCKT', 'Phòng hành chính kế toán', 'dd23336c-3624-11ee-a2e3-d45d64601179', 'CMT', 'Chuột máy tính\r\n', '2023-01-17 00:00:00', '2022-07-08 00:00:00', 1500000, 7, 7.69, 115385, 2023, 13, 2023, True, '', '2023-08-09 14:44:43', '', '2023-08-09 14:44:43', 115385, 1384615),
('cabdb7e6-0681-414a-a4dc-06a8a6aa9147', 'TS00340', 'Kyocera ECOSYS P2236dw', NULL, NULL, NULL, '2bbbd485-6df2-536a-7e32-6a1673ffca7c', 'TCTH', 'Phòng tài chính tổng hợp', '3e9ce051-3625-11ee-a2e3-d45d64601179', 'MI', 'Máy in', '2022-12-23 00:00:00', '2022-11-10 00:00:00', 8050000, 4, 25, 2012500, 2023, 4, 2022, True, '', '2023-08-09 14:44:43', '', '2023-08-09 14:44:43', 4025000, 4025000),
('cb7e7f50-3425-4082-b5f2-0fe26347beff', 'TS00080', 'Logitech Wireless Mouse', NULL, NULL, NULL, '2bbbd485-6df2-536a-7e32-6a1673ffca7c', 'TCTH', 'Phòng tài chính tổng hợp', 'dd23336c-3624-11ee-a2e3-d45d64601179', 'CMT', 'Chuột máy tính\r\n', '2023-06-24 00:00:00', '2022-08-13 00:00:00', 250000, 10, 10, 25000, 2023, 10, 2023, True, '', '2023-08-09 14:44:43', '', '2023-08-09 14:44:43', 25000, 225000),
('cbecebb3-95ad-49c3-8f98-723e92857413', 'TS00083', 'Acer Aspire 5', NULL, NULL, NULL, '17120d02-6ab5-3e43-18cb-66948daf6128', 'HR', 'Phòng nhân sự', '148ed882-32b8-218e-9c20-39c2f00615e8', 'MTXT', 'Máy tính xách tay', '2023-06-07 00:00:00', '2023-02-05 00:00:00', 10000000, 4, 12.5, 1250000, 2023, 8, 2023, True, '', '2023-08-09 14:44:43', '', '2023-08-09 14:44:43', 1250000, 8750000),
('cc7f6dd0-0bf0-4e83-826c-d1846f0a36e0', 'TS00156', 'Razer BlackWidow', NULL, NULL, NULL, '4e272fc4-7875-78d6-7d32-6a1673ffca7c', 'QL', 'Phòng quản lý', 'fa18577f-3624-11ee-a2e3-d45d64601179', 'BP', 'Bàn phím', '2023-07-14 00:00:00', '2023-07-14 00:00:00', 1500000, 6, 11.11, 166667, 2023, 9, 2023, True, '', '2023-08-09 14:44:43', '', '2023-08-09 14:44:43', 166667, 1333333),
('cca02af2-f004-4604-a9cc-4ef92847755c', 'TS00330', 'Razer Naga Y', NULL, NULL, NULL, '2bbbd485-6df2-536a-7e32-6a1673ffca7c', 'TCTH', 'Phòng tài chính tổng hợp', 'dd23336c-3624-11ee-a2e3-d45d64601179', 'CMT', 'Chuột máy tính\r\n', '2022-12-27 00:00:00', '2022-03-18 00:00:00', 1650000, 10, 10, 165000, 2023, 10, 2022, True, '', '2023-08-09 14:44:43', '', '2023-08-09 14:44:43', 330000, 1320000),
('ce624f93-1b7b-467e-82c6-67fa173c2447', 'TS00325', 'Dell XPS 14', NULL, NULL, NULL, '7686595d-16d5-33b3-0080-e8e2a817c80e', 'CNTT', 'Phòng công nghệ thông tin', '148ed882-32b8-218e-9c20-39c2f00615e8', 'MTXT', 'Máy tính xách tay', '2023-04-11 00:00:00', '2022-11-18 00:00:00', 27500000, 6, 9.09, 2500000, 2023, 11, 2023, True, '', '2023-08-09 14:44:43', '', '2023-08-09 14:44:43', 2500000, 25000000),
('ce7ca1d6-ed8f-44f1-b1e7-b480279552b4', 'TS00233', 'Canon ImageCLASS MF236n', NULL, NULL, NULL, '17120d02-6ab5-3e43-18cb-66948daf6128', 'HR', 'Phòng nhân sự', '3e9ce051-3625-11ee-a2e3-d45d64601179', 'MI', 'Máy in', '2023-06-13 00:00:00', '2022-08-25 00:00:00', 5000000, 4, 12.5, 625000, 2023, 8, 2023, True, '', '2023-08-09 14:44:43', '', '2023-08-09 14:44:43', 625000, 4375000),
('ce8d9db8-6359-40f3-ab70-2bce32954f58', 'TS00363', 'Panasonic Lumix S6', NULL, NULL, NULL, '142cb08f-7c31-21fa-8e90-67245e8b283e', 'TK', 'Phòng thư ký', '354f1b13-17bf-1b52-87d5-ba100c6f7bce', 'MA', 'Máy ảnh', '2022-04-03 00:00:00', '2022-03-31 00:00:00', 27500000, 8, 10, 2750000, 2023, 10, 2022, True, '', '2023-08-09 14:44:43', '', '2023-08-09 14:44:43', 5500000, 22000000),
('cef2b229-8031-4e89-b641-39eb7166b250', 'TS00016', 'Máy tính xách tay Asus ZenBook', NULL, NULL, NULL, '768f8e64-7d10-20c9-967d-e8c757976496', 'KT', 'Phòng kỹ thuật', '148ed882-32b8-218e-9c20-39c2f00615e8', 'MTXT', 'Máy tính xách tay', '2023-07-05 00:00:00', '2023-03-27 00:00:00', 27000000, 3, 9.09, 2454545, 2023, 11, 2023, True, '', '2023-08-09 14:44:43', '', '2023-08-09 14:44:43', 2454545, 24545455),
('d06a9f8b-ad1b-4afe-9e10-36eeae2c3a7e', 'TS00255', 'Motorola Moto G100', NULL, NULL, NULL, '11452b0c-768e-5ff7-0d63-eeb1d8ed8cef', 'HCKT', 'Phòng hành chính kế toán', '25c6c36e-1668-7d10-6e09-bf1378b8dc91', 'ĐT', 'Điện thoại', '2023-03-23 00:00:00', '2022-11-26 00:00:00', 15000000, 7, 7.69, 1153846, 2023, 13, 2023, True, '', '2023-08-09 14:44:43', '', '2023-08-09 14:44:43', 1153846, 13846154),
('d075facb-148d-455a-b69b-7eb0752e0b26', 'TS00395', 'Corsair Harpoon RGB Pro', NULL, NULL, NULL, '4e272fc4-7875-78d6-7d32-6a1673ffca7c', 'QL', 'Phòng quản lý', 'dd23336c-3624-11ee-a2e3-d45d64601179', 'CMT', 'Chuột máy tính\r\n', '2023-06-17 00:00:00', '2022-09-29 00:00:00', 920000, 3, 8.33, 76667, 2023, 12, 2023, True, '', '2023-08-09 14:44:43', '', '2023-08-09 14:44:43', 76667, 843333),
('d0d2c36c-27ba-431b-9ad6-10e6a4b68f70', 'TS00224', 'Apple MacBook Air', NULL, NULL, NULL, '4577565a-7e3e-493a-74dd-867949feb8b5', 'CSKH', 'Phòng chăm sóc khách hàng', '148ed882-32b8-218e-9c20-39c2f00615e8', 'MTXT', 'Máy tính xách tay', '2023-01-05 00:00:00', '2022-09-14 00:00:00', 25000000, 1, 8.33, 2083333, 2023, 12, 2023, NULL, NULL, NULL, '', '2023-11-16 11:33:59', 0, 25000000),
('d16f9b53-52f9-4104-9ef4-49a9dd63c591', 'TS00067', 'Sony A7 III', NULL, NULL, NULL, '2bbbd485-6df2-536a-7e32-6a1673ffca7c', 'TCTH', 'Phòng tài chính tổng hợp', '354f1b13-17bf-1b52-87d5-ba100c6f7bce', 'MA', 'Máy ảnh', '2023-06-02 00:00:00', '2022-06-27 00:00:00', 25000000, 8, 11.11, 2777778, 2023, 9, 2023, True, '', '2023-08-09 14:44:43', '', '2023-08-09 14:44:43', 2777778, 22222222),
('d26e8aad-4f70-4b6f-be37-deba75eb2611', 'TS00179', 'Dell Alienware m15', NULL, NULL, NULL, '59d19422-6657-452e-a7db-e5d54223c257', 'KDTT', 'Phòng kinh doanh và tiếp thị', '148ed882-32b8-218e-9c20-39c2f00615e8', 'MTXT', 'Máy tính xách tay', '2022-12-16 00:00:00', '2022-12-14 00:00:00', 35000000, 8, 6.67, 2333333, 2023, 15, 2022, True, '', '2023-08-09 14:44:43', '', '2023-08-09 14:44:43', 4666667, 30333333),
('d43d644b-c50c-4946-977b-b724b16988c0', 'TS00399', 'Canon ImageCLASS MF238w', NULL, NULL, NULL, '142cb08f-7c31-21fa-8e90-67245e8b283e', 'TK', 'Phòng thư ký', '3e9ce051-3625-11ee-a2e3-d45d64601179', 'MI', 'Máy in', '2023-06-19 00:00:00', '2023-04-29 00:00:00', 5100000, 10, 7.14, 364286, 2023, 14, 2023, True, '', '2023-08-09 14:44:43', '', '2023-08-09 14:44:43', 364286, 4735714),
('d4791a85-f5ff-4074-9da7-32b48f747d2f', 'TS00275', 'HP LaserJet Pro MFP M428fdw', NULL, NULL, NULL, '7686595d-16d5-33b3-0080-e8e2a817c80e', 'CNTT', 'Phòng công nghệ thông tin', '3e9ce051-3625-11ee-a2e3-d45d64601179', 'MI', 'Máy in', '2022-12-01 00:00:00', '2022-03-29 00:00:00', 12000000, 6, 9.09, 1090909, 2023, 11, 2022, True, '', '2023-08-09 14:44:43', '', '2023-08-09 14:44:43', 2181818, 9818182),
('d5f7b99a-fdaa-47dc-a2fc-5bd4f2775379', 'TS00289', 'Logitech G903', NULL, NULL, NULL, '142cb08f-7c31-21fa-8e90-67245e8b283e', 'TK', 'Phòng thư ký', 'dd23336c-3624-11ee-a2e3-d45d64601179', 'CMT', 'Chuột máy tính\r\n', '2023-05-07 00:00:00', '2023-04-28 00:00:00', 2000000, 2, 6.67, 133333, 2023, 15, 2023, True, '', '2023-08-09 14:44:43', '', '2023-08-09 14:44:43', 133333, 1866667),
('d6cdcd55-fc3e-4893-8a1e-05cab1b82b11', 'TS00096', 'Apple MacBook Air', NULL, NULL, NULL, '7686595d-16d5-33b3-0080-e8e2a817c80e', 'CNTT', 'Phòng công nghệ thông tin', '148ed882-32b8-218e-9c20-39c2f00615e8', 'MTXT', 'Máy tính xách tay', '2023-03-20 00:00:00', '2022-11-22 00:00:00', 25000000, 3, 9.09, 2272727, 2023, 11, 2023, True, '', '2023-08-09 14:44:43', '', '2023-08-09 14:44:43', 2272727, 22727273),
('d7aa4b90-50b4-4fdb-900c-8a38b7434ac7', 'TS00357', 'Sony Alpha a6500', NULL, NULL, NULL, '142cb08f-7c31-21fa-8e90-67245e8b283e', 'TK', 'Phòng thư ký', '354f1b13-17bf-1b52-87d5-ba100c6f7bce', 'MA', 'Máy ảnh', '2023-02-13 00:00:00', '2022-08-26 00:00:00', 24500000, 3, 7.14, 1750000, 2023, 14, 2023, True, '', '2023-08-09 14:44:43', '', '2023-08-09 14:44:43', 1750000, 22750000),
('d7d7945a-9f17-40d0-a635-5e2dc0aeb89d', 'TS00329', 'HP 23" Monitor', NULL, NULL, NULL, '59d19422-6657-452e-a7db-e5d54223c257', 'KDTT', 'Phòng kinh doanh và tiếp thị', '3700cc49-55b5-69ea-4929-a2925c0f334d', 'MH', 'Màn hình', '2023-05-14 00:00:00', '2022-01-21 00:00:00', 3600000, 8, 6.67, 240000, 2023, 15, 2023, True, '', '2023-08-09 14:44:43', '', '2023-08-09 14:44:43', 240000, 3360000),
('d99ecd94-4453-4ea7-afa2-8fd4b127bd9b', 'TS00129', 'OnePlus 9 Pro', NULL, NULL, NULL, '59d19422-6657-452e-a7db-e5d54223c257', 'KDTT', 'Phòng kinh doanh và tiếp thị', '25c6c36e-1668-7d10-6e09-bf1378b8dc91', 'ĐT', 'Điện thoại', '2023-05-12 00:00:00', '2022-01-28 00:00:00', 18000000, 8, 6.67, 1200000, 2023, 15, 2023, True, '', '2023-08-09 14:44:43', '', '2023-08-09 14:44:43', 1200000, 16800000),
('d9fb53fc-7cdd-4b6b-8166-4e77e9c12204', 'TS00365', 'ViewSonic 33" Monitor', NULL, NULL, NULL, '7686595d-16d5-33b3-0080-e8e2a817c80e', 'CNTT', 'Phòng công nghệ thông tin', '3700cc49-55b5-69ea-4929-a2925c0f334d', 'MH', 'Màn hình', '2023-07-12 00:00:00', '2022-12-09 00:00:00', 10100000, 1, 10, 1010000, 2023, 10, 2023, True, '', '2023-08-09 14:44:43', '', '2023-08-09 14:44:43', 1010000, 9090000),
('da01ee56-2899-4310-9340-0d6a1b368358', 'TS00094', 'Toshiba Satellite Pro', NULL, NULL, NULL, '768f8e64-7d10-20c9-967d-e8c757976496', 'KT', 'Phòng kỹ thuật', '148ed882-32b8-218e-9c20-39c2f00615e8', 'MTXT', 'Máy tính xách tay', '2023-07-11 00:00:00', '2023-06-23 00:00:00', 8000000, 10, 6.67, 533333, 2023, 15, 2023, True, '', '2023-08-09 14:44:43', '', '2023-08-09 14:44:43', 533333, 7466667),
('da6dc363-9d4e-4749-b79c-e310afca966d', 'TS00120', 'Sony A7R IV', NULL, NULL, NULL, '142cb08f-7c31-21fa-8e90-67245e8b283e', 'TK', 'Phòng thư ký', '354f1b13-17bf-1b52-87d5-ba100c6f7bce', 'MA', 'Máy ảnh', '2023-07-04 00:00:00', '2023-02-07 00:00:00', 70000000, 4, 16.67, 11666667, 2023, 6, 2023, True, '', '2023-08-09 14:44:43', '', '2023-08-09 14:44:43', 11666667, 58333333),
('da8144d7-fcb7-408a-b368-ccdd9e22e3c6', 'TS00247', 'SteelSeries Rival 3', NULL, NULL, NULL, '469b3ece-744a-45d5-957d-e8c757976496', 'NC', 'Phòng nghiên cứu', 'dd23336c-3624-11ee-a2e3-d45d64601179', 'CMT', 'Chuột máy tính\r\n', '2023-03-30 00:00:00', '2023-01-17 00:00:00', 1300000, 1, 16.67, 216667, 2023, 6, 2023, True, '', '2023-08-09 14:44:43', '', '2023-08-09 14:44:43', 216667, 1083333),
('da8151fd-3897-4c61-b02e-1d725f228b47', 'TS00276', 'Acer 28" Monitor', NULL, NULL, NULL, '768f8e64-7d10-20c9-967d-e8c757976496', 'KT', 'Phòng kỹ thuật', '3700cc49-55b5-69ea-4929-a2925c0f334d', 'MH', 'Màn hình', '2023-03-13 00:00:00', '2022-04-25 00:00:00', 9000000, 8, 6.67, 600000, 2023, 15, 2023, True, '', '2023-08-09 14:44:43', '', '2023-08-09 14:44:43', 600000, 8400000),
('dc5f0529-2c18-4dac-bbfb-f69442d569ed', 'TS00185', 'Razer Opus X', NULL, NULL, NULL, '768f8e64-7d10-20c9-967d-e8c757976496', 'KT', 'Phòng kỹ thuật', '09cfb0c0-3625-11ee-a2e3-d45d64601179', 'TN', 'Tai nghe\r\n', '2023-03-01 00:00:00', '2022-08-21 00:00:00', 3000000, 8, 20, 600000, 2023, 5, 2023, True, '', '2023-08-09 14:44:43', '', '2023-08-09 14:44:43', 600000, 2400000),
('dd7231d0-1866-45cd-b395-4ad61fd14ab8', 'TS00219', 'Google Pixel 6', NULL, NULL, NULL, '7686595d-16d5-33b3-0080-e8e2a817c80e', 'CNTT', 'Phòng công nghệ thông tin', '25c6c36e-1668-7d10-6e09-bf1378b8dc91', 'ĐT', 'Điện thoại', '2023-01-22 00:00:00', '2022-08-07 00:00:00', 19000000, 4, 8.33, 1583333, 2023, 12, 2023, True, '', '2023-08-09 14:44:43', '', '2023-08-09 14:44:43', 1583333, 17416667),
('df11effb-5916-4847-8b58-47a121ad3501', 'TS00285', 'Motorola Edge', NULL, NULL, NULL, '768f8e64-7d10-20c9-967d-e8c757976496', 'KT', 'Phòng kỹ thuật', '25c6c36e-1668-7d10-6e09-bf1378b8dc91', 'ĐT', 'Điện thoại', '2022-11-08 00:00:00', '2022-07-20 00:00:00', 12000000, 8, 20, 2400000, 2023, 5, 2022, True, '', '2023-08-09 14:44:43', '', '2023-08-09 14:44:43', 4800000, 7200000),
('e0b3ea17-a25f-43cc-842a-06e316fdb1cc', 'TS00121', 'Apple iMac', NULL, NULL, NULL, '2bbbd485-6df2-536a-7e32-6a1673ffca7c', 'TCTH', 'Phòng tài chính tổng hợp', '1b691e79-236d-5b5a-9d20-39c2f00615e8', 'MB', 'Máy bàn', '2023-06-20 00:00:00', '2023-06-12 00:00:00', 40000000, 9, 10, 4000000, 2023, 10, 2023, True, '', '2023-08-09 14:44:43', '', '2023-08-09 14:44:43', 4000000, 36000000),
('e146896e-5ebb-4e3d-a897-6986aa2b2c0f', 'TS00052', 'Apple iPhone 13', NULL, NULL, NULL, '17120d02-6ab5-3e43-18cb-66948daf6128', 'HR', 'Phòng nhân sự', '25c6c36e-1668-7d10-6e09-bf1378b8dc91', 'ĐT', 'Điện thoại', '2023-03-29 00:00:00', '2022-09-29 00:00:00', 20000000, 6, 14.29, 2857143, 2023, 7, 2023, True, '', '2023-08-09 14:44:43', '', '2023-08-09 14:44:43', 2857143, 17142857),
('e14735a9-8228-42dd-b16f-2e5b3fa16f43', 'TS00109', 'Asus ROG Strix G15', NULL, NULL, NULL, '7686595d-16d5-33b3-0080-e8e2a817c80e', 'CNTT', 'Phòng công nghệ thông tin', '148ed882-32b8-218e-9c20-39c2f00615e8', 'MTXT', 'Máy tính xách tay', '2022-09-14 00:00:00', '2022-06-10 00:00:00', 18000000, 3, 9.09, 1636364, 2023, 11, 2022, True, '', '2023-08-09 14:44:43', '', '2023-08-09 14:44:43', 3272727, 14727273),
('e15ffcaa-2fdb-46ff-b6b4-457cfe23927a', 'TS00059', 'Canon PIXMA MG2522', NULL, NULL, NULL, '7686595d-16d5-33b3-0080-e8e2a817c80e', 'CNTT', 'Phòng công nghệ thông tin', '3e9ce051-3625-11ee-a2e3-d45d64601179', 'MI', 'Máy in', '2023-02-12 00:00:00', '2022-01-02 00:00:00', 1500000, 3, 9.09, 136364, 2023, 11, 2023, True, '', '2023-08-09 14:44:43', '', '2023-08-09 14:44:43', 136364, 1363636),
('e207b4de-2436-4a40-9516-3a6d5aa8f29b', 'TS00171', 'Apple iMac', NULL, NULL, NULL, '2bbbd485-6df2-536a-7e32-6a1673ffca7c', 'TCTH', 'Phòng tài chính tổng hợp', '1b691e79-236d-5b5a-9d20-39c2f00615e8', 'MB', 'Máy bàn', '2023-05-23 00:00:00', '2022-01-30 00:00:00', 40000000, 9, 10, 4000000, 2023, 10, 2023, True, '', '2023-08-09 14:44:43', '', '2023-08-09 14:44:43', 4000000, 36000000),
('e292fd22-abd6-4e06-859e-3dcd6602b33d', 'TS00382', 'Dell 34" Monitor', NULL, NULL, NULL, '7686595d-16d5-33b3-0080-e8e2a817c80e', 'CNTT', 'Phòng công nghệ thông tin', '3700cc49-55b5-69ea-4929-a2925c0f334d', 'MH', 'Màn hình', '2023-07-25 00:00:00', '2023-07-19 00:00:00', 6200000, 6, 6.67, 413333, 2023, 15, 2023, True, '', '2023-08-09 14:44:43', '', '2023-08-09 14:44:43', 413333, 5786667),
('e2cf305a-a08c-4e81-9ccd-c8a7f628cbb3', 'TS00155', 'OnePlus Nord', NULL, NULL, NULL, '11452b0c-768e-5ff7-0d63-eeb1d8ed8cef', 'HCKT', 'Phòng hành chính kế toán', '25c6c36e-1668-7d10-6e09-bf1378b8dc91', 'ĐT', 'Điện thoại', '2023-05-08 00:00:00', '2023-02-03 00:00:00', 8000000, 7, 7.69, 615385, 2023, 13, 2023, True, '', '2023-08-09 14:44:43', '', '2023-08-09 14:44:43', 615385, 7384615),
('e2d4c3fc-8b40-4f7a-a58f-1797da843705', 'TS00097', 'Bose QuietComfort 35', NULL, NULL, NULL, '469b3ece-744a-45d5-957d-e8c757976496', 'NC', 'Phòng nghiên cứu', '09cfb0c0-3625-11ee-a2e3-d45d64601179', 'TN', 'Tai nghe\r\n', '2023-05-15 00:00:00', '2022-05-24 00:00:00', 5000000, 1, 16.67, 833333, 2023, 6, 2023, True, '', '2023-08-09 14:44:43', '', '2023-08-09 14:44:43', 833333, 4166667),
('e338fea7-891e-4290-adf7-bd65d9c26d22', 'TS00107', 'Samsung Galaxy Note 20', NULL, NULL, NULL, '142cb08f-7c31-21fa-8e90-67245e8b283e', 'TK', 'Phòng thư ký', '25c6c36e-1668-7d10-6e09-bf1378b8dc91', 'ĐT', 'Điện thoại', '2023-07-13 00:00:00', '2023-06-22 00:00:00', 20000000, 3, 7.14, 1428571, 2023, 14, 2023, True, '', '2023-08-09 14:44:43', '', '2023-08-09 14:44:43', 1428571, 18571429),
('e387b008-e6d5-4d0f-aafd-6fd1ae5b74f6', 'TS00308', 'Google Pixel 7', NULL, NULL, NULL, '11452b0c-768e-5ff7-0d63-eeb1d8ed8cef', 'HCKT', 'Phòng hành chính kế toán', '25c6c36e-1668-7d10-6e09-bf1378b8dc91', 'ĐT', 'Điện thoại', '2022-12-29 00:00:00', '2022-09-24 00:00:00', 19500000, 2, 11.11, 2166667, 2023, 9, 2022, True, '', '2023-08-09 14:44:43', '', '2023-08-09 14:44:43', 4333333, 15166667),
('e3b5ad3a-0be4-486f-a270-69fb7dc29510', 'TS00154', 'Nikon Z6', NULL, NULL, NULL, '142cb08f-7c31-21fa-8e90-67245e8b283e', 'TK', 'Phòng thư ký', '354f1b13-17bf-1b52-87d5-ba100c6f7bce', 'MA', 'Máy ảnh', '2022-06-23 00:00:00', '2022-05-07 00:00:00', 40000000, 6, 7.69, 3076923, 2023, 13, 2022, True, '', '2023-08-09 14:44:43', '', '2023-08-09 14:44:43', 6153846, 33846154),
('e44e5635-f9d7-45b1-9ecb-5a8a44169ec2', 'TS00225', 'Samsung Galaxy Note 20', NULL, NULL, NULL, '7686595d-16d5-33b3-0080-e8e2a817c80e', 'CNTT', 'Phòng công nghệ thông tin', '25c6c36e-1668-7d10-6e09-bf1378b8dc91', 'ĐT', 'Điện thoại', '2022-12-02 00:00:00', '2022-07-17 00:00:00', 24000000, 6, 9.09, 2181818, 2023, 11, 2022, True, '', '2023-08-09 14:44:43', '', '2023-08-09 14:44:43', 4363636, 19636364),
('e44f0b31-8c0c-42ce-8d82-08cbf273647c', 'TS00053', 'Canon EOS 700D', NULL, NULL, NULL, '768f8e64-7d10-20c9-967d-e8c757976496', 'KT', 'Phòng kỹ thuật', '354f1b13-17bf-1b52-87d5-ba100c6f7bce', 'MA', 'Máy ảnh', '2023-03-05 00:00:00', '2022-05-30 00:00:00', 12000000, 4, 16.67, 2000000, 2023, 6, 2023, True, '', '2023-08-09 14:44:43', '', '2023-08-09 14:44:43', 2000000, 10000000),
('e45d1755-55ac-464a-a440-ee7bbe573ac2', 'TS00037', 'Máy bàn MSI Trident', NULL, NULL, NULL, '17120d02-6ab5-3e43-18cb-66948daf6128', 'HR', 'Phòng nhân sự', '1b691e79-236d-5b5a-9d20-39c2f00615e8', 'MB', 'Máy bàn', '2023-05-23 00:00:00', '2023-01-22 00:00:00', 27000000, 7, 7.14, 1928571, 2023, 14, 2023, True, '', '2023-08-09 14:44:43', '', '2023-08-09 14:44:43', 1928571, 25071429),
('e4cd5d9a-b67b-48f9-99b3-c8a1ac4e5c34', 'TS00092', 'Sony A7 III', NULL, NULL, NULL, '59d19422-6657-452e-a7db-e5d54223c257', 'KDTT', 'Phòng kinh doanh và tiếp thị', '354f1b13-17bf-1b52-87d5-ba100c6f7bce', 'MA', 'Máy ảnh', '2023-07-22 00:00:00', '2023-06-20 00:00:00', 25000000, 2, 8.33, 2083333, 2023, 12, 2023, True, '', '2023-08-09 14:44:43', '', '2023-08-09 14:44:43', 2083333, 22916667),
('e63b3421-ca43-4307-9273-8d041021fc8b', 'TS00046', 'Máy tính xách tay Razer Blade', NULL, NULL, NULL, '7686595d-16d5-33b3-0080-e8e2a817c80e', 'CNTT', 'Phòng công nghệ thông tin', '148ed882-32b8-218e-9c20-39c2f00615e8', 'MTXT', 'Máy tính xách tay', '2022-11-01 00:00:00', '2022-02-15 00:00:00', 31500000, 3, 9.09, 2863636, 2023, 11, 2022, NULL, NULL, NULL, '', '2023-11-16 11:33:56', 2863636, 28636364),
('e6d064a4-40eb-4674-a422-2e229fa4639a', 'TS00302', 'Logitech K121', NULL, NULL, NULL, '17120d02-6ab5-3e43-18cb-66948daf6128', 'HR', 'Phòng nhân sự', 'fa18577f-3624-11ee-a2e3-d45d64601179', 'BP', 'Bàn phím', '2023-02-26 00:00:00', '2023-01-02 00:00:00', 310000, 6, 14.29, 44286, 2023, 7, 2023, True, '', '2023-08-09 14:44:43', '', '2023-08-09 14:44:43', 44286, 265714),
('e7016094-5039-4704-87f1-51f4ee615a11', 'TS00216', 'Dell 32" Monitor', NULL, NULL, NULL, '768f8e64-7d10-20c9-967d-e8c757976496', 'KT', 'Phòng kỹ thuật', '3700cc49-55b5-69ea-4929-a2925c0f334d', 'MH', 'Màn hình', '2022-02-20 00:00:00', '2022-02-07 00:00:00', 6000000, 3, 9.09, 545455, 2023, 11, 2022, True, '', '2023-08-09 14:44:43', '', '2023-08-09 14:44:43', 1090909, 4909091),
('e7a3c654-0ff1-49d4-9c2a-86a759bcb31c', 'TS00062', 'Logitech G Pro X', NULL, NULL, NULL, '11452b0c-768e-5ff7-0d63-eeb1d8ed8cef', 'HCKT', 'Phòng hành chính kế toán', 'fa18577f-3624-11ee-a2e3-d45d64601179', 'BP', 'Bàn phím', '2022-12-24 00:00:00', '2022-11-11 00:00:00', 1000000, 2, 25, 250000, 2023, 4, 2022, True, '', '2023-08-09 14:44:43', '', '2023-08-09 14:44:43', 500000, 500000),
('e84c7f85-91cc-46f2-9dfb-6cd732a8797b', 'TS00054', 'HP Wired Keyboard', NULL, NULL, NULL, '142cb08f-7c31-21fa-8e90-67245e8b283e', 'TK', 'Phòng thư ký', 'fa18577f-3624-11ee-a2e3-d45d64601179', 'BP', 'Bàn phím', '2023-05-21 00:00:00', '2022-04-25 00:00:00', 300000, 6, 7.69, 23077, 2023, 13, 2023, True, '', '2023-08-09 14:44:43', '', '2023-08-09 14:44:43', 23077, 276923),
('e8805458-58db-4454-936d-e6127e5c77df', 'TS00386', 'Fujifilm X-T6', NULL, NULL, NULL, '7686595d-16d5-33b3-0080-e8e2a817c80e', 'CNTT', 'Phòng công nghệ thông tin', '354f1b13-17bf-1b52-87d5-ba100c6f7bce', 'MA', 'Máy ảnh', '2023-03-19 00:00:00', '2023-01-03 00:00:00', 26000000, 10, 20, 5200000, 2023, 5, 2023, True, '', '2023-08-09 14:44:43', '', '2023-08-09 14:44:43', 5200000, 20800000),
('e9205aa9-c961-42b4-853f-22a8cff7f1c8', 'TS00063', 'Nikon D3500', NULL, NULL, NULL, '142cb08f-7c31-21fa-8e90-67245e8b283e', 'TK', 'Phòng thư ký', '354f1b13-17bf-1b52-87d5-ba100c6f7bce', 'MA', 'Máy ảnh', '2023-06-12 00:00:00', '2022-12-16 00:00:00', 14000000, 8, 10, 1400000, 2023, 10, 2023, True, '', '2023-08-09 14:44:43', '', '2023-08-09 14:44:43', 1400000, 12600000),
('eaa5e00b-0ce0-4617-be16-2a9f59d1bab8', 'TS00341', 'ViewSonic 28" Monitor', NULL, NULL, NULL, '59d19422-6657-452e-a7db-e5d54223c257', 'KDTT', 'Phòng kinh doanh và tiếp thị', '3700cc49-55b5-69ea-4929-a2925c0f334d', 'MH', 'Màn hình', '2023-02-11 00:00:00', '2022-06-15 00:00:00', 6600000, 1, 7.69, 507692, 2023, 13, 2023, True, '', '2023-08-09 14:44:43', '', '2023-08-09 14:44:43', 507692, 6092308),
('eaf50666-90d9-442d-be29-23a69395fc27', 'TS00244', 'Olympus OM-D E-M10 Mark III', NULL, NULL, NULL, '768f8e64-7d10-20c9-967d-e8c757976496', 'KT', 'Phòng kỹ thuật', '354f1b13-17bf-1b52-87d5-ba100c6f7bce', 'MA', 'Máy ảnh', '2022-03-28 00:00:00', '2022-03-13 00:00:00', 22000000, 10, 6.67, 1466667, 2023, 15, 2022, True, '', '2023-08-09 14:44:43', '', '2023-08-09 14:44:43', 2933333, 19066667),
('eb0ea276-187d-48e6-ab2e-1212d6e5cc1e', 'TS00186', 'Samsung Galaxy S20 FE', NULL, NULL, NULL, '7686595d-16d5-33b3-0080-e8e2a817c80e', 'CNTT', 'Phòng công nghệ thông tin', '25c6c36e-1668-7d10-6e09-bf1378b8dc91', 'ĐT', 'Điện thoại', '2023-07-20 00:00:00', '2023-05-29 00:00:00', 18000000, 10, 20, 3600000, 2023, 5, 2023, True, '', '2023-08-09 14:44:43', '', '2023-08-09 14:44:43', 3600000, 14400000),
('eea4cd11-fbf9-48fb-af5a-0f309dbc30b2', 'TS00021', 'Máy tính xách tay MacBook Air', NULL, NULL, NULL, '2bbbd485-6df2-536a-7e32-6a1673ffca7c', 'TCTH', 'Phòng tài chính tổng hợp', '148ed882-32b8-218e-9c20-39c2f00615e8', 'MTXT', 'Máy tính xách tay', '2023-07-02 00:00:00', '2022-11-26 00:00:00', 22500000, 9, 10, 2250000, 2023, 10, 2023, True, '', '2023-08-09 14:44:43', '', '2023-08-09 14:44:43', 2250000, 20250000),
('ef050932-fb11-4864-8534-5345e03f7b85', 'TS00300', 'Acer 28" Monitor', NULL, NULL, NULL, '4e272fc4-7875-78d6-7d32-6a1673ffca7c', 'QL', 'Phòng quản lý', '3700cc49-55b5-69ea-4929-a2925c0f334d', 'MH', 'Màn hình', '2022-09-23 00:00:00', '2022-09-03 00:00:00', 5100000, 9, 11.11, 566667, 2023, 9, 2022, True, '', '2023-08-09 14:44:43', '', '2023-08-09 14:44:43', 1133333, 3966667),
('efd557be-42f5-4299-9c95-1d241f39a705', 'TS00253', 'HyperX Pulsefire FPS Pro', NULL, NULL, NULL, '768f8e64-7d10-20c9-967d-e8c757976496', 'KT', 'Phòng kỹ thuật', 'dd23336c-3624-11ee-a2e3-d45d64601179', 'CMT', 'Chuột máy tính\r\n', '2023-07-24 00:00:00', '2023-07-24 00:00:00', 1100000, 4, 16.67, 183333, 2023, 6, 2023, True, '', '2023-08-09 14:44:43', '', '2023-08-09 14:44:43', 183333, 916667),
('f3449bc3-9136-409a-89c7-3e49e116f426', 'TS00110', 'Bose SoundSport Free', NULL, NULL, NULL, '17120d02-6ab5-3e43-18cb-66948daf6128', 'HR', 'Phòng nhân sự', '09cfb0c0-3625-11ee-a2e3-d45d64601179', 'TN', 'Tai nghe\r\n', '2022-09-01 00:00:00', '2022-01-25 00:00:00', 3000000, 4, 12.5, 375000, 2023, 8, 2022, True, '', '2023-08-09 14:44:43', '', '2023-08-09 14:44:43', 750000, 2250000),
('f41f7412-4837-495f-b15f-ac97021a8885', 'TS00043', 'Điện thoại Motorola Edge', NULL, NULL, NULL, '469b3ece-744a-45d5-957d-e8c757976496', 'NC', 'Phòng nghiên cứu', '25c6c36e-1668-7d10-6e09-bf1378b8dc91', 'ĐT', 'Điện thoại', '2022-04-09 00:00:00', '2022-02-16 00:00:00', 9000000, 9, 7.69, 692308, 2023, 13, 2022, True, '', '2023-08-09 14:44:43', '', '2023-08-09 14:44:43', 1384615, 7615385),
('f57b2441-c6e7-48ff-a222-888b88b4b72a', 'TS00026', 'Máy tính xách tay Microsoft Surface', NULL, NULL, NULL, '768f8e64-7d10-20c9-967d-e8c757976496', 'KT', 'Phòng kỹ thuật', '148ed882-32b8-218e-9c20-39c2f00615e8', 'MTXT', 'Máy tính xách tay', '2023-04-03 00:00:00', '2022-11-01 00:00:00', 27000000, 8, 6.67, 1800000, 2023, 15, 2023, True, '', '2023-08-09 14:44:43', '', '2023-08-09 14:44:43', 1800000, 25200000),
('f60166f5-7168-4b35-bad3-6fb62e649a91', 'TS00167', 'OnePlus 9', NULL, NULL, NULL, '2bbbd485-6df2-536a-7e32-6a1673ffca7c', 'TCTH', 'Phòng tài chính tổng hợp', '25c6c36e-1668-7d10-6e09-bf1378b8dc91', 'ĐT', 'Điện thoại', '2023-02-12 00:00:00', '2023-01-22 00:00:00', 14000000, 8, 11.11, 1555556, 2023, 9, 2023, True, '', '2023-08-09 14:44:43', '', '2023-08-09 14:44:43', 1555556, 12444444),
('f754b458-e741-4df4-b314-831f02feec25', 'TS00343', 'Asus VivoBook 2', NULL, NULL, NULL, '469b3ece-744a-45d5-957d-e8c757976496', 'NC', 'Phòng nghiên cứu', '148ed882-32b8-218e-9c20-39c2f00615e8', 'MTXT', 'Máy tính xách tay', '2023-07-12 00:00:00', '2023-04-23 00:00:00', 16500000, 9, 7.69, 1269231, 2023, 13, 2023, True, '', '2023-08-09 14:44:43', '', '2023-08-09 14:44:43', 1269231, 15230769),
('f785f6f2-4a30-4380-be35-07d2704831c2', 'TS00229', 'Corsair Harpoon', NULL, NULL, NULL, '59d19422-6657-452e-a7db-e5d54223c257', 'KDTT', 'Phòng kinh doanh và tiếp thị', 'dd23336c-3624-11ee-a2e3-d45d64601179', 'CMT', 'Chuột máy tính\r\n', '2023-07-13 00:00:00', '2022-10-16 00:00:00', 900000, 8, 6.67, 60000, 2023, 15, 2023, True, '', '2023-08-09 14:44:43', '', '2023-08-09 14:44:43', 60000, 840000),
('f8243c04-2e1b-4464-a5b1-35836a029822', 'TS00151', 'iPhone 12 Pro Max', NULL, NULL, NULL, '11452b0c-768e-5ff7-0d63-eeb1d8ed8cef', 'HCKT', 'Phòng hành chính kế toán', '25c6c36e-1668-7d10-6e09-bf1378b8dc91', 'ĐT', 'Điện thoại', '2023-02-18 00:00:00', '2022-05-03 00:00:00', 22000000, 10, 9.09, 2000000, 2023, 11, 2023, True, '', '2023-08-09 14:44:43', '', '2023-08-09 14:44:43', 2000000, 20000000),
('f89f2e0d-68ec-4008-a9c7-57a21c7182b0', 'TS00145', 'Asus ZenBook 13', NULL, NULL, NULL, '4e272fc4-7875-78d6-7d32-6a1673ffca7c', 'QL', 'Phòng quản lý', '148ed882-32b8-218e-9c20-39c2f00615e8', 'MTXT', 'Máy tính xách tay', '2023-02-22 00:00:00', '2022-11-10 00:00:00', 22000000, 3, 8.33, 1833333, 2023, 12, 2023, True, '', '2023-08-09 14:44:43', '', '2023-08-09 14:44:43', 1833333, 20166667),
('f92ee49d-0650-479c-b0bc-0ceb53977637', 'TS00144', 'Sony A7C', NULL, NULL, NULL, '768f8e64-7d10-20c9-967d-e8c757976496', 'KT', 'Phòng kỹ thuật', '354f1b13-17bf-1b52-87d5-ba100c6f7bce', 'MA', 'Máy ảnh', '2023-07-29 00:00:00', '2023-07-27 00:00:00', 40000000, 10, 6.67, 2666667, 2023, 15, 2023, True, '', '2023-08-09 14:44:43', '', '2023-08-09 14:44:43', 2666667, 37333333),
('f9688260-da05-4f5c-8376-c529e14966ba', 'TS00384', 'HP Pavilion 3', NULL, NULL, NULL, '17120d02-6ab5-3e43-18cb-66948daf6128', 'HR', 'Phòng nhân sự', '148ed882-32b8-218e-9c20-39c2f00615e8', 'MTXT', 'Máy tính xách tay', '2023-01-11 00:00:00', '2022-06-23 00:00:00', 16000000, 2, 11.11, 1777778, 2023, 9, 2023, True, '', '2023-08-09 14:44:43', '', '2023-08-09 14:44:43', 1777778, 14222222),
('fa187d59-a92f-48fb-8fb3-75f12bef49a6', 'TS00268', 'Canon EOS R6', NULL, NULL, NULL, '4577565a-7e3e-493a-74dd-867949feb8b5', 'CSKH', 'Phòng chăm sóc khách hàng', '354f1b13-17bf-1b52-87d5-ba100c6f7bce', 'MA', 'Máy ảnh', '2023-05-25 00:00:00', '2022-12-22 00:00:00', 35000000, 4, 14.29, 5000000, 2023, 7, 2023, True, '', '2023-08-09 14:44:43', '', '2023-08-09 14:44:43', 5000000, 30000000),
('faacc9c6-21f2-4fae-ab8e-4f679190337a', 'TS00124', 'Dell Alienware', NULL, NULL, NULL, '4577565a-7e3e-493a-74dd-867949feb8b5', 'CSKH', 'Phòng chăm sóc khách hàng', '148ed882-32b8-218e-9c20-39c2f00615e8', 'MTXT', 'Máy tính xách tay', '2023-07-31 00:00:00', '2023-07-09 00:00:00', 35000000, 1, 8.33, 2916667, 2023, 12, 2023, True, '', '2023-08-09 14:44:43', '', '2023-08-09 14:44:43', 2916667, 32083333),
('fb681f1e-31d5-4a66-a0f4-cb103b3257b2', 'TS00331', 'Microsoft Surface Laptop 2', NULL, NULL, NULL, '469b3ece-744a-45d5-957d-e8c757976496', 'NC', 'Phòng nghiên cứu', '148ed882-32b8-218e-9c20-39c2f00615e8', 'MTXT', 'Máy tính xách tay', '2022-11-27 00:00:00', '2022-01-28 00:00:00', 23500000, 7, 7.69, 1807692, 2023, 13, 2022, True, '', '2023-08-09 14:44:43', '', '2023-08-09 14:44:43', 3615385, 19884615),
('fb7e2e0c-197e-44da-8a66-5f17d2af547b', 'TS00161', 'Canon PIXMA TR4520', NULL, NULL, NULL, '768f8e64-7d10-20c9-967d-e8c757976496', 'KT', 'Phòng kỹ thuật', '3e9ce051-3625-11ee-a2e3-d45d64601179', 'MI', 'Máy in', '2023-05-20 00:00:00', '2023-04-25 00:00:00', 1200000, 9, 7.14, 85714, 2023, 14, 2023, True, '', '2023-08-09 14:44:43', '', '2023-08-09 14:44:43', 85714, 1114286),
('fc646920-32d2-4e42-8495-45812c4e2bd4', 'TS00320', 'OnePlus 10', NULL, NULL, NULL, '142cb08f-7c31-21fa-8e90-67245e8b283e', 'TK', 'Phòng thư ký', '25c6c36e-1668-7d10-6e09-bf1378b8dc91', 'ĐT', 'Điện thoại', '2023-02-14 00:00:00', '2022-12-11 00:00:00', 21500000, 4, 16.67, 3583333, 2023, 6, 2023, NULL, NULL, NULL, '', '2023-11-16 11:41:20', 0, 21500000),
('fcf92be7-9f25-43c3-8a9b-7c6525aa82f1', 'TS00115', 'Microsoft Surface Laptop', NULL, NULL, NULL, '7686595d-16d5-33b3-0080-e8e2a817c80e', 'CNTT', 'Phòng công nghệ thông tin', '148ed882-32b8-218e-9c20-39c2f00615e8', 'MTXT', 'Máy tính xách tay', '2022-01-31 00:00:00', '2022-01-28 00:00:00', 22000000, 1, 10, 2200000, 2023, 10, 2022, NULL, NULL, NULL, '', '2023-11-16 11:33:42', 2200000, 19800000),
('fdb83400-26a9-468f-bdb7-cc3e9449f3c0', 'TS00336', 'SteelSeries Rival 4', NULL, NULL, NULL, '7686595d-16d5-33b3-0080-e8e2a817c80e', 'CNTT', 'Phòng công nghệ thông tin', 'dd23336c-3624-11ee-a2e3-d45d64601179', 'CMT', 'Chuột máy tính\r\n', '2022-09-03 00:00:00', '2022-06-03 00:00:00', 1350000, 10, 20, 270000, 2023, 5, 2022, True, '', '2023-08-09 14:44:43', '', '2023-08-09 14:44:43', 540000, 810000),
('ff17de03-196f-4c36-9068-2a3b716adc5a', 'TS00352', 'Epson WorkForce Pro WF-4840', NULL, NULL, NULL, '17120d02-6ab5-3e43-18cb-66948daf6128', 'HR', 'Phòng nhân sự', '3e9ce051-3625-11ee-a2e3-d45d64601179', 'MI', 'Máy in', '2022-10-03 00:00:00', '2022-08-09 00:00:00', 13500000, 6, 14.29, 1928571, 2023, 7, 2022, True, '', '2023-08-09 14:44:43', '', '2023-08-09 14:44:43', 3857143, 9642857);

-- 
-- Dumping data for table document
--
INSERT INTO document VALUES
('00749019-49ab-455c-992e-06590a44791c', 'ABC0117', NULL, '2023-11-28 17:00:00', '2023-11-15 07:35:50', 351600000, 295737507, 2023, '', False, NULL, '2023-11-15 14:36:04', NULL, '2023-11-15 14:36:04'),
('029d74c3-6ff1-4421-8743-0ee185a5f29b', 'CT0003', NULL, '2023-11-08 07:35:15', '2023-11-08 07:35:15', 1152900000, 969251010, 2023, '', False, NULL, '2023-11-08 14:35:27', NULL, '2023-11-08 14:35:27'),
('0a41493b-93ed-4c3d-94d6-907bea64e475', 'ABC0128', NULL, '2023-11-30 04:41:49', '2023-11-16 04:41:39', 280910000, 262575467, 2023, '', False, NULL, '2023-11-16 11:41:50', NULL, '2023-11-16 11:41:50'),
('1a390dca-a7d3-4aad-af80-2b99a5b73ce6', 'ABC0118', NULL, '2023-11-28 17:00:00', '2023-11-16 02:00:37', 1300000, 1170000, 2023, '', False, NULL, '2023-11-16 09:00:56', NULL, '2023-11-16 09:00:56'),
('2bde3dce-c826-4889-9833-e1edd4e94d6c', 'ABC0105', NULL, '2023-11-27 17:00:00', '2023-11-13 07:41:15', 384300000, 323167003, 2023, 'ưqeqe', False, NULL, '2023-11-13 14:41:41', NULL, '2023-11-13 14:41:41'),
('2d48c338-a10c-42bc-a1fc-0ebfbbc71fa0', 'ABC0112', NULL, '2023-11-27 17:00:00', '2023-11-14 10:05:36', 1000000, 916667, 2023, '', False, NULL, '2023-11-14 17:05:50', NULL, '2023-11-14 17:05:50'),
('32a323b0-70f8-484f-bbd3-f036143b9eac', 'CT0008', NULL, '2023-11-09 17:00:00', '2023-11-09 02:23:11', 2292400000, 1957427374, 2023, '213123', False, NULL, '2023-11-09 09:23:17', NULL, '2023-11-09 09:23:17'),
('439007b5-7a7a-4a4b-a9c9-36d7a836376e', 'ABC0107', NULL, '2023-11-27 17:00:00', '2023-11-14 05:56:42', 384300000, 323167003, 2023, '', False, NULL, '2023-11-14 12:56:53', NULL, '2023-11-14 12:56:53'),
('46857eb8-4254-4a99-a0db-f0ba0e40bf1f', 'ABC0127', NULL, '2023-11-30 04:41:35', '2023-11-16 04:41:26', 101000000, 99000000, 2023, '', False, NULL, '2023-11-16 11:41:36', NULL, '2023-11-16 11:41:36'),
('47814d1b-9aa3-4269-a3b8-c4ef87f9f5f5', 'ABC0124', NULL, '2023-11-30 04:32:26', '2023-11-16 04:32:10', 361600000, 313486306, 2023, '', False, NULL, '2023-11-16 11:32:27', NULL, '2023-11-16 11:32:27'),
('4b9427ae-fa3f-4d2b-bb78-404b50f20967', 'ABC0104', NULL, '2023-11-27 17:00:00', '2023-11-13 07:27:00', 928600000, 770611788, 2023, '2321312', False, NULL, '2023-11-13 14:27:15', NULL, '2023-11-13 14:27:15'),
('4c5b29a8-8551-4a0a-bb63-1ca9e9c00671', 'ABC0130', NULL, '2023-11-30 04:46:47', '2023-11-16 04:46:04', 391200000, 361415943, 2023, '', False, NULL, '2023-11-16 11:46:47', NULL, '2023-11-16 11:46:47'),
('4cd31904-3e38-45ee-81e2-eee5d091c082', 'ABC00102', NULL, '2023-11-25 17:00:00', '2023-11-13 06:18:37', 3737300000, 3124917019, 2023, '22222668', False, NULL, '2023-11-13 13:18:59', NULL, '2023-11-13 13:18:59'),
('57d3cbfe-f91e-45cb-a2e4-403f9e8053a2', 'ABC0009', NULL, '2023-11-24 17:00:00', '2023-11-09 04:09:55', 1537200000, 1292418013, 2023, '', False, NULL, '2023-11-09 11:10:16', NULL, '2023-11-09 11:10:16'),
('5989698c-981a-4100-9e6c-d6e90a862e19', 'ABC0126', NULL, '2023-11-30 04:34:41', '2023-11-16 04:34:27', 261850000, 224934861, 2023, '', False, NULL, '2023-11-16 11:34:42', NULL, '2023-11-16 11:34:42'),
('6a49351d-2361-4b8a-b21b-8e448f3a72e2', 'CT0002', NULL, '2023-11-11 17:00:00', '2023-11-08 07:22:24', 287000000, 215016669, 2023, '', False, NULL, '2023-11-08 14:23:02', NULL, '2023-11-08 14:23:02'),
('80df1e7f-07c2-432e-a5e3-9690c56230bc', 'ABC0109', NULL, '2023-11-27 17:00:00', '2023-11-14 09:48:20', 13500000, 10125000, 2023, '', False, NULL, '2023-11-14 16:48:42', NULL, '2023-11-14 16:48:42'),
('8480a339-8caa-423e-9296-fab64148390a', 'ABC0113', NULL, '2023-11-27 17:00:00', '2023-11-16 17:00:00', 35800000, 30894697, 2023, '', False, NULL, '2023-11-15 08:16:02', NULL, '2023-11-15 08:16:02'),
('8ce989b8-c10c-4e48-ae7a-bb145cf64b05', 'ABC0121', NULL, '2023-11-29 17:00:00', '2023-11-16 04:05:39', 1300000, 1170000, 2023, '', False, NULL, '2023-11-16 11:05:51', NULL, '2023-11-16 11:05:51'),
('94984642-02e6-4387-bfef-4cc8886b2790', 'ABC0122', NULL, '2023-11-29 17:00:00', '2023-11-16 04:08:33', 20500000, 19133333, 2023, '', False, NULL, '2023-11-16 11:08:46', NULL, '2023-11-16 11:08:46'),
('ad260a56-6bbd-4160-8b06-0c388b3ec21d', 'ABC0115', NULL, '2023-11-28 17:00:00', '2023-11-15 07:33:18', 1300000, 1170000, 2023, '', False, NULL, '2023-11-15 14:33:43', NULL, '2023-11-15 14:33:43'),
('b1685169-cf56-468d-921e-36bcb4116187', 'ABC0119', NULL, '2023-11-29 17:00:00', '2023-11-16 02:05:01', 1300000, 1170000, 2023, '', False, NULL, '2023-11-16 09:05:09', NULL, '2023-11-16 09:05:09'),
('b7e8916f-63a0-4bb3-bce7-6b9023245f57', 'ABC0114', NULL, '2023-11-27 17:00:00', '2023-11-15 03:18:40', 25500000, 21916667, 2023, '', False, NULL, '2023-11-15 10:21:50', NULL, '2023-11-15 10:21:50'),
('c3df49c5-32f6-4627-87ff-e76d18cad2cc', 'ABC0116', NULL, '2023-11-28 17:00:00', '2023-11-15 07:34:20', 77300000, 66780256, 2023, '', False, NULL, '2023-11-15 14:34:51', NULL, '2023-11-15 14:34:51'),
('c490f6f9-71fd-40fc-b763-c205adb6af57', 'ABC0103', NULL, '2023-11-26 17:00:00', '2023-11-13 07:22:45', 351500000, 298000002, 2023, '213213', False, NULL, '2023-11-13 14:22:55', NULL, '2023-11-13 14:22:55'),
('c6abb54a-eb86-470f-8846-9762f4bda198', 'ABC0123', NULL, '2023-11-30 04:22:09', '2023-11-16 04:22:05', 249500000, 212551874, 2023, '', False, NULL, '2023-11-16 11:22:39', NULL, '2023-11-16 11:22:39'),
('c6ef1cb8-c830-4d2d-aeff-a840311bcf87', 'ABC0125', NULL, '2023-11-16 04:32:38', '2023-11-16 04:32:38', 1350000, 810000, 2023, '', False, NULL, '2023-11-16 11:32:52', NULL, '2023-11-16 11:32:52'),
('c9799062-d32f-47af-9c6c-74f3b6787b73', 'ABC0108', NULL, '2023-11-27 17:00:00', '2023-11-14 05:56:55', 418600000, 352464780, 2023, '', False, NULL, '2023-11-14 12:57:06', NULL, '2023-11-14 12:57:06'),
('ca0d5988-b980-4bbd-9f72-99a7fd10a4d5', 'CT0001', NULL, '2023-11-07 03:16:04', '2023-11-07 03:16:04', 363000000, 314461542, NULL, '1234567899991010123', False, NULL, '2023-11-07 10:16:24', NULL, '2023-11-07 10:16:24'),
('ca154d6d-e16b-456d-bfb7-d647920895fd', 'ABC0120', NULL, '2023-11-29 17:00:00', '2023-11-16 02:10:21', 1300000, 1170000, 2023, '', False, NULL, '2023-11-16 09:10:34', NULL, '2023-11-16 09:10:34'),
('d882f742-fede-4912-bfe7-b6a2b5510261', 'ABC0110', NULL, '2023-11-27 17:00:00', '2023-11-14 09:48:54', 1300000, 1170000, 2023, '', False, NULL, '2023-11-14 16:49:16', NULL, '2023-11-14 16:49:16'),
('da91a8ee-2d30-456e-8080-8ff5dec3b7d6', 'CT0005', NULL, '2023-11-08 08:20:27', '2023-11-08 08:20:27', 322900000, 282084168, 2023, '', False, NULL, '2023-11-08 15:20:53', NULL, '2023-11-08 15:20:53'),
('e1f9dd43-71bd-4450-9f9b-4f2db655d260', 'CT0007', NULL, '2023-11-09 02:23:03', '2023-11-09 02:23:03', 384300000, 323083670, 2023, '', False, NULL, '2023-11-09 09:23:10', NULL, '2023-11-09 09:23:10'),
('e2d2ba1b-ecfa-4a25-b63a-1f407c6d8319', 'ABC0111', NULL, '2023-11-27 17:00:00', '2023-11-14 10:04:59', 1000000, 916667, 2023, '', False, NULL, '2023-11-14 17:05:30', NULL, '2023-11-14 17:05:30'),
('f0e5d36b-1aeb-4b89-8d52-2bdf32e015c5', 'ABC0106', NULL, '2023-11-27 17:00:00', '2023-11-14 05:56:30', 384300000, 323167003, 2023, '', False, NULL, '2023-11-14 12:56:39', NULL, '2023-11-14 12:56:39'),
('f9634f85-3ff2-46e0-adbb-98286fe67eec', 'ABC0129', NULL, '2023-11-30 04:42:54', '2023-11-16 04:42:18', 169200000, 155744231, 2023, '', False, NULL, '2023-11-16 11:42:55', NULL, '2023-11-16 11:42:55');

-- 
-- Dumping data for table recipient
--
INSERT INTO recipient VALUES
('0e38274d-9290-4603-b4e9-20976142aa30', 'Ngô Xuân Hinh', 'PB A', 'Nhân viên', 'b7e8916f-63a0-4bb3-bce7-6b9023245f57', 0, NULL, '2023-11-15 10:39:09', NULL, '2023-11-15 10:39:09'),
('32e6d838-9958-4527-981c-9866fa0900c0', 'Ngô Xuân Hinh', 'PB A', 'Nhân viên', '2d48c338-a10c-42bc-a1fc-0ebfbbc71fa0', 0, NULL, '2023-11-15 10:37:57', NULL, '2023-11-15 10:37:57'),
('47b93fcb-205f-4b6e-b404-2effedfe6b2e', 'Ngô Xuân Hinh', 'PB A', 'Nhân viên', '8480a339-8caa-423e-9296-fab64148390a', 1, NULL, '2023-11-15 10:37:32', NULL, '2023-11-15 10:37:32'),
('5775439d-eeec-4cd9-bab4-255d9f157757', 'Ngô Văn A', 'PB B', 'Nhân viên', '2d48c338-a10c-42bc-a1fc-0ebfbbc71fa0', 1, NULL, '2023-11-15 10:37:57', NULL, '2023-11-15 10:37:57'),
('6a52632f-c994-4a3a-bd4e-6c7d85cc4315', 'Ngô Xuân Hinh', 'PB A', 'Nhân viên', 'ad260a56-6bbd-4160-8b06-0c388b3ec21d', 0, NULL, '2023-11-15 14:33:43', NULL, '2023-11-15 14:33:43'),
('cdaf6a1e-8173-478b-ac2f-2729ba7cdab3', 'Ngô Văn B', 'PB B', 'Nhân viên', 'b7e8916f-63a0-4bb3-bce7-6b9023245f57', 1, NULL, '2023-11-15 10:39:09', NULL, '2023-11-15 10:39:09'),
('ee09307d-4a0c-4b52-8d51-8c0f25f731a4', 'Ngô Xuân Hinh', 'PB A', 'Nhân viên', '00749019-49ab-455c-992e-06590a44791c', 0, NULL, '2023-11-15 14:36:04', NULL, '2023-11-15 14:36:04'),
('fd978b48-7eff-4c3a-bdfd-efe0962e0001', 'Ngô Văn A', 'PB B', 'Nhân viên', '8480a339-8caa-423e-9296-fab64148390a', 0, NULL, '2023-11-15 10:37:32', NULL, '2023-11-15 10:37:32');

-- 
-- Dumping data for table document_details
--
INSERT INTO document_details VALUES
('18204f92-bacd-42c6-b020-33a50a34a32d', 'ca0d5988-b980-4bbd-9f72-99a7fd10a4d5', '0bd2399c-46b5-4e8c-8f0f-6f80bd08f3a0', NULL, NULL, NULL, '4577565a-7e3e-493a-74dd-867949feb8b5', 'Phòng chăm sóc khách hàng', '469b3ece-744a-45d5-957d-e8c757976496', 'Phòng nghiên cứu', '123123', False, NULL, '2023-11-07 10:27:07', NULL, '2023-11-07 10:27:07'),
('312b05bf-abef-4837-a9ec-368ea14a1d56', 'ca0d5988-b980-4bbd-9f72-99a7fd10a4d5', '00916407-dd94-40b3-a365-b0f8cdec8adc', NULL, NULL, NULL, '59d19422-6657-452e-a7db-e5d54223c257', 'Phòng kinh doanh và tiếp thị', '469b3ece-744a-45d5-957d-e8c757976496', 'Phòng nghiên cứu', '', False, NULL, '2023-11-07 10:27:07', NULL, '2023-11-07 10:27:07'),
('f75499be-bc41-474c-89da-4c5f91f8db87', 'ca0d5988-b980-4bbd-9f72-99a7fd10a4d5', '018f2c58-4ce9-4d9f-9ec4-69ead50a123b', NULL, NULL, NULL, '11452b0c-768e-5ff7-0d63-eeb1d8ed8cef', 'Phòng hành chính kế toán', '469b3ece-744a-45d5-957d-e8c757976496', 'Phòng nghiên cứu', '', False, NULL, '2023-11-07 10:27:07', NULL, '2023-11-07 10:27:07'),
('e3bcde1a-4901-449e-b55a-87dc4898f7f1', 'ca0d5988-b980-4bbd-9f72-99a7fd10a4d5', '026eed3d-e85f-44aa-8175-c9b7aa0c7ec5', NULL, NULL, NULL, '59d19422-6657-452e-a7db-e5d54223c257', 'Phòng kinh doanh và tiếp thị', '469b3ece-744a-45d5-957d-e8c757976496', 'Phòng nghiên cứu', '', False, NULL, '2023-11-07 10:27:07', NULL, '2023-11-07 10:27:07'),
('7be81a27-66e0-4302-8c08-3875238af376', '029d74c3-6ff1-4421-8743-0ee185a5f29b', '0bd2399c-46b5-4e8c-8f0f-6f80bd08f3a0', NULL, NULL, NULL, '4577565a-7e3e-493a-74dd-867949feb8b5', 'Phòng chăm sóc khách hàng', '469b3ece-744a-45d5-957d-e8c757976496', 'Phòng nghiên cứu', '', False, NULL, '2023-11-08 14:35:27', NULL, '2023-11-08 14:35:27'),
('ae86032d-9cbf-4b55-8d66-fe2e9dcc1536', '029d74c3-6ff1-4421-8743-0ee185a5f29b', '00916407-dd94-40b3-a365-b0f8cdec8adc', NULL, NULL, NULL, '59d19422-6657-452e-a7db-e5d54223c257', 'Phòng kinh doanh và tiếp thị', '469b3ece-744a-45d5-957d-e8c757976496', 'Phòng nghiên cứu', '', False, NULL, '2023-11-08 14:35:27', NULL, '2023-11-08 14:35:27'),
('4a4637ba-c276-4b7e-9105-c84b9d1ea2b5', '029d74c3-6ff1-4421-8743-0ee185a5f29b', '018f2c58-4ce9-4d9f-9ec4-69ead50a123b', NULL, NULL, NULL, '11452b0c-768e-5ff7-0d63-eeb1d8ed8cef', 'Phòng hành chính kế toán', '469b3ece-744a-45d5-957d-e8c757976496', 'Phòng nghiên cứu', '', False, NULL, '2023-11-08 14:35:27', NULL, '2023-11-08 14:35:27'),
('a85cde54-b82b-47bb-83ab-aa1e9064d4ef', '029d74c3-6ff1-4421-8743-0ee185a5f29b', '026eed3d-e85f-44aa-8175-c9b7aa0c7ec5', NULL, NULL, NULL, '59d19422-6657-452e-a7db-e5d54223c257', 'Phòng kinh doanh và tiếp thị', '469b3ece-744a-45d5-957d-e8c757976496', 'Phòng nghiên cứu', '', False, NULL, '2023-11-08 14:35:27', NULL, '2023-11-08 14:35:27'),
('76a1d007-0a85-43cd-85b0-b6045ddbfb22', '029d74c3-6ff1-4421-8743-0ee185a5f29b', '036821fc-629b-477f-8749-3571f9caec72', NULL, NULL, NULL, '768f8e64-7d10-20c9-967d-e8c757976496', 'Phòng kỹ thuật', '469b3ece-744a-45d5-957d-e8c757976496', 'Phòng nghiên cứu', '', False, NULL, '2023-11-08 14:35:27', NULL, '2023-11-08 14:35:27'),
('29c7d34a-3e8c-44bb-9b09-c1feb306b883', '029d74c3-6ff1-4421-8743-0ee185a5f29b', '039464e2-9942-4940-9678-0a6ba35c1e8d', NULL, NULL, NULL, '7686595d-16d5-33b3-0080-e8e2a817c80e', 'Phòng công nghệ thông tin', '469b3ece-744a-45d5-957d-e8c757976496', 'Phòng nghiên cứu', '', False, NULL, '2023-11-08 14:35:27', NULL, '2023-11-08 14:35:27'),
('a0404768-0ba6-4559-802d-ef6edbdb72d7', '029d74c3-6ff1-4421-8743-0ee185a5f29b', '03be649b-01e6-442b-968a-7494fe6d6df2', NULL, NULL, NULL, '142cb08f-7c31-21fa-8e90-67245e8b283e', 'Phòng thư ký', '469b3ece-744a-45d5-957d-e8c757976496', 'Phòng nghiên cứu', '', False, NULL, '2023-11-08 14:35:27', NULL, '2023-11-08 14:35:27'),
('5cd64f0f-18bb-43db-970e-719665a1a96e', '029d74c3-6ff1-4421-8743-0ee185a5f29b', '03dbb9fe-f29b-4b60-a0f4-dd18016e8e97', NULL, NULL, NULL, '59d19422-6657-452e-a7db-e5d54223c257', 'Phòng kinh doanh và tiếp thị', '469b3ece-744a-45d5-957d-e8c757976496', 'Phòng nghiên cứu', '', False, NULL, '2023-11-08 14:35:27', NULL, '2023-11-08 14:35:27'),
('0709ca72-6729-4b78-bd47-db5880c76c88', '029d74c3-6ff1-4421-8743-0ee185a5f29b', '055711dd-49c0-42cf-b3c9-932229dde54d', NULL, NULL, NULL, '7686595d-16d5-33b3-0080-e8e2a817c80e', 'Phòng công nghệ thông tin', '469b3ece-744a-45d5-957d-e8c757976496', 'Phòng nghiên cứu', '', False, NULL, '2023-11-08 14:35:27', NULL, '2023-11-08 14:35:27'),
('0f8d799e-4a11-4396-82c8-c21db2c4b675', '029d74c3-6ff1-4421-8743-0ee185a5f29b', '057651fe-f452-4e5a-aad4-fb85d20c539b', NULL, NULL, NULL, '4577565a-7e3e-493a-74dd-867949feb8b5', 'Phòng chăm sóc khách hàng', '469b3ece-744a-45d5-957d-e8c757976496', 'Phòng nghiên cứu', '', False, NULL, '2023-11-08 14:35:27', NULL, '2023-11-08 14:35:27'),
('2c412869-d8bf-462f-b05e-348481c97116', '029d74c3-6ff1-4421-8743-0ee185a5f29b', '05be3635-a65a-4531-94c9-1f99229074b1', NULL, NULL, NULL, '142cb08f-7c31-21fa-8e90-67245e8b283e', 'Phòng thư ký', '469b3ece-744a-45d5-957d-e8c757976496', 'Phòng nghiên cứu', '', False, NULL, '2023-11-08 14:35:27', NULL, '2023-11-08 14:35:27'),
('a1ff12d5-cb2b-4f98-a1ec-b54407778ce9', '029d74c3-6ff1-4421-8743-0ee185a5f29b', '05e7f109-0862-4983-82ca-d408f65ae66c', NULL, NULL, NULL, '142cb08f-7c31-21fa-8e90-67245e8b283e', 'Phòng thư ký', '469b3ece-744a-45d5-957d-e8c757976496', 'Phòng nghiên cứu', '', False, NULL, '2023-11-08 14:35:27', NULL, '2023-11-08 14:35:27'),
('f2467bbd-2174-4344-976c-c660d8944021', '029d74c3-6ff1-4421-8743-0ee185a5f29b', '06165e4c-fabd-4d27-b9c2-444fbe7472ce', NULL, NULL, NULL, '7686595d-16d5-33b3-0080-e8e2a817c80e', 'Phòng công nghệ thông tin', '469b3ece-744a-45d5-957d-e8c757976496', 'Phòng nghiên cứu', '', False, NULL, '2023-11-08 14:35:27', NULL, '2023-11-08 14:35:27'),
('e7d300c9-7094-4134-bcab-829a527916c3', '029d74c3-6ff1-4421-8743-0ee185a5f29b', '06942ded-d4bf-47c3-932f-b15c9740a11b', NULL, NULL, NULL, '11452b0c-768e-5ff7-0d63-eeb1d8ed8cef', 'Phòng hành chính kế toán', '469b3ece-744a-45d5-957d-e8c757976496', 'Phòng nghiên cứu', '', False, NULL, '2023-11-08 14:35:27', NULL, '2023-11-08 14:35:27'),
('ea00400e-14b2-48f9-a3d7-e24955844256', '029d74c3-6ff1-4421-8743-0ee185a5f29b', '06c53eac-c5cb-412f-be52-2c4c21c7894c', NULL, NULL, NULL, '768f8e64-7d10-20c9-967d-e8c757976496', 'Phòng kỹ thuật', '469b3ece-744a-45d5-957d-e8c757976496', 'Phòng nghiên cứu', '', False, NULL, '2023-11-08 14:35:27', NULL, '2023-11-08 14:35:27'),
('202e3a03-7b03-46d6-9499-d9ad68f70cfa', '029d74c3-6ff1-4421-8743-0ee185a5f29b', '06d30f06-abb9-4d4a-a3cf-d3068f818439', NULL, NULL, NULL, '7686595d-16d5-33b3-0080-e8e2a817c80e', 'Phòng công nghệ thông tin', '469b3ece-744a-45d5-957d-e8c757976496', 'Phòng nghiên cứu', '', False, NULL, '2023-11-08 14:35:27', NULL, '2023-11-08 14:35:27'),
('992fae96-40c5-4f96-8916-57d7331357ba', '029d74c3-6ff1-4421-8743-0ee185a5f29b', '06d782af-1979-493b-95fc-5a9fcf4eb10e', NULL, NULL, NULL, '7686595d-16d5-33b3-0080-e8e2a817c80e', 'Phòng công nghệ thông tin', '469b3ece-744a-45d5-957d-e8c757976496', 'Phòng nghiên cứu', '', False, NULL, '2023-11-08 14:35:27', NULL, '2023-11-08 14:35:27'),
('50e92317-8b73-485d-bc97-543be9a5ae2f', '029d74c3-6ff1-4421-8743-0ee185a5f29b', '0786b20d-07cb-4381-9b1c-e480a07f9e8d', NULL, NULL, NULL, '7686595d-16d5-33b3-0080-e8e2a817c80e', 'Phòng công nghệ thông tin', '469b3ece-744a-45d5-957d-e8c757976496', 'Phòng nghiên cứu', '', False, NULL, '2023-11-08 14:35:27', NULL, '2023-11-08 14:35:27'),
('93317817-cbd2-4723-96f2-a027a94e8e9d', '029d74c3-6ff1-4421-8743-0ee185a5f29b', '07b01834-cf6c-4c9a-b8e0-073175fbafd1', NULL, NULL, NULL, '768f8e64-7d10-20c9-967d-e8c757976496', 'Phòng kỹ thuật', '469b3ece-744a-45d5-957d-e8c757976496', 'Phòng nghiên cứu', '', False, NULL, '2023-11-08 14:35:27', NULL, '2023-11-08 14:35:27'),
('946c48b7-a094-4459-887c-52007ac8e118', '029d74c3-6ff1-4421-8743-0ee185a5f29b', '09195f1b-764b-462f-8aa0-03de76aeed83', NULL, NULL, NULL, '11452b0c-768e-5ff7-0d63-eeb1d8ed8cef', 'Phòng hành chính kế toán', '469b3ece-744a-45d5-957d-e8c757976496', 'Phòng nghiên cứu', '', False, NULL, '2023-11-08 14:35:27', NULL, '2023-11-08 14:35:27'),
('3671cf94-ec03-4445-b67e-abb0a0a59ac9', 'da91a8ee-2d30-456e-8080-8ff5dec3b7d6', '096bfa22-d876-4019-89ab-a9f5cbf7189e', NULL, NULL, NULL, '7686595d-16d5-33b3-0080-e8e2a817c80e', 'Phòng công nghệ thông tin', '469b3ece-744a-45d5-957d-e8c757976496', 'Phòng nghiên cứu', '2313', False, NULL, '2023-11-08 15:20:53', NULL, '2023-11-08 15:20:53'),
('c0a7bbd1-6efa-47c6-b39b-82fb42749cae', 'da91a8ee-2d30-456e-8080-8ff5dec3b7d6', '0a0febc2-dd98-4b0c-a775-240bb0ef4fab', NULL, NULL, NULL, '7686595d-16d5-33b3-0080-e8e2a817c80e', 'Phòng công nghệ thông tin', '469b3ece-744a-45d5-957d-e8c757976496', 'Phòng nghiên cứu', '', False, NULL, '2023-11-08 15:20:53', NULL, '2023-11-08 15:20:53'),
('bbe28090-2a85-4342-8cdd-c1e34b618e5c', 'da91a8ee-2d30-456e-8080-8ff5dec3b7d6', '0b472140-a070-4193-81da-4c35cdd28e59', NULL, NULL, NULL, '7686595d-16d5-33b3-0080-e8e2a817c80e', 'Phòng công nghệ thông tin', '469b3ece-744a-45d5-957d-e8c757976496', 'Phòng nghiên cứu', '', False, NULL, '2023-11-08 15:20:53', NULL, '2023-11-08 15:20:53'),
('f8dfaf31-df57-40c0-af0c-49af1bc85ea8', 'da91a8ee-2d30-456e-8080-8ff5dec3b7d6', '0e7ab5cc-d5f2-40fc-b0a0-c6a23d54e3f8', NULL, NULL, NULL, '2bbbd485-6df2-536a-7e32-6a1673ffca7c', 'Phòng tài chính tổng hợp', '469b3ece-744a-45d5-957d-e8c757976496', 'Phòng nghiên cứu', '', False, NULL, '2023-11-08 15:20:53', NULL, '2023-11-08 15:20:53'),
('a49abb7f-48f5-43b4-952d-026fb058d9af', 'da91a8ee-2d30-456e-8080-8ff5dec3b7d6', '0ee841e7-ae56-4392-a963-05f89c9a6671', NULL, NULL, NULL, '142cb08f-7c31-21fa-8e90-67245e8b283e', 'Phòng thư ký', '469b3ece-744a-45d5-957d-e8c757976496', 'Phòng nghiên cứu', '', False, NULL, '2023-11-08 15:20:53', NULL, '2023-11-08 15:20:53'),
('be33d92f-5dbe-4c57-9f4c-41d17e383ddc', 'da91a8ee-2d30-456e-8080-8ff5dec3b7d6', '0ffbb714-4eb7-4e11-aae3-9ed04a8a79fb', NULL, NULL, NULL, '7686595d-16d5-33b3-0080-e8e2a817c80e', 'Phòng công nghệ thông tin', '469b3ece-744a-45d5-957d-e8c757976496', 'Phòng nghiên cứu', '2313', False, NULL, '2023-11-08 15:20:53', NULL, '2023-11-08 15:20:53'),
('f53af0ec-5214-48cb-864e-a0de8848e88d', 'da91a8ee-2d30-456e-8080-8ff5dec3b7d6', '11cd357b-a88a-45ca-85f6-c016e0569c71', NULL, NULL, NULL, '768f8e64-7d10-20c9-967d-e8c757976496', 'Phòng kỹ thuật', '469b3ece-744a-45d5-957d-e8c757976496', 'Phòng nghiên cứu', '', False, NULL, '2023-11-08 15:20:53', NULL, '2023-11-08 15:20:53'),
('97984541-61f7-4aaa-bae9-edce1826bd59', 'da91a8ee-2d30-456e-8080-8ff5dec3b7d6', '12083272-cbd8-4da1-8543-664709033655', NULL, NULL, NULL, '59d19422-6657-452e-a7db-e5d54223c257', 'Phòng kinh doanh và tiếp thị', '469b3ece-744a-45d5-957d-e8c757976496', 'Phòng nghiên cứu', '', False, NULL, '2023-11-08 15:20:53', NULL, '2023-11-08 15:20:53'),
('cea252c6-a654-470a-ba4b-8844f6428e43', 'da91a8ee-2d30-456e-8080-8ff5dec3b7d6', '121d0cce-4dca-4a92-ac8a-2eeb9c892d64', NULL, NULL, NULL, '768f8e64-7d10-20c9-967d-e8c757976496', 'Phòng kỹ thuật', '469b3ece-744a-45d5-957d-e8c757976496', 'Phòng nghiên cứu', '21313', False, NULL, '2023-11-08 15:20:53', NULL, '2023-11-08 15:20:53'),
('a0e12198-8131-485a-a73c-227380dbbd1c', 'da91a8ee-2d30-456e-8080-8ff5dec3b7d6', '12514a02-29c6-4381-b320-f6f121396764', NULL, NULL, NULL, '768f8e64-7d10-20c9-967d-e8c757976496', 'Phòng kỹ thuật', '469b3ece-744a-45d5-957d-e8c757976496', 'Phòng nghiên cứu', '', False, NULL, '2023-11-08 15:20:53', NULL, '2023-11-08 15:20:53'),
('b683bfd7-65da-4df0-b49a-10d472cda121', 'da91a8ee-2d30-456e-8080-8ff5dec3b7d6', '12a2948d-3a6c-4235-abbd-2693ea78de3d', NULL, NULL, NULL, '59d19422-6657-452e-a7db-e5d54223c257', 'Phòng kinh doanh và tiếp thị', '469b3ece-744a-45d5-957d-e8c757976496', 'Phòng nghiên cứu', '', False, NULL, '2023-11-08 15:20:53', NULL, '2023-11-08 15:20:53'),
('69b88e1a-702b-4e59-97df-73ef062195db', 'da91a8ee-2d30-456e-8080-8ff5dec3b7d6', '12b3a7eb-3022-41a1-95e0-4f5927b3c862', NULL, NULL, NULL, '59d19422-6657-452e-a7db-e5d54223c257', 'Phòng kinh doanh và tiếp thị', '469b3ece-744a-45d5-957d-e8c757976496', 'Phòng nghiên cứu', '', False, NULL, '2023-11-08 15:20:53', NULL, '2023-11-08 15:20:53'),
('25d15f5c-1ee6-4653-bb8f-34290d5b9c9a', 'da91a8ee-2d30-456e-8080-8ff5dec3b7d6', '130dd09e-e382-41e0-8e91-3f408be893a2', NULL, NULL, NULL, '2bbbd485-6df2-536a-7e32-6a1673ffca7c', 'Phòng tài chính tổng hợp', '469b3ece-744a-45d5-957d-e8c757976496', 'Phòng nghiên cứu', '', False, NULL, '2023-11-08 15:20:53', NULL, '2023-11-08 15:20:53'),
('9b4698b8-4ac9-4c40-8d9c-31695291463e', 'da91a8ee-2d30-456e-8080-8ff5dec3b7d6', '1374a6cd-d94d-40ef-9e24-5abdbe8597d0', NULL, NULL, NULL, '768f8e64-7d10-20c9-967d-e8c757976496', 'Phòng kỹ thuật', '469b3ece-744a-45d5-957d-e8c757976496', 'Phòng nghiên cứu', '', False, NULL, '2023-11-08 15:20:53', NULL, '2023-11-08 15:20:53'),
('977fea06-a0fe-4e5e-9cf8-557e02ef3600', 'da91a8ee-2d30-456e-8080-8ff5dec3b7d6', '14e649de-68c8-4f70-8ef9-1f6ea14e3ebf', NULL, NULL, NULL, '7686595d-16d5-33b3-0080-e8e2a817c80e', 'Phòng công nghệ thông tin', '469b3ece-744a-45d5-957d-e8c757976496', 'Phòng nghiên cứu', '', False, NULL, '2023-11-08 15:20:53', NULL, '2023-11-08 15:20:53'),
('75f28337-c101-4873-ba28-2e24def7075d', 'da91a8ee-2d30-456e-8080-8ff5dec3b7d6', '14ff5d1e-40b4-4245-8301-fca3679772a7', NULL, NULL, NULL, '768f8e64-7d10-20c9-967d-e8c757976496', 'Phòng kỹ thuật', '469b3ece-744a-45d5-957d-e8c757976496', 'Phòng nghiên cứu', '', False, NULL, '2023-11-08 15:20:53', NULL, '2023-11-08 15:20:53'),
('d662603b-ba78-45de-83d0-5ebb0cbbdd0d', 'da91a8ee-2d30-456e-8080-8ff5dec3b7d6', '165b737d-b12d-4a3c-b3c9-a7c978dcb852', NULL, NULL, NULL, '7686595d-16d5-33b3-0080-e8e2a817c80e', 'Phòng công nghệ thông tin', '469b3ece-744a-45d5-957d-e8c757976496', 'Phòng nghiên cứu', '', False, NULL, '2023-11-08 15:20:53', NULL, '2023-11-08 15:20:53'),
('eed7374e-bb8d-47c2-b3e3-78c5dc831681', 'da91a8ee-2d30-456e-8080-8ff5dec3b7d6', '16f282e5-75a0-4358-b8ac-ea0c608c5964', NULL, NULL, NULL, '4e272fc4-7875-78d6-7d32-6a1673ffca7c', 'Phòng quản lý', '469b3ece-744a-45d5-957d-e8c757976496', 'Phòng nghiên cứu', '', False, NULL, '2023-11-08 15:20:53', NULL, '2023-11-08 15:20:53'),
('3001872f-b13b-4d00-be18-68a0d9698a00', 'e1f9dd43-71bd-4450-9f9b-4f2db655d260', '0bd2399c-46b5-4e8c-8f0f-6f80bd08f3a0', NULL, NULL, NULL, '4577565a-7e3e-493a-74dd-867949feb8b5', 'Phòng chăm sóc khách hàng', '469b3ece-744a-45d5-957d-e8c757976496', 'Phòng nghiên cứu', '', False, NULL, '2023-11-09 09:23:10', NULL, '2023-11-09 09:23:10'),
('2ac1fc8a-f29b-4a68-b315-8d841d09aa96', 'e1f9dd43-71bd-4450-9f9b-4f2db655d260', '00916407-dd94-40b3-a365-b0f8cdec8adc', NULL, NULL, NULL, '59d19422-6657-452e-a7db-e5d54223c257', 'Phòng kinh doanh và tiếp thị', '469b3ece-744a-45d5-957d-e8c757976496', 'Phòng nghiên cứu', '', False, NULL, '2023-11-09 09:23:10', NULL, '2023-11-09 09:23:10'),
('a89975f5-ce17-460c-8390-1834f6e544f0', 'e1f9dd43-71bd-4450-9f9b-4f2db655d260', '018f2c58-4ce9-4d9f-9ec4-69ead50a123b', NULL, NULL, NULL, '11452b0c-768e-5ff7-0d63-eeb1d8ed8cef', 'Phòng hành chính kế toán', '469b3ece-744a-45d5-957d-e8c757976496', 'Phòng nghiên cứu', '', False, NULL, '2023-11-09 09:23:10', NULL, '2023-11-09 09:23:10'),
('6077cb98-67f7-488b-ad9c-8d22d2710854', 'e1f9dd43-71bd-4450-9f9b-4f2db655d260', '026eed3d-e85f-44aa-8175-c9b7aa0c7ec5', NULL, NULL, NULL, '59d19422-6657-452e-a7db-e5d54223c257', 'Phòng kinh doanh và tiếp thị', '469b3ece-744a-45d5-957d-e8c757976496', 'Phòng nghiên cứu', '', False, NULL, '2023-11-09 09:23:10', NULL, '2023-11-09 09:23:10'),
('39ff825f-6e04-4ab7-8369-91947c023a5e', 'e1f9dd43-71bd-4450-9f9b-4f2db655d260', '036821fc-629b-477f-8749-3571f9caec72', NULL, NULL, NULL, '768f8e64-7d10-20c9-967d-e8c757976496', 'Phòng kỹ thuật', '469b3ece-744a-45d5-957d-e8c757976496', 'Phòng nghiên cứu', '', False, NULL, '2023-11-09 09:23:10', NULL, '2023-11-09 09:23:10'),
('dbaf110c-d0f3-4cfe-ade3-625a0b5d4a93', 'e1f9dd43-71bd-4450-9f9b-4f2db655d260', '039464e2-9942-4940-9678-0a6ba35c1e8d', NULL, NULL, NULL, '7686595d-16d5-33b3-0080-e8e2a817c80e', 'Phòng công nghệ thông tin', '469b3ece-744a-45d5-957d-e8c757976496', 'Phòng nghiên cứu', '', False, NULL, '2023-11-09 09:23:10', NULL, '2023-11-09 09:23:10'),
('1f21be5c-ae26-426b-8062-2672c7427dc2', 'e1f9dd43-71bd-4450-9f9b-4f2db655d260', '03be649b-01e6-442b-968a-7494fe6d6df2', NULL, NULL, NULL, '142cb08f-7c31-21fa-8e90-67245e8b283e', 'Phòng thư ký', '469b3ece-744a-45d5-957d-e8c757976496', 'Phòng nghiên cứu', '', False, NULL, '2023-11-09 09:23:10', NULL, '2023-11-09 09:23:10'),
('117498ed-a4df-4020-bd97-01cade1f594a', 'e1f9dd43-71bd-4450-9f9b-4f2db655d260', '03dbb9fe-f29b-4b60-a0f4-dd18016e8e97', NULL, NULL, NULL, '59d19422-6657-452e-a7db-e5d54223c257', 'Phòng kinh doanh và tiếp thị', '469b3ece-744a-45d5-957d-e8c757976496', 'Phòng nghiên cứu', '', False, NULL, '2023-11-09 09:23:10', NULL, '2023-11-09 09:23:10'),
('3e90c90e-327f-4774-af47-3f271307b22b', 'e1f9dd43-71bd-4450-9f9b-4f2db655d260', '055711dd-49c0-42cf-b3c9-932229dde54d', NULL, NULL, NULL, '7686595d-16d5-33b3-0080-e8e2a817c80e', 'Phòng công nghệ thông tin', '469b3ece-744a-45d5-957d-e8c757976496', 'Phòng nghiên cứu', '', False, NULL, '2023-11-09 09:23:10', NULL, '2023-11-09 09:23:10'),
('7011081f-01b2-47e8-b7ac-23cd6a651c98', 'e1f9dd43-71bd-4450-9f9b-4f2db655d260', '057651fe-f452-4e5a-aad4-fb85d20c539b', NULL, NULL, NULL, '4577565a-7e3e-493a-74dd-867949feb8b5', 'Phòng chăm sóc khách hàng', '469b3ece-744a-45d5-957d-e8c757976496', 'Phòng nghiên cứu', '', False, NULL, '2023-11-09 09:23:10', NULL, '2023-11-09 09:23:10'),
('ed5ff195-727e-4d1a-88a7-ce6c863de0fd', 'e1f9dd43-71bd-4450-9f9b-4f2db655d260', '05be3635-a65a-4531-94c9-1f99229074b1', NULL, NULL, NULL, '142cb08f-7c31-21fa-8e90-67245e8b283e', 'Phòng thư ký', '469b3ece-744a-45d5-957d-e8c757976496', 'Phòng nghiên cứu', '', False, NULL, '2023-11-09 09:23:10', NULL, '2023-11-09 09:23:10'),
('56e0612c-4ad3-496c-8e4e-67f42a7957d7', 'e1f9dd43-71bd-4450-9f9b-4f2db655d260', '05e7f109-0862-4983-82ca-d408f65ae66c', NULL, NULL, NULL, '142cb08f-7c31-21fa-8e90-67245e8b283e', 'Phòng thư ký', '469b3ece-744a-45d5-957d-e8c757976496', 'Phòng nghiên cứu', '', False, NULL, '2023-11-09 09:23:10', NULL, '2023-11-09 09:23:10'),
('5e53a91a-b4c9-4954-88c6-ff2f15eb4b30', 'e1f9dd43-71bd-4450-9f9b-4f2db655d260', '06165e4c-fabd-4d27-b9c2-444fbe7472ce', NULL, NULL, NULL, '7686595d-16d5-33b3-0080-e8e2a817c80e', 'Phòng công nghệ thông tin', '469b3ece-744a-45d5-957d-e8c757976496', 'Phòng nghiên cứu', '', False, NULL, '2023-11-09 09:23:10', NULL, '2023-11-09 09:23:10'),
('0d3fec10-4d17-46f9-a9a9-45c4174b1bac', 'e1f9dd43-71bd-4450-9f9b-4f2db655d260', '06942ded-d4bf-47c3-932f-b15c9740a11b', NULL, NULL, NULL, '11452b0c-768e-5ff7-0d63-eeb1d8ed8cef', 'Phòng hành chính kế toán', '469b3ece-744a-45d5-957d-e8c757976496', 'Phòng nghiên cứu', '', False, NULL, '2023-11-09 09:23:10', NULL, '2023-11-09 09:23:10'),
('9b619679-d133-40b3-bd02-f128378ed006', 'e1f9dd43-71bd-4450-9f9b-4f2db655d260', '06c53eac-c5cb-412f-be52-2c4c21c7894c', NULL, NULL, NULL, '768f8e64-7d10-20c9-967d-e8c757976496', 'Phòng kỹ thuật', '469b3ece-744a-45d5-957d-e8c757976496', 'Phòng nghiên cứu', '', False, NULL, '2023-11-09 09:23:10', NULL, '2023-11-09 09:23:10'),
('cce1b905-885d-4f57-a4ea-cbefb80ae8b4', 'e1f9dd43-71bd-4450-9f9b-4f2db655d260', '06d30f06-abb9-4d4a-a3cf-d3068f818439', NULL, NULL, NULL, '7686595d-16d5-33b3-0080-e8e2a817c80e', 'Phòng công nghệ thông tin', '469b3ece-744a-45d5-957d-e8c757976496', 'Phòng nghiên cứu', '', False, NULL, '2023-11-09 09:23:10', NULL, '2023-11-09 09:23:10'),
('b1395640-aeaf-49de-93cc-017ec9e89751', 'e1f9dd43-71bd-4450-9f9b-4f2db655d260', '06d782af-1979-493b-95fc-5a9fcf4eb10e', NULL, NULL, NULL, '7686595d-16d5-33b3-0080-e8e2a817c80e', 'Phòng công nghệ thông tin', '469b3ece-744a-45d5-957d-e8c757976496', 'Phòng nghiên cứu', '', False, NULL, '2023-11-09 09:23:10', NULL, '2023-11-09 09:23:10'),
('e31865db-8520-4f8d-a646-1e5539b5f4b0', 'e1f9dd43-71bd-4450-9f9b-4f2db655d260', '0786b20d-07cb-4381-9b1c-e480a07f9e8d', NULL, NULL, NULL, '7686595d-16d5-33b3-0080-e8e2a817c80e', 'Phòng công nghệ thông tin', '469b3ece-744a-45d5-957d-e8c757976496', 'Phòng nghiên cứu', '', False, NULL, '2023-11-09 09:23:10', NULL, '2023-11-09 09:23:10'),
('1038cce8-552c-48a0-b2bf-b652efe460d7', 'e1f9dd43-71bd-4450-9f9b-4f2db655d260', '07b01834-cf6c-4c9a-b8e0-073175fbafd1', NULL, NULL, NULL, '768f8e64-7d10-20c9-967d-e8c757976496', 'Phòng kỹ thuật', '469b3ece-744a-45d5-957d-e8c757976496', 'Phòng nghiên cứu', '', False, NULL, '2023-11-09 09:23:10', NULL, '2023-11-09 09:23:10'),
('afeea33b-f59e-403c-b5a9-7523e29be3b5', 'e1f9dd43-71bd-4450-9f9b-4f2db655d260', '09195f1b-764b-462f-8aa0-03de76aeed83', NULL, NULL, NULL, '11452b0c-768e-5ff7-0d63-eeb1d8ed8cef', 'Phòng hành chính kế toán', '469b3ece-744a-45d5-957d-e8c757976496', 'Phòng nghiên cứu', '', False, NULL, '2023-11-09 09:23:10', NULL, '2023-11-09 09:23:10'),
('4610e924-6d26-4979-af4e-dd8580b82681', '32a323b0-70f8-484f-bbd3-f036143b9eac', '0bd2399c-46b5-4e8c-8f0f-6f80bd08f3a0', NULL, NULL, NULL, '4577565a-7e3e-493a-74dd-867949feb8b5', 'Phòng chăm sóc khách hàng', '469b3ece-744a-45d5-957d-e8c757976496', 'Phòng nghiên cứu', '', False, NULL, '2023-11-09 09:54:53', NULL, '2023-11-09 09:54:53'),
('bda76887-7bdd-4dd3-a118-b98ffed16c78', '32a323b0-70f8-484f-bbd3-f036143b9eac', '00916407-dd94-40b3-a365-b0f8cdec8adc', NULL, NULL, NULL, '59d19422-6657-452e-a7db-e5d54223c257', 'Phòng kinh doanh và tiếp thị', '469b3ece-744a-45d5-957d-e8c757976496', 'Phòng nghiên cứu', '', False, NULL, '2023-11-09 09:54:53', NULL, '2023-11-09 09:54:53'),
('5dc639da-f51b-4f60-8361-b2903610042b', '32a323b0-70f8-484f-bbd3-f036143b9eac', '018f2c58-4ce9-4d9f-9ec4-69ead50a123b', NULL, NULL, NULL, '11452b0c-768e-5ff7-0d63-eeb1d8ed8cef', 'Phòng hành chính kế toán', '469b3ece-744a-45d5-957d-e8c757976496', 'Phòng nghiên cứu', '', False, NULL, '2023-11-09 09:54:53', NULL, '2023-11-09 09:54:53'),
('af499615-9fcc-4cb8-8929-b4a410ea37f9', '32a323b0-70f8-484f-bbd3-f036143b9eac', '026eed3d-e85f-44aa-8175-c9b7aa0c7ec5', NULL, NULL, NULL, '59d19422-6657-452e-a7db-e5d54223c257', 'Phòng kinh doanh và tiếp thị', '469b3ece-744a-45d5-957d-e8c757976496', 'Phòng nghiên cứu', '', False, NULL, '2023-11-09 09:54:53', NULL, '2023-11-09 09:54:53'),
('ba2c18f3-0404-48b5-b4e0-c8bc6459aafa', '32a323b0-70f8-484f-bbd3-f036143b9eac', '036821fc-629b-477f-8749-3571f9caec72', NULL, NULL, NULL, '768f8e64-7d10-20c9-967d-e8c757976496', 'Phòng kỹ thuật', '469b3ece-744a-45d5-957d-e8c757976496', 'Phòng nghiên cứu', '', False, NULL, '2023-11-09 09:54:53', NULL, '2023-11-09 09:54:53'),
('e4792760-dd40-4940-9a39-843f837fe4a0', '32a323b0-70f8-484f-bbd3-f036143b9eac', '039464e2-9942-4940-9678-0a6ba35c1e8d', NULL, NULL, NULL, '7686595d-16d5-33b3-0080-e8e2a817c80e', 'Phòng công nghệ thông tin', '469b3ece-744a-45d5-957d-e8c757976496', 'Phòng nghiên cứu', '', False, NULL, '2023-11-09 09:54:53', NULL, '2023-11-09 09:54:53'),
('c143005d-943d-4e5a-aede-0d947448268a', '32a323b0-70f8-484f-bbd3-f036143b9eac', '03be649b-01e6-442b-968a-7494fe6d6df2', NULL, NULL, NULL, '142cb08f-7c31-21fa-8e90-67245e8b283e', 'Phòng thư ký', '469b3ece-744a-45d5-957d-e8c757976496', 'Phòng nghiên cứu', '', False, NULL, '2023-11-09 09:54:53', NULL, '2023-11-09 09:54:53'),
('31adda81-4d3a-4df0-a020-ccbe037c4ff6', '32a323b0-70f8-484f-bbd3-f036143b9eac', '03dbb9fe-f29b-4b60-a0f4-dd18016e8e97', NULL, NULL, NULL, '59d19422-6657-452e-a7db-e5d54223c257', 'Phòng kinh doanh và tiếp thị', '469b3ece-744a-45d5-957d-e8c757976496', 'Phòng nghiên cứu', '', False, NULL, '2023-11-09 09:54:53', NULL, '2023-11-09 09:54:53'),
('c3d31e30-5039-4b50-b52d-05f0b5ba4c98', '32a323b0-70f8-484f-bbd3-f036143b9eac', '055711dd-49c0-42cf-b3c9-932229dde54d', NULL, NULL, NULL, '7686595d-16d5-33b3-0080-e8e2a817c80e', 'Phòng công nghệ thông tin', '469b3ece-744a-45d5-957d-e8c757976496', 'Phòng nghiên cứu', '', False, NULL, '2023-11-09 09:54:53', NULL, '2023-11-09 09:54:53'),
('a4af6ce5-e332-4aa4-88b3-70a567c9853c', '32a323b0-70f8-484f-bbd3-f036143b9eac', '057651fe-f452-4e5a-aad4-fb85d20c539b', NULL, NULL, NULL, '4577565a-7e3e-493a-74dd-867949feb8b5', 'Phòng chăm sóc khách hàng', '469b3ece-744a-45d5-957d-e8c757976496', 'Phòng nghiên cứu', '', False, NULL, '2023-11-09 09:54:53', NULL, '2023-11-09 09:54:53'),
('c4113da7-f9b5-4695-82f3-626fe526d1d5', '32a323b0-70f8-484f-bbd3-f036143b9eac', '05be3635-a65a-4531-94c9-1f99229074b1', NULL, NULL, NULL, '142cb08f-7c31-21fa-8e90-67245e8b283e', 'Phòng thư ký', '469b3ece-744a-45d5-957d-e8c757976496', 'Phòng nghiên cứu', '', False, NULL, '2023-11-09 09:54:53', NULL, '2023-11-09 09:54:53'),
('2ebfea1f-c133-4f9d-b4cd-0319464dbd36', '32a323b0-70f8-484f-bbd3-f036143b9eac', '05e7f109-0862-4983-82ca-d408f65ae66c', NULL, NULL, NULL, '142cb08f-7c31-21fa-8e90-67245e8b283e', 'Phòng thư ký', '469b3ece-744a-45d5-957d-e8c757976496', 'Phòng nghiên cứu', '', False, NULL, '2023-11-09 09:54:53', NULL, '2023-11-09 09:54:53'),
('4e9e80c0-7c07-479a-b3c7-b0881eea1e3f', '32a323b0-70f8-484f-bbd3-f036143b9eac', '06165e4c-fabd-4d27-b9c2-444fbe7472ce', NULL, NULL, NULL, '7686595d-16d5-33b3-0080-e8e2a817c80e', 'Phòng công nghệ thông tin', '469b3ece-744a-45d5-957d-e8c757976496', 'Phòng nghiên cứu', '', False, NULL, '2023-11-09 09:54:53', NULL, '2023-11-09 09:54:53'),
('ceef2841-c875-4b1e-a571-d54729d32f7c', '32a323b0-70f8-484f-bbd3-f036143b9eac', '06942ded-d4bf-47c3-932f-b15c9740a11b', NULL, NULL, NULL, '11452b0c-768e-5ff7-0d63-eeb1d8ed8cef', 'Phòng hành chính kế toán', '469b3ece-744a-45d5-957d-e8c757976496', 'Phòng nghiên cứu', '', False, NULL, '2023-11-09 09:54:53', NULL, '2023-11-09 09:54:53'),
('43c32f45-492a-41b6-9ffe-a85eecac6306', '32a323b0-70f8-484f-bbd3-f036143b9eac', '06c53eac-c5cb-412f-be52-2c4c21c7894c', NULL, NULL, NULL, '768f8e64-7d10-20c9-967d-e8c757976496', 'Phòng kỹ thuật', '469b3ece-744a-45d5-957d-e8c757976496', 'Phòng nghiên cứu', '', False, NULL, '2023-11-09 09:54:53', NULL, '2023-11-09 09:54:53'),
('01ddd328-5db6-403e-b783-19a1b2a51baf', '32a323b0-70f8-484f-bbd3-f036143b9eac', '06d30f06-abb9-4d4a-a3cf-d3068f818439', NULL, NULL, NULL, '7686595d-16d5-33b3-0080-e8e2a817c80e', 'Phòng công nghệ thông tin', '469b3ece-744a-45d5-957d-e8c757976496', 'Phòng nghiên cứu', '', False, NULL, '2023-11-09 09:54:53', NULL, '2023-11-09 09:54:53'),
('f1eef88f-716a-4254-a66a-36e4a0f30b34', '32a323b0-70f8-484f-bbd3-f036143b9eac', '06d782af-1979-493b-95fc-5a9fcf4eb10e', NULL, NULL, NULL, '7686595d-16d5-33b3-0080-e8e2a817c80e', 'Phòng công nghệ thông tin', '469b3ece-744a-45d5-957d-e8c757976496', 'Phòng nghiên cứu', '', False, NULL, '2023-11-09 09:54:53', NULL, '2023-11-09 09:54:53'),
('ae40d51b-5d45-4aa9-add2-12fd46a69e18', '32a323b0-70f8-484f-bbd3-f036143b9eac', '0786b20d-07cb-4381-9b1c-e480a07f9e8d', NULL, NULL, NULL, '7686595d-16d5-33b3-0080-e8e2a817c80e', 'Phòng công nghệ thông tin', '469b3ece-744a-45d5-957d-e8c757976496', 'Phòng nghiên cứu', '', False, NULL, '2023-11-09 09:54:53', NULL, '2023-11-09 09:54:53'),
('783ca056-ee62-4bd2-8021-cef0bb5cf303', '32a323b0-70f8-484f-bbd3-f036143b9eac', '07b01834-cf6c-4c9a-b8e0-073175fbafd1', NULL, NULL, NULL, '768f8e64-7d10-20c9-967d-e8c757976496', 'Phòng kỹ thuật', '469b3ece-744a-45d5-957d-e8c757976496', 'Phòng nghiên cứu', '', False, NULL, '2023-11-09 09:54:53', NULL, '2023-11-09 09:54:53'),
('aacd67a9-a5e7-4c9d-8ea7-0a256b6aa497', '32a323b0-70f8-484f-bbd3-f036143b9eac', '09195f1b-764b-462f-8aa0-03de76aeed83', NULL, NULL, NULL, '11452b0c-768e-5ff7-0d63-eeb1d8ed8cef', 'Phòng hành chính kế toán', '469b3ece-744a-45d5-957d-e8c757976496', 'Phòng nghiên cứu', '', False, NULL, '2023-11-09 09:54:53', NULL, '2023-11-09 09:54:53'),
('7b5e3337-4f96-49b9-b0bd-a6ac4180b342', '32a323b0-70f8-484f-bbd3-f036143b9eac', '096bfa22-d876-4019-89ab-a9f5cbf7189e', NULL, NULL, NULL, '7686595d-16d5-33b3-0080-e8e2a817c80e', 'Phòng công nghệ thông tin', '17120d02-6ab5-3e43-18cb-66948daf6128', 'Phòng nhân sự', '', False, NULL, '2023-11-09 09:54:53', NULL, '2023-11-09 09:54:53'),
('d6cf53ca-e114-49ba-9381-911fc959d55b', '32a323b0-70f8-484f-bbd3-f036143b9eac', '0a0febc2-dd98-4b0c-a775-240bb0ef4fab', NULL, NULL, NULL, '7686595d-16d5-33b3-0080-e8e2a817c80e', 'Phòng công nghệ thông tin', '17120d02-6ab5-3e43-18cb-66948daf6128', 'Phòng nhân sự', '', False, NULL, '2023-11-09 09:54:53', NULL, '2023-11-09 09:54:53'),
('ff0f5b4d-de9f-400a-b178-651a25cd8db5', '32a323b0-70f8-484f-bbd3-f036143b9eac', '0b472140-a070-4193-81da-4c35cdd28e59', NULL, NULL, NULL, '7686595d-16d5-33b3-0080-e8e2a817c80e', 'Phòng công nghệ thông tin', '17120d02-6ab5-3e43-18cb-66948daf6128', 'Phòng nhân sự', '', False, NULL, '2023-11-09 09:54:53', NULL, '2023-11-09 09:54:53'),
('08c20ad8-7c40-4e58-8c4a-c446ccb827e4', '32a323b0-70f8-484f-bbd3-f036143b9eac', '0dfb5197-d6c0-44fd-ad88-ab97cd6d7026', NULL, NULL, NULL, '469b3ece-744a-45d5-957d-e8c757976496', 'Phòng nghiên cứu', '17120d02-6ab5-3e43-18cb-66948daf6128', 'Phòng nhân sự', '', False, NULL, '2023-11-09 09:54:53', NULL, '2023-11-09 09:54:53'),
('7f58841a-c826-4db6-a475-ea44892e765f', '32a323b0-70f8-484f-bbd3-f036143b9eac', '0e7ab5cc-d5f2-40fc-b0a0-c6a23d54e3f8', NULL, NULL, NULL, '2bbbd485-6df2-536a-7e32-6a1673ffca7c', 'Phòng tài chính tổng hợp', '17120d02-6ab5-3e43-18cb-66948daf6128', 'Phòng nhân sự', '', False, NULL, '2023-11-09 09:54:53', NULL, '2023-11-09 09:54:53'),
('7cef15a6-c6a6-427d-8338-d622610c42ff', '32a323b0-70f8-484f-bbd3-f036143b9eac', '0ee841e7-ae56-4392-a963-05f89c9a6671', NULL, NULL, NULL, '142cb08f-7c31-21fa-8e90-67245e8b283e', 'Phòng thư ký', '17120d02-6ab5-3e43-18cb-66948daf6128', 'Phòng nhân sự', '', False, NULL, '2023-11-09 09:54:53', NULL, '2023-11-09 09:54:53'),
('3eadfc1e-80a0-49b8-8de7-d5d65d4f829c', '32a323b0-70f8-484f-bbd3-f036143b9eac', '0ffbb714-4eb7-4e11-aae3-9ed04a8a79fb', NULL, NULL, NULL, '7686595d-16d5-33b3-0080-e8e2a817c80e', 'Phòng công nghệ thông tin', '17120d02-6ab5-3e43-18cb-66948daf6128', 'Phòng nhân sự', '', False, NULL, '2023-11-09 09:54:53', NULL, '2023-11-09 09:54:53'),
('4ac42cd6-776f-4623-bfce-966aaa099c30', '32a323b0-70f8-484f-bbd3-f036143b9eac', '11cd357b-a88a-45ca-85f6-c016e0569c71', NULL, NULL, NULL, '768f8e64-7d10-20c9-967d-e8c757976496', 'Phòng kỹ thuật', '17120d02-6ab5-3e43-18cb-66948daf6128', 'Phòng nhân sự', '', False, NULL, '2023-11-09 09:54:53', NULL, '2023-11-09 09:54:53'),
('42669061-3a90-46de-ad0b-94f3f1fa3eff', '32a323b0-70f8-484f-bbd3-f036143b9eac', '12083272-cbd8-4da1-8543-664709033655', NULL, NULL, NULL, '59d19422-6657-452e-a7db-e5d54223c257', 'Phòng kinh doanh và tiếp thị', '17120d02-6ab5-3e43-18cb-66948daf6128', 'Phòng nhân sự', '', False, NULL, '2023-11-09 09:54:53', NULL, '2023-11-09 09:54:53'),
('c2e9c775-0759-4e33-b00e-458e95ca01a4', '32a323b0-70f8-484f-bbd3-f036143b9eac', '121d0cce-4dca-4a92-ac8a-2eeb9c892d64', NULL, NULL, NULL, '768f8e64-7d10-20c9-967d-e8c757976496', 'Phòng kỹ thuật', '17120d02-6ab5-3e43-18cb-66948daf6128', 'Phòng nhân sự', '', False, NULL, '2023-11-09 09:54:53', NULL, '2023-11-09 09:54:53'),
('950f5197-645b-44fc-944d-98534ae5bde5', '32a323b0-70f8-484f-bbd3-f036143b9eac', '12514a02-29c6-4381-b320-f6f121396764', NULL, NULL, NULL, '768f8e64-7d10-20c9-967d-e8c757976496', 'Phòng kỹ thuật', '17120d02-6ab5-3e43-18cb-66948daf6128', 'Phòng nhân sự', '', False, NULL, '2023-11-09 09:54:53', NULL, '2023-11-09 09:54:53'),
('a6c3cd16-dfe3-41b3-a1c3-dbf471269820', '32a323b0-70f8-484f-bbd3-f036143b9eac', '12a2948d-3a6c-4235-abbd-2693ea78de3d', NULL, NULL, NULL, '59d19422-6657-452e-a7db-e5d54223c257', 'Phòng kinh doanh và tiếp thị', '17120d02-6ab5-3e43-18cb-66948daf6128', 'Phòng nhân sự', '', False, NULL, '2023-11-09 09:54:53', NULL, '2023-11-09 09:54:53'),
('6a83f6b9-b54c-4083-b295-ae8d875d7995', '32a323b0-70f8-484f-bbd3-f036143b9eac', '12b3a7eb-3022-41a1-95e0-4f5927b3c862', NULL, NULL, NULL, '59d19422-6657-452e-a7db-e5d54223c257', 'Phòng kinh doanh và tiếp thị', '17120d02-6ab5-3e43-18cb-66948daf6128', 'Phòng nhân sự', '', False, NULL, '2023-11-09 09:54:53', NULL, '2023-11-09 09:54:53'),
('1d51cf2f-6c16-4f50-9651-b79291d01c87', '32a323b0-70f8-484f-bbd3-f036143b9eac', '130dd09e-e382-41e0-8e91-3f408be893a2', NULL, NULL, NULL, '2bbbd485-6df2-536a-7e32-6a1673ffca7c', 'Phòng tài chính tổng hợp', '17120d02-6ab5-3e43-18cb-66948daf6128', 'Phòng nhân sự', '', False, NULL, '2023-11-09 09:54:53', NULL, '2023-11-09 09:54:53'),
('4fe4a9d7-7f95-4b2b-89bf-b2c8fad946e5', '32a323b0-70f8-484f-bbd3-f036143b9eac', '1374a6cd-d94d-40ef-9e24-5abdbe8597d0', NULL, NULL, NULL, '768f8e64-7d10-20c9-967d-e8c757976496', 'Phòng kỹ thuật', '17120d02-6ab5-3e43-18cb-66948daf6128', 'Phòng nhân sự', '', False, NULL, '2023-11-09 09:54:53', NULL, '2023-11-09 09:54:53'),
('cefa147b-d64f-4606-bb7b-8eb561997134', '32a323b0-70f8-484f-bbd3-f036143b9eac', '14e649de-68c8-4f70-8ef9-1f6ea14e3ebf', NULL, NULL, NULL, '7686595d-16d5-33b3-0080-e8e2a817c80e', 'Phòng công nghệ thông tin', '17120d02-6ab5-3e43-18cb-66948daf6128', 'Phòng nhân sự', '', False, NULL, '2023-11-09 09:54:53', NULL, '2023-11-09 09:54:53'),
('0d904d5b-e10d-4927-ac31-7e2840cb3733', '32a323b0-70f8-484f-bbd3-f036143b9eac', '14ff5d1e-40b4-4245-8301-fca3679772a7', NULL, NULL, NULL, '768f8e64-7d10-20c9-967d-e8c757976496', 'Phòng kỹ thuật', '17120d02-6ab5-3e43-18cb-66948daf6128', 'Phòng nhân sự', '', False, NULL, '2023-11-09 09:54:53', NULL, '2023-11-09 09:54:53'),
('4b597626-fee3-4f4b-bc16-787d2e93cdca', '32a323b0-70f8-484f-bbd3-f036143b9eac', '165b737d-b12d-4a3c-b3c9-a7c978dcb852', NULL, NULL, NULL, '7686595d-16d5-33b3-0080-e8e2a817c80e', 'Phòng công nghệ thông tin', '17120d02-6ab5-3e43-18cb-66948daf6128', 'Phòng nhân sự', '', False, NULL, '2023-11-09 09:54:53', NULL, '2023-11-09 09:54:53'),
('37e809d5-314b-406e-be4d-986fcab7ef36', '32a323b0-70f8-484f-bbd3-f036143b9eac', '16f282e5-75a0-4358-b8ac-ea0c608c5964', NULL, NULL, NULL, '4e272fc4-7875-78d6-7d32-6a1673ffca7c', 'Phòng quản lý', '17120d02-6ab5-3e43-18cb-66948daf6128', 'Phòng nhân sự', '', False, NULL, '2023-11-09 09:54:53', NULL, '2023-11-09 09:54:53'),
('88795aba-fb55-4894-9751-07c1186acffb', '32a323b0-70f8-484f-bbd3-f036143b9eac', '1745fff2-0274-49a9-aaa6-91c0046cda9a', NULL, NULL, NULL, '469b3ece-744a-45d5-957d-e8c757976496', 'Phòng nghiên cứu', '17120d02-6ab5-3e43-18cb-66948daf6128', 'Phòng nhân sự', '', False, NULL, '2023-11-09 09:54:53', NULL, '2023-11-09 09:54:53'),
('b0540169-d0f0-4586-8440-f8d34870d653', '6a49351d-2361-4b8a-b21b-8e448f3a72e2', '0bd2399c-46b5-4e8c-8f0f-6f80bd08f3a0', NULL, NULL, NULL, '4577565a-7e3e-493a-74dd-867949feb8b5', 'Phòng chăm sóc khách hàng', '17120d02-6ab5-3e43-18cb-66948daf6128', 'Phòng nhân sự', '', False, NULL, '2023-11-09 10:03:38', NULL, '2023-11-09 10:03:38'),
('6f678a92-64fb-4251-ab21-cd5f55e28ed5', '6a49351d-2361-4b8a-b21b-8e448f3a72e2', '00916407-dd94-40b3-a365-b0f8cdec8adc', NULL, NULL, NULL, '59d19422-6657-452e-a7db-e5d54223c257', 'Phòng kinh doanh và tiếp thị', '17120d02-6ab5-3e43-18cb-66948daf6128', 'Phòng nhân sự', '', False, NULL, '2023-11-09 10:03:38', NULL, '2023-11-09 10:03:38'),
('804e5cfd-ad6e-416e-9287-5cb37d8d0294', '6a49351d-2361-4b8a-b21b-8e448f3a72e2', '018f2c58-4ce9-4d9f-9ec4-69ead50a123b', NULL, NULL, NULL, '11452b0c-768e-5ff7-0d63-eeb1d8ed8cef', 'Phòng hành chính kế toán', '17120d02-6ab5-3e43-18cb-66948daf6128', 'Phòng nhân sự', '', False, NULL, '2023-11-09 10:03:38', NULL, '2023-11-09 10:03:38'),
('62ff4859-938f-4cbf-af29-36fd4de925c8', '6a49351d-2361-4b8a-b21b-8e448f3a72e2', '039464e2-9942-4940-9678-0a6ba35c1e8d', NULL, NULL, NULL, '7686595d-16d5-33b3-0080-e8e2a817c80e', 'Phòng công nghệ thông tin', '11452b0c-768e-5ff7-0d63-eeb1d8ed8cef', 'Phòng hành chính kế toán', '', False, NULL, '2023-11-09 10:03:38', NULL, '2023-11-09 10:03:38'),
('ed34ad80-50b2-4e38-872a-70175dd43dce', '6a49351d-2361-4b8a-b21b-8e448f3a72e2', '05be3635-a65a-4531-94c9-1f99229074b1', NULL, NULL, NULL, '142cb08f-7c31-21fa-8e90-67245e8b283e', 'Phòng thư ký', '11452b0c-768e-5ff7-0d63-eeb1d8ed8cef', 'Phòng hành chính kế toán', '', False, NULL, '2023-11-09 10:03:38', NULL, '2023-11-09 10:03:38'),
('113f9362-45c0-4530-9882-d13102a2867f', '6a49351d-2361-4b8a-b21b-8e448f3a72e2', '3eb2390d-db9b-4a96-abfa-62e7f4b6076b', NULL, NULL, NULL, '142cb08f-7c31-21fa-8e90-67245e8b283e', 'Phòng thư ký', '7686595d-16d5-33b3-0080-e8e2a817c80e', 'Phòng công nghệ thông tin', '', False, NULL, '2023-11-09 10:03:38', NULL, '2023-11-09 10:03:38'),
('6e3b89c8-0f3b-44fe-b8b8-2096d925d6fb', '57d3cbfe-f91e-45cb-a2e4-403f9e8053a2', '0bd2399c-46b5-4e8c-8f0f-6f80bd08f3a0', NULL, NULL, NULL, '4577565a-7e3e-493a-74dd-867949feb8b5', 'Phòng chăm sóc khách hàng', '469b3ece-744a-45d5-957d-e8c757976496', 'Phòng nghiên cứu', '23132131', False, NULL, '2023-11-09 11:10:16', NULL, '2023-11-09 11:10:16'),
('e340945d-4b2e-4a24-9047-a75c8070cd10', '57d3cbfe-f91e-45cb-a2e4-403f9e8053a2', '00916407-dd94-40b3-a365-b0f8cdec8adc', NULL, NULL, NULL, '59d19422-6657-452e-a7db-e5d54223c257', 'Phòng kinh doanh và tiếp thị', '469b3ece-744a-45d5-957d-e8c757976496', 'Phòng nghiên cứu', '', False, NULL, '2023-11-09 11:10:16', NULL, '2023-11-09 11:10:16'),
('d4babc5b-0b2b-4987-bf5c-f567baf11860', '57d3cbfe-f91e-45cb-a2e4-403f9e8053a2', '018f2c58-4ce9-4d9f-9ec4-69ead50a123b', NULL, NULL, NULL, '11452b0c-768e-5ff7-0d63-eeb1d8ed8cef', 'Phòng hành chính kế toán', '469b3ece-744a-45d5-957d-e8c757976496', 'Phòng nghiên cứu', '', False, NULL, '2023-11-09 11:10:16', NULL, '2023-11-09 11:10:16'),
('5c2bf09f-65fb-41de-bda8-a1f1bf0a3d17', '57d3cbfe-f91e-45cb-a2e4-403f9e8053a2', '026eed3d-e85f-44aa-8175-c9b7aa0c7ec5', NULL, NULL, NULL, '59d19422-6657-452e-a7db-e5d54223c257', 'Phòng kinh doanh và tiếp thị', '469b3ece-744a-45d5-957d-e8c757976496', 'Phòng nghiên cứu', '', False, NULL, '2023-11-09 11:10:16', NULL, '2023-11-09 11:10:16'),
('b7de00a5-a75f-4b55-9edd-1e0e153daac1', '57d3cbfe-f91e-45cb-a2e4-403f9e8053a2', '036821fc-629b-477f-8749-3571f9caec72', NULL, NULL, NULL, '768f8e64-7d10-20c9-967d-e8c757976496', 'Phòng kỹ thuật', '469b3ece-744a-45d5-957d-e8c757976496', 'Phòng nghiên cứu', '', False, NULL, '2023-11-09 11:10:16', NULL, '2023-11-09 11:10:16'),
('1e60f06f-397a-4300-b5e1-f21bd9205ffd', '57d3cbfe-f91e-45cb-a2e4-403f9e8053a2', '039464e2-9942-4940-9678-0a6ba35c1e8d', NULL, NULL, NULL, '7686595d-16d5-33b3-0080-e8e2a817c80e', 'Phòng công nghệ thông tin', '469b3ece-744a-45d5-957d-e8c757976496', 'Phòng nghiên cứu', '', False, NULL, '2023-11-09 11:10:16', NULL, '2023-11-09 11:10:16'),
('69024819-ec65-4f9b-a1fa-d0bfe5d918ae', '57d3cbfe-f91e-45cb-a2e4-403f9e8053a2', '03be649b-01e6-442b-968a-7494fe6d6df2', NULL, NULL, NULL, '142cb08f-7c31-21fa-8e90-67245e8b283e', 'Phòng thư ký', '469b3ece-744a-45d5-957d-e8c757976496', 'Phòng nghiên cứu', '', False, NULL, '2023-11-09 11:10:16', NULL, '2023-11-09 11:10:16'),
('f9820808-06f8-4ac3-a8d9-6d744b3efae3', '57d3cbfe-f91e-45cb-a2e4-403f9e8053a2', '03dbb9fe-f29b-4b60-a0f4-dd18016e8e97', NULL, NULL, NULL, '59d19422-6657-452e-a7db-e5d54223c257', 'Phòng kinh doanh và tiếp thị', '469b3ece-744a-45d5-957d-e8c757976496', 'Phòng nghiên cứu', '', False, NULL, '2023-11-09 11:10:16', NULL, '2023-11-09 11:10:16'),
('09927d1f-ea37-4922-8b41-1dead15f0df9', '57d3cbfe-f91e-45cb-a2e4-403f9e8053a2', '055711dd-49c0-42cf-b3c9-932229dde54d', NULL, NULL, NULL, '7686595d-16d5-33b3-0080-e8e2a817c80e', 'Phòng công nghệ thông tin', '469b3ece-744a-45d5-957d-e8c757976496', 'Phòng nghiên cứu', '', False, NULL, '2023-11-09 11:10:16', NULL, '2023-11-09 11:10:16'),
('e12c77b4-225c-45ce-b646-e85fda1ba7b6', '57d3cbfe-f91e-45cb-a2e4-403f9e8053a2', '057651fe-f452-4e5a-aad4-fb85d20c539b', NULL, NULL, NULL, '4577565a-7e3e-493a-74dd-867949feb8b5', 'Phòng chăm sóc khách hàng', '469b3ece-744a-45d5-957d-e8c757976496', 'Phòng nghiên cứu', '', False, NULL, '2023-11-09 11:10:16', NULL, '2023-11-09 11:10:16'),
('ebe978ab-94d7-40fb-8cc8-d77a8e34272b', '57d3cbfe-f91e-45cb-a2e4-403f9e8053a2', '05be3635-a65a-4531-94c9-1f99229074b1', NULL, NULL, NULL, '142cb08f-7c31-21fa-8e90-67245e8b283e', 'Phòng thư ký', '469b3ece-744a-45d5-957d-e8c757976496', 'Phòng nghiên cứu', '', False, NULL, '2023-11-09 11:10:16', NULL, '2023-11-09 11:10:16'),
('03fe664c-d009-4595-ab3d-ee871406adbf', '57d3cbfe-f91e-45cb-a2e4-403f9e8053a2', '05e7f109-0862-4983-82ca-d408f65ae66c', NULL, NULL, NULL, '142cb08f-7c31-21fa-8e90-67245e8b283e', 'Phòng thư ký', '469b3ece-744a-45d5-957d-e8c757976496', 'Phòng nghiên cứu', '', False, NULL, '2023-11-09 11:10:16', NULL, '2023-11-09 11:10:16'),
('ae4ccded-0048-4dbc-bf3c-cbdac74fe756', '57d3cbfe-f91e-45cb-a2e4-403f9e8053a2', '06165e4c-fabd-4d27-b9c2-444fbe7472ce', NULL, NULL, NULL, '7686595d-16d5-33b3-0080-e8e2a817c80e', 'Phòng công nghệ thông tin', '469b3ece-744a-45d5-957d-e8c757976496', 'Phòng nghiên cứu', '', False, NULL, '2023-11-09 11:10:16', NULL, '2023-11-09 11:10:16'),
('5b535783-f79d-4161-af36-172ea1f20abc', '57d3cbfe-f91e-45cb-a2e4-403f9e8053a2', '06942ded-d4bf-47c3-932f-b15c9740a11b', NULL, NULL, NULL, '11452b0c-768e-5ff7-0d63-eeb1d8ed8cef', 'Phòng hành chính kế toán', '469b3ece-744a-45d5-957d-e8c757976496', 'Phòng nghiên cứu', '', False, NULL, '2023-11-09 11:10:16', NULL, '2023-11-09 11:10:16'),
('fd3abab0-9d29-45a2-89d0-7b55c4e93add', '57d3cbfe-f91e-45cb-a2e4-403f9e8053a2', '06c53eac-c5cb-412f-be52-2c4c21c7894c', NULL, NULL, NULL, '768f8e64-7d10-20c9-967d-e8c757976496', 'Phòng kỹ thuật', '469b3ece-744a-45d5-957d-e8c757976496', 'Phòng nghiên cứu', '', False, NULL, '2023-11-09 11:10:16', NULL, '2023-11-09 11:10:16'),
('1665bb6f-cd25-4332-b8bd-a90b2c034dc2', '57d3cbfe-f91e-45cb-a2e4-403f9e8053a2', '06d30f06-abb9-4d4a-a3cf-d3068f818439', NULL, NULL, NULL, '7686595d-16d5-33b3-0080-e8e2a817c80e', 'Phòng công nghệ thông tin', '469b3ece-744a-45d5-957d-e8c757976496', 'Phòng nghiên cứu', '', False, NULL, '2023-11-09 11:10:16', NULL, '2023-11-09 11:10:16'),
('197f4620-f470-4f99-a3a8-f755225f6879', '57d3cbfe-f91e-45cb-a2e4-403f9e8053a2', '06d782af-1979-493b-95fc-5a9fcf4eb10e', NULL, NULL, NULL, '7686595d-16d5-33b3-0080-e8e2a817c80e', 'Phòng công nghệ thông tin', '469b3ece-744a-45d5-957d-e8c757976496', 'Phòng nghiên cứu', '', False, NULL, '2023-11-09 11:10:16', NULL, '2023-11-09 11:10:16'),
('1babeda0-ac28-4a8a-996f-8497a8c532a2', '57d3cbfe-f91e-45cb-a2e4-403f9e8053a2', '0786b20d-07cb-4381-9b1c-e480a07f9e8d', NULL, NULL, NULL, '7686595d-16d5-33b3-0080-e8e2a817c80e', 'Phòng công nghệ thông tin', '469b3ece-744a-45d5-957d-e8c757976496', 'Phòng nghiên cứu', '', False, NULL, '2023-11-09 11:10:16', NULL, '2023-11-09 11:10:16'),
('c6c4781a-0027-43d7-a885-b815ac902b00', '57d3cbfe-f91e-45cb-a2e4-403f9e8053a2', '07b01834-cf6c-4c9a-b8e0-073175fbafd1', NULL, NULL, NULL, '768f8e64-7d10-20c9-967d-e8c757976496', 'Phòng kỹ thuật', '469b3ece-744a-45d5-957d-e8c757976496', 'Phòng nghiên cứu', '', False, NULL, '2023-11-09 11:10:16', NULL, '2023-11-09 11:10:16'),
('16668baa-7bfb-4474-b6d4-c961c00858aa', '57d3cbfe-f91e-45cb-a2e4-403f9e8053a2', '09195f1b-764b-462f-8aa0-03de76aeed83', NULL, NULL, NULL, '11452b0c-768e-5ff7-0d63-eeb1d8ed8cef', 'Phòng hành chính kế toán', '469b3ece-744a-45d5-957d-e8c757976496', 'Phòng nghiên cứu', '', False, NULL, '2023-11-09 11:10:16', NULL, '2023-11-09 11:10:16'),
('b19b33b7-fa01-4a22-98e8-8d2bf4aab81e', '4cd31904-3e38-45ee-81e2-eee5d091c082', '0786b20d-07cb-4381-9b1c-e480a07f9e8d', NULL, NULL, NULL, '7686595d-16d5-33b3-0080-e8e2a817c80e', 'Phòng công nghệ thông tin', '469b3ece-744a-45d5-957d-e8c757976496', 'Phòng nghiên cứu', '', False, NULL, '2023-11-13 13:38:21', NULL, '2023-11-13 13:38:21'),
('c79f74ac-5077-4520-bec8-1e3df096f570', '4cd31904-3e38-45ee-81e2-eee5d091c082', '07b01834-cf6c-4c9a-b8e0-073175fbafd1', NULL, NULL, NULL, '768f8e64-7d10-20c9-967d-e8c757976496', 'Phòng kỹ thuật', '469b3ece-744a-45d5-957d-e8c757976496', 'Phòng nghiên cứu', '', False, NULL, '2023-11-13 13:38:21', NULL, '2023-11-13 13:38:21'),
('f6f7ffae-62ed-4c3e-b441-4e416a518fe2', '4cd31904-3e38-45ee-81e2-eee5d091c082', '09195f1b-764b-462f-8aa0-03de76aeed83', NULL, NULL, NULL, '11452b0c-768e-5ff7-0d63-eeb1d8ed8cef', 'Phòng hành chính kế toán', '469b3ece-744a-45d5-957d-e8c757976496', 'Phòng nghiên cứu', '', False, NULL, '2023-11-13 13:38:21', NULL, '2023-11-13 13:38:21'),
('cd6d4d4b-a1ab-47de-b8f7-43b720b5c27d', '4cd31904-3e38-45ee-81e2-eee5d091c082', '096bfa22-d876-4019-89ab-a9f5cbf7189e', NULL, NULL, NULL, '7686595d-16d5-33b3-0080-e8e2a817c80e', 'Phòng công nghệ thông tin', '469b3ece-744a-45d5-957d-e8c757976496', 'Phòng nghiên cứu', '', False, NULL, '2023-11-13 13:38:21', NULL, '2023-11-13 13:38:21'),
('f8ffdc52-f4de-4e14-8244-9e4404c14da1', 'c490f6f9-71fd-40fc-b763-c205adb6af57', '0bd2399c-46b5-4e8c-8f0f-6f80bd08f3a0', NULL, NULL, NULL, '4577565a-7e3e-493a-74dd-867949feb8b5', 'Phòng chăm sóc khách hàng', '11452b0c-768e-5ff7-0d63-eeb1d8ed8cef', 'Phòng hành chính kế toán', '', False, NULL, '2023-11-13 14:22:55', NULL, '2023-11-13 14:22:55'),
('333622dd-90e1-48eb-b27d-5ae6e858f098', 'c490f6f9-71fd-40fc-b763-c205adb6af57', '00916407-dd94-40b3-a365-b0f8cdec8adc', NULL, NULL, NULL, '59d19422-6657-452e-a7db-e5d54223c257', 'Phòng kinh doanh và tiếp thị', '17120d02-6ab5-3e43-18cb-66948daf6128', 'Phòng nhân sự', '', False, NULL, '2023-11-13 14:26:36', NULL, '2023-11-13 14:26:36'),
('3fd8cdeb-df4f-4c62-96e1-aa566eb317bf', 'c490f6f9-71fd-40fc-b763-c205adb6af57', '018f2c58-4ce9-4d9f-9ec4-69ead50a123b', NULL, NULL, NULL, '11452b0c-768e-5ff7-0d63-eeb1d8ed8cef', 'Phòng hành chính kế toán', '17120d02-6ab5-3e43-18cb-66948daf6128', 'Phòng nhân sự', '', False, NULL, '2023-11-13 14:26:36', NULL, '2023-11-13 14:26:36'),
('95b5be6d-c20b-43b0-8eb0-cb66fecde087', '4b9427ae-fa3f-4d2b-bb78-404b50f20967', '09195f1b-764b-462f-8aa0-03de76aeed83', NULL, NULL, NULL, '11452b0c-768e-5ff7-0d63-eeb1d8ed8cef', 'Phòng hành chính kế toán', '59d19422-6657-452e-a7db-e5d54223c257', 'Phòng kinh doanh và tiếp thị', '2w23213', False, NULL, '2023-11-13 14:27:15', NULL, '2023-11-13 14:27:15'),
('f53e2d10-349d-47dc-b434-bc7e746985b0', '2bde3dce-c826-4889-9833-e1edd4e94d6c', '0bd2399c-46b5-4e8c-8f0f-6f80bd08f3a0', NULL, NULL, NULL, '4577565a-7e3e-493a-74dd-867949feb8b5', 'Phòng chăm sóc khách hàng', '17120d02-6ab5-3e43-18cb-66948daf6128', 'Phòng nhân sự', '1', False, NULL, '2023-11-13 14:41:41', NULL, '2023-11-13 14:41:41'),
('a8b7bcf2-106e-4ee6-9e29-3c121302ea4a', '2bde3dce-c826-4889-9833-e1edd4e94d6c', '00916407-dd94-40b3-a365-b0f8cdec8adc', NULL, NULL, NULL, '59d19422-6657-452e-a7db-e5d54223c257', 'Phòng kinh doanh và tiếp thị', '469b3ece-744a-45d5-957d-e8c757976496', 'Phòng nghiên cứu', '2', False, NULL, '2023-11-13 14:41:41', NULL, '2023-11-13 14:41:41'),
('fe383ab1-a943-4e82-bf50-1effb0ab4ca8', '2bde3dce-c826-4889-9833-e1edd4e94d6c', '018f2c58-4ce9-4d9f-9ec4-69ead50a123b', NULL, NULL, NULL, '11452b0c-768e-5ff7-0d63-eeb1d8ed8cef', 'Phòng hành chính kế toán', '469b3ece-744a-45d5-957d-e8c757976496', 'Phòng nghiên cứu', '3', False, NULL, '2023-11-13 14:41:41', NULL, '2023-11-13 14:41:41'),
('6db81e83-cd26-44e6-9b5a-0436a5cdbb38', '2bde3dce-c826-4889-9833-e1edd4e94d6c', '026eed3d-e85f-44aa-8175-c9b7aa0c7ec5', NULL, NULL, NULL, '59d19422-6657-452e-a7db-e5d54223c257', 'Phòng kinh doanh và tiếp thị', '469b3ece-744a-45d5-957d-e8c757976496', 'Phòng nghiên cứu', '4', False, NULL, '2023-11-13 14:41:41', NULL, '2023-11-13 14:41:41'),
('5832a66c-c734-44be-a52c-601e85439416', '2bde3dce-c826-4889-9833-e1edd4e94d6c', '036821fc-629b-477f-8749-3571f9caec72', NULL, NULL, NULL, '768f8e64-7d10-20c9-967d-e8c757976496', 'Phòng kỹ thuật', '469b3ece-744a-45d5-957d-e8c757976496', 'Phòng nghiên cứu', '5', False, NULL, '2023-11-13 14:41:41', NULL, '2023-11-13 14:41:41'),
('db14e65e-fe3b-47fb-afd7-0eae54efc2de', '2bde3dce-c826-4889-9833-e1edd4e94d6c', '039464e2-9942-4940-9678-0a6ba35c1e8d', NULL, NULL, NULL, '7686595d-16d5-33b3-0080-e8e2a817c80e', 'Phòng công nghệ thông tin', '17120d02-6ab5-3e43-18cb-66948daf6128', 'Phòng nhân sự', '', False, NULL, '2023-11-13 14:41:41', NULL, '2023-11-13 14:41:41'),
('08eabeaa-8aeb-4c52-a0cf-598508100ede', '2bde3dce-c826-4889-9833-e1edd4e94d6c', '03be649b-01e6-442b-968a-7494fe6d6df2', NULL, NULL, NULL, '142cb08f-7c31-21fa-8e90-67245e8b283e', 'Phòng thư ký', '469b3ece-744a-45d5-957d-e8c757976496', 'Phòng nghiên cứu', '', False, NULL, '2023-11-13 14:41:41', NULL, '2023-11-13 14:41:41'),
('5b57fc6b-05f9-4367-881f-f8fe1e440c23', '2bde3dce-c826-4889-9833-e1edd4e94d6c', '03dbb9fe-f29b-4b60-a0f4-dd18016e8e97', NULL, NULL, NULL, '59d19422-6657-452e-a7db-e5d54223c257', 'Phòng kinh doanh và tiếp thị', '469b3ece-744a-45d5-957d-e8c757976496', 'Phòng nghiên cứu', '', False, NULL, '2023-11-13 14:41:41', NULL, '2023-11-13 14:41:41'),
('83782314-0108-42fc-b414-4bb9512014f7', '2bde3dce-c826-4889-9833-e1edd4e94d6c', '055711dd-49c0-42cf-b3c9-932229dde54d', NULL, NULL, NULL, '7686595d-16d5-33b3-0080-e8e2a817c80e', 'Phòng công nghệ thông tin', '469b3ece-744a-45d5-957d-e8c757976496', 'Phòng nghiên cứu', '', False, NULL, '2023-11-13 14:41:41', NULL, '2023-11-13 14:41:41'),
('e109dd10-bf7e-40c4-9a4b-2daf32362fd7', '2bde3dce-c826-4889-9833-e1edd4e94d6c', '057651fe-f452-4e5a-aad4-fb85d20c539b', NULL, NULL, NULL, '4577565a-7e3e-493a-74dd-867949feb8b5', 'Phòng chăm sóc khách hàng', '469b3ece-744a-45d5-957d-e8c757976496', 'Phòng nghiên cứu', '', False, NULL, '2023-11-13 14:41:41', NULL, '2023-11-13 14:41:41'),
('b89768cc-f144-47e7-b335-ae01f68a03e3', '2bde3dce-c826-4889-9833-e1edd4e94d6c', '05be3635-a65a-4531-94c9-1f99229074b1', NULL, NULL, NULL, '142cb08f-7c31-21fa-8e90-67245e8b283e', 'Phòng thư ký', '469b3ece-744a-45d5-957d-e8c757976496', 'Phòng nghiên cứu', '', False, NULL, '2023-11-13 14:41:41', NULL, '2023-11-13 14:41:41'),
('26585cc2-289a-4358-8fbc-c4e6a693fa0d', '2bde3dce-c826-4889-9833-e1edd4e94d6c', '05e7f109-0862-4983-82ca-d408f65ae66c', NULL, NULL, NULL, '142cb08f-7c31-21fa-8e90-67245e8b283e', 'Phòng thư ký', '469b3ece-744a-45d5-957d-e8c757976496', 'Phòng nghiên cứu', '', False, NULL, '2023-11-13 14:41:41', NULL, '2023-11-13 14:41:41'),
('6ed70b66-3c3c-43fb-9812-a3e08f473e72', '2bde3dce-c826-4889-9833-e1edd4e94d6c', '06165e4c-fabd-4d27-b9c2-444fbe7472ce', NULL, NULL, NULL, '7686595d-16d5-33b3-0080-e8e2a817c80e', 'Phòng công nghệ thông tin', '469b3ece-744a-45d5-957d-e8c757976496', 'Phòng nghiên cứu', '', False, NULL, '2023-11-13 14:41:41', NULL, '2023-11-13 14:41:41'),
('c309e2b0-3656-4865-b8a7-e26ce19e3bc0', '2bde3dce-c826-4889-9833-e1edd4e94d6c', '06942ded-d4bf-47c3-932f-b15c9740a11b', NULL, NULL, NULL, '11452b0c-768e-5ff7-0d63-eeb1d8ed8cef', 'Phòng hành chính kế toán', '469b3ece-744a-45d5-957d-e8c757976496', 'Phòng nghiên cứu', '', False, NULL, '2023-11-13 14:41:41', NULL, '2023-11-13 14:41:41'),
('48b887ea-a0d2-4229-836f-741969630a5c', '2bde3dce-c826-4889-9833-e1edd4e94d6c', '06c53eac-c5cb-412f-be52-2c4c21c7894c', NULL, NULL, NULL, '768f8e64-7d10-20c9-967d-e8c757976496', 'Phòng kỹ thuật', '469b3ece-744a-45d5-957d-e8c757976496', 'Phòng nghiên cứu', '', False, NULL, '2023-11-13 14:41:41', NULL, '2023-11-13 14:41:41'),
('f4f4f384-3346-4201-ae75-879d4d2ec379', '2bde3dce-c826-4889-9833-e1edd4e94d6c', '06d30f06-abb9-4d4a-a3cf-d3068f818439', NULL, NULL, NULL, '7686595d-16d5-33b3-0080-e8e2a817c80e', 'Phòng công nghệ thông tin', '469b3ece-744a-45d5-957d-e8c757976496', 'Phòng nghiên cứu', '', False, NULL, '2023-11-13 14:41:41', NULL, '2023-11-13 14:41:41'),
('4f4e89dd-63e0-4eb6-b5b8-43a56c58b575', '2bde3dce-c826-4889-9833-e1edd4e94d6c', '06d782af-1979-493b-95fc-5a9fcf4eb10e', NULL, NULL, NULL, '7686595d-16d5-33b3-0080-e8e2a817c80e', 'Phòng công nghệ thông tin', '469b3ece-744a-45d5-957d-e8c757976496', 'Phòng nghiên cứu', '', False, NULL, '2023-11-13 14:41:41', NULL, '2023-11-13 14:41:41'),
('395a9607-a6ca-48a7-9325-4c51aa1f0226', '2bde3dce-c826-4889-9833-e1edd4e94d6c', '0786b20d-07cb-4381-9b1c-e480a07f9e8d', NULL, NULL, NULL, '7686595d-16d5-33b3-0080-e8e2a817c80e', 'Phòng công nghệ thông tin', '469b3ece-744a-45d5-957d-e8c757976496', 'Phòng nghiên cứu', '', False, NULL, '2023-11-13 14:41:41', NULL, '2023-11-13 14:41:41'),
('9b20270f-ee5b-446b-bb28-62a35346c7e5', '2bde3dce-c826-4889-9833-e1edd4e94d6c', '07b01834-cf6c-4c9a-b8e0-073175fbafd1', NULL, NULL, NULL, '768f8e64-7d10-20c9-967d-e8c757976496', 'Phòng kỹ thuật', '469b3ece-744a-45d5-957d-e8c757976496', 'Phòng nghiên cứu', '', False, NULL, '2023-11-13 14:41:41', NULL, '2023-11-13 14:41:41'),
('9eb35343-bcb9-4f15-b88e-e779f4d73a9f', '2bde3dce-c826-4889-9833-e1edd4e94d6c', '09195f1b-764b-462f-8aa0-03de76aeed83', NULL, NULL, NULL, '11452b0c-768e-5ff7-0d63-eeb1d8ed8cef', 'Phòng hành chính kế toán', '469b3ece-744a-45d5-957d-e8c757976496', 'Phòng nghiên cứu', '', False, NULL, '2023-11-13 14:41:41', NULL, '2023-11-13 14:41:41'),
('69c43ec2-0bdd-4a3e-a369-6014484cd5f8', 'f0e5d36b-1aeb-4b89-8d52-2bdf32e015c5', '00916407-dd94-40b3-a365-b0f8cdec8adc', NULL, NULL, NULL, '59d19422-6657-452e-a7db-e5d54223c257', 'Phòng kinh doanh và tiếp thị', '469b3ece-744a-45d5-957d-e8c757976496', 'Phòng nghiên cứu', '', False, NULL, '2023-11-14 12:56:39', NULL, '2023-11-14 12:56:39'),
('af6a5e03-7762-47e8-911f-0f9d176f9844', 'f0e5d36b-1aeb-4b89-8d52-2bdf32e015c5', '0bd2399c-46b5-4e8c-8f0f-6f80bd08f3a0', NULL, NULL, NULL, '4577565a-7e3e-493a-74dd-867949feb8b5', 'Phòng chăm sóc khách hàng', '469b3ece-744a-45d5-957d-e8c757976496', 'Phòng nghiên cứu', '', False, NULL, '2023-11-14 12:56:39', NULL, '2023-11-14 12:56:39'),
('89822fca-4108-4336-838b-a78887e6b844', 'f0e5d36b-1aeb-4b89-8d52-2bdf32e015c5', '018f2c58-4ce9-4d9f-9ec4-69ead50a123b', NULL, NULL, NULL, '11452b0c-768e-5ff7-0d63-eeb1d8ed8cef', 'Phòng hành chính kế toán', '469b3ece-744a-45d5-957d-e8c757976496', 'Phòng nghiên cứu', '', False, NULL, '2023-11-14 12:56:39', NULL, '2023-11-14 12:56:39'),
('a9c53d3f-8f90-4fc9-a13c-5c9b6fe39599', 'f0e5d36b-1aeb-4b89-8d52-2bdf32e015c5', '026eed3d-e85f-44aa-8175-c9b7aa0c7ec5', NULL, NULL, NULL, '59d19422-6657-452e-a7db-e5d54223c257', 'Phòng kinh doanh và tiếp thị', '469b3ece-744a-45d5-957d-e8c757976496', 'Phòng nghiên cứu', '', False, NULL, '2023-11-14 12:56:39', NULL, '2023-11-14 12:56:39'),
('808cdbb7-bd33-485a-a8b3-77ad48b919e2', 'f0e5d36b-1aeb-4b89-8d52-2bdf32e015c5', '036821fc-629b-477f-8749-3571f9caec72', NULL, NULL, NULL, '768f8e64-7d10-20c9-967d-e8c757976496', 'Phòng kỹ thuật', '469b3ece-744a-45d5-957d-e8c757976496', 'Phòng nghiên cứu', '', False, NULL, '2023-11-14 12:56:39', NULL, '2023-11-14 12:56:39'),
('fb12592d-85fb-4eb3-acc6-0ddce7b01971', 'f0e5d36b-1aeb-4b89-8d52-2bdf32e015c5', '039464e2-9942-4940-9678-0a6ba35c1e8d', NULL, NULL, NULL, '7686595d-16d5-33b3-0080-e8e2a817c80e', 'Phòng công nghệ thông tin', '469b3ece-744a-45d5-957d-e8c757976496', 'Phòng nghiên cứu', '', False, NULL, '2023-11-14 12:56:39', NULL, '2023-11-14 12:56:39'),
('035ffddf-765a-4aaa-8bad-9a17993798d4', 'f0e5d36b-1aeb-4b89-8d52-2bdf32e015c5', '03be649b-01e6-442b-968a-7494fe6d6df2', NULL, NULL, NULL, '142cb08f-7c31-21fa-8e90-67245e8b283e', 'Phòng thư ký', '469b3ece-744a-45d5-957d-e8c757976496', 'Phòng nghiên cứu', '', False, NULL, '2023-11-14 12:56:39', NULL, '2023-11-14 12:56:39'),
('43b92781-d28c-4994-b41e-cf0ac1239597', 'f0e5d36b-1aeb-4b89-8d52-2bdf32e015c5', '03dbb9fe-f29b-4b60-a0f4-dd18016e8e97', NULL, NULL, NULL, '59d19422-6657-452e-a7db-e5d54223c257', 'Phòng kinh doanh và tiếp thị', '469b3ece-744a-45d5-957d-e8c757976496', 'Phòng nghiên cứu', '', False, NULL, '2023-11-14 12:56:39', NULL, '2023-11-14 12:56:39'),
('6ed5ae94-5693-4a99-830f-9a84d5b47923', 'f0e5d36b-1aeb-4b89-8d52-2bdf32e015c5', '055711dd-49c0-42cf-b3c9-932229dde54d', NULL, NULL, NULL, '7686595d-16d5-33b3-0080-e8e2a817c80e', 'Phòng công nghệ thông tin', '469b3ece-744a-45d5-957d-e8c757976496', 'Phòng nghiên cứu', '', False, NULL, '2023-11-14 12:56:39', NULL, '2023-11-14 12:56:39'),
('ea049b45-5e71-4cf4-b5bc-73fe0f9e014a', 'f0e5d36b-1aeb-4b89-8d52-2bdf32e015c5', '057651fe-f452-4e5a-aad4-fb85d20c539b', NULL, NULL, NULL, '4577565a-7e3e-493a-74dd-867949feb8b5', 'Phòng chăm sóc khách hàng', '469b3ece-744a-45d5-957d-e8c757976496', 'Phòng nghiên cứu', '', False, NULL, '2023-11-14 12:56:39', NULL, '2023-11-14 12:56:39'),
('ed69fd17-9f9b-4368-879a-757be4ac1ede', 'f0e5d36b-1aeb-4b89-8d52-2bdf32e015c5', '05be3635-a65a-4531-94c9-1f99229074b1', NULL, NULL, NULL, '142cb08f-7c31-21fa-8e90-67245e8b283e', 'Phòng thư ký', '469b3ece-744a-45d5-957d-e8c757976496', 'Phòng nghiên cứu', '', False, NULL, '2023-11-14 12:56:39', NULL, '2023-11-14 12:56:39'),
('8e307cfb-f551-45be-91aa-7908f4ad3e11', 'f0e5d36b-1aeb-4b89-8d52-2bdf32e015c5', '05e7f109-0862-4983-82ca-d408f65ae66c', NULL, NULL, NULL, '142cb08f-7c31-21fa-8e90-67245e8b283e', 'Phòng thư ký', '469b3ece-744a-45d5-957d-e8c757976496', 'Phòng nghiên cứu', '', False, NULL, '2023-11-14 12:56:39', NULL, '2023-11-14 12:56:39'),
('8fafd7d3-3b61-4e0e-9d34-fbe7d9d8bc13', 'f0e5d36b-1aeb-4b89-8d52-2bdf32e015c5', '06165e4c-fabd-4d27-b9c2-444fbe7472ce', NULL, NULL, NULL, '7686595d-16d5-33b3-0080-e8e2a817c80e', 'Phòng công nghệ thông tin', '469b3ece-744a-45d5-957d-e8c757976496', 'Phòng nghiên cứu', '', False, NULL, '2023-11-14 12:56:39', NULL, '2023-11-14 12:56:39'),
('d4a64f07-b0ee-42cd-bbfe-5f8d763fa976', 'f0e5d36b-1aeb-4b89-8d52-2bdf32e015c5', '06942ded-d4bf-47c3-932f-b15c9740a11b', NULL, NULL, NULL, '11452b0c-768e-5ff7-0d63-eeb1d8ed8cef', 'Phòng hành chính kế toán', '469b3ece-744a-45d5-957d-e8c757976496', 'Phòng nghiên cứu', '', False, NULL, '2023-11-14 12:56:39', NULL, '2023-11-14 12:56:39'),
('1468214c-9a35-44f0-a69f-8e7b28b4a04d', 'f0e5d36b-1aeb-4b89-8d52-2bdf32e015c5', '06c53eac-c5cb-412f-be52-2c4c21c7894c', NULL, NULL, NULL, '768f8e64-7d10-20c9-967d-e8c757976496', 'Phòng kỹ thuật', '469b3ece-744a-45d5-957d-e8c757976496', 'Phòng nghiên cứu', '', False, NULL, '2023-11-14 12:56:39', NULL, '2023-11-14 12:56:39'),
('5919be35-8f27-4b82-9a86-efb5e2b23b85', 'f0e5d36b-1aeb-4b89-8d52-2bdf32e015c5', '06d30f06-abb9-4d4a-a3cf-d3068f818439', NULL, NULL, NULL, '7686595d-16d5-33b3-0080-e8e2a817c80e', 'Phòng công nghệ thông tin', '469b3ece-744a-45d5-957d-e8c757976496', 'Phòng nghiên cứu', '', False, NULL, '2023-11-14 12:56:39', NULL, '2023-11-14 12:56:39'),
('6e3f4a4a-9ced-47a2-b842-bf19e893ca1e', 'f0e5d36b-1aeb-4b89-8d52-2bdf32e015c5', '06d782af-1979-493b-95fc-5a9fcf4eb10e', NULL, NULL, NULL, '7686595d-16d5-33b3-0080-e8e2a817c80e', 'Phòng công nghệ thông tin', '469b3ece-744a-45d5-957d-e8c757976496', 'Phòng nghiên cứu', '', False, NULL, '2023-11-14 12:56:39', NULL, '2023-11-14 12:56:39'),
('e2e99de1-d86b-4a5c-98fe-960f0617a15a', 'f0e5d36b-1aeb-4b89-8d52-2bdf32e015c5', '0786b20d-07cb-4381-9b1c-e480a07f9e8d', NULL, NULL, NULL, '7686595d-16d5-33b3-0080-e8e2a817c80e', 'Phòng công nghệ thông tin', '469b3ece-744a-45d5-957d-e8c757976496', 'Phòng nghiên cứu', '', False, NULL, '2023-11-14 12:56:39', NULL, '2023-11-14 12:56:39'),
('f7f45b96-09e4-45b6-84c9-535f91122019', 'f0e5d36b-1aeb-4b89-8d52-2bdf32e015c5', '07b01834-cf6c-4c9a-b8e0-073175fbafd1', NULL, NULL, NULL, '768f8e64-7d10-20c9-967d-e8c757976496', 'Phòng kỹ thuật', '469b3ece-744a-45d5-957d-e8c757976496', 'Phòng nghiên cứu', '', False, NULL, '2023-11-14 12:56:39', NULL, '2023-11-14 12:56:39'),
('6e4f7c92-bcf9-44b1-a268-70f447306c2d', 'f0e5d36b-1aeb-4b89-8d52-2bdf32e015c5', '09195f1b-764b-462f-8aa0-03de76aeed83', NULL, NULL, NULL, '11452b0c-768e-5ff7-0d63-eeb1d8ed8cef', 'Phòng hành chính kế toán', '469b3ece-744a-45d5-957d-e8c757976496', 'Phòng nghiên cứu', '', False, NULL, '2023-11-14 12:56:39', NULL, '2023-11-14 12:56:39'),
('dc5f503f-f6a8-4252-b916-c9cf91519aec', '439007b5-7a7a-4a4b-a9c9-36d7a836376e', '00916407-dd94-40b3-a365-b0f8cdec8adc', NULL, NULL, NULL, '59d19422-6657-452e-a7db-e5d54223c257', 'Phòng kinh doanh và tiếp thị', '469b3ece-744a-45d5-957d-e8c757976496', 'Phòng nghiên cứu', '', False, NULL, '2023-11-14 12:56:53', NULL, '2023-11-14 12:56:53'),
('93f1479f-4bc2-4616-b5a3-053996a39e5b', '439007b5-7a7a-4a4b-a9c9-36d7a836376e', '0bd2399c-46b5-4e8c-8f0f-6f80bd08f3a0', NULL, NULL, NULL, '4577565a-7e3e-493a-74dd-867949feb8b5', 'Phòng chăm sóc khách hàng', '469b3ece-744a-45d5-957d-e8c757976496', 'Phòng nghiên cứu', '', False, NULL, '2023-11-14 12:56:53', NULL, '2023-11-14 12:56:53'),
('592663e8-a3df-46d0-9c5f-d9eb98c8dcf8', '439007b5-7a7a-4a4b-a9c9-36d7a836376e', '018f2c58-4ce9-4d9f-9ec4-69ead50a123b', NULL, NULL, NULL, '11452b0c-768e-5ff7-0d63-eeb1d8ed8cef', 'Phòng hành chính kế toán', '469b3ece-744a-45d5-957d-e8c757976496', 'Phòng nghiên cứu', '', False, NULL, '2023-11-14 12:56:53', NULL, '2023-11-14 12:56:53'),
('7e9ff008-4b26-4367-9351-f8b4c0c26d43', '439007b5-7a7a-4a4b-a9c9-36d7a836376e', '026eed3d-e85f-44aa-8175-c9b7aa0c7ec5', NULL, NULL, NULL, '59d19422-6657-452e-a7db-e5d54223c257', 'Phòng kinh doanh và tiếp thị', '469b3ece-744a-45d5-957d-e8c757976496', 'Phòng nghiên cứu', '', False, NULL, '2023-11-14 12:56:53', NULL, '2023-11-14 12:56:53'),
('5ff45809-2dc7-4eaf-a02c-0b34c6ba1093', '439007b5-7a7a-4a4b-a9c9-36d7a836376e', '036821fc-629b-477f-8749-3571f9caec72', NULL, NULL, NULL, '768f8e64-7d10-20c9-967d-e8c757976496', 'Phòng kỹ thuật', '469b3ece-744a-45d5-957d-e8c757976496', 'Phòng nghiên cứu', '', False, NULL, '2023-11-14 12:56:53', NULL, '2023-11-14 12:56:53'),
('eaa9d180-dc9b-45e2-8b0d-1c029fcd80cb', '439007b5-7a7a-4a4b-a9c9-36d7a836376e', '039464e2-9942-4940-9678-0a6ba35c1e8d', NULL, NULL, NULL, '7686595d-16d5-33b3-0080-e8e2a817c80e', 'Phòng công nghệ thông tin', '469b3ece-744a-45d5-957d-e8c757976496', 'Phòng nghiên cứu', '', False, NULL, '2023-11-14 12:56:53', NULL, '2023-11-14 12:56:53'),
('62bdc2bd-77e0-44ea-b55b-ce830a41cce0', '439007b5-7a7a-4a4b-a9c9-36d7a836376e', '03be649b-01e6-442b-968a-7494fe6d6df2', NULL, NULL, NULL, '142cb08f-7c31-21fa-8e90-67245e8b283e', 'Phòng thư ký', '469b3ece-744a-45d5-957d-e8c757976496', 'Phòng nghiên cứu', '', False, NULL, '2023-11-14 12:56:53', NULL, '2023-11-14 12:56:53'),
('f99787f8-65f0-4b9b-bab0-e28bcdf9700f', '439007b5-7a7a-4a4b-a9c9-36d7a836376e', '03dbb9fe-f29b-4b60-a0f4-dd18016e8e97', NULL, NULL, NULL, '59d19422-6657-452e-a7db-e5d54223c257', 'Phòng kinh doanh và tiếp thị', '469b3ece-744a-45d5-957d-e8c757976496', 'Phòng nghiên cứu', '', False, NULL, '2023-11-14 12:56:53', NULL, '2023-11-14 12:56:53'),
('521e6a5f-372c-45ad-93be-e2fbd76ecc16', '439007b5-7a7a-4a4b-a9c9-36d7a836376e', '055711dd-49c0-42cf-b3c9-932229dde54d', NULL, NULL, NULL, '7686595d-16d5-33b3-0080-e8e2a817c80e', 'Phòng công nghệ thông tin', '469b3ece-744a-45d5-957d-e8c757976496', 'Phòng nghiên cứu', '', False, NULL, '2023-11-14 12:56:53', NULL, '2023-11-14 12:56:53'),
('2276b14c-430a-475b-a11f-146cfe1ae808', '439007b5-7a7a-4a4b-a9c9-36d7a836376e', '057651fe-f452-4e5a-aad4-fb85d20c539b', NULL, NULL, NULL, '4577565a-7e3e-493a-74dd-867949feb8b5', 'Phòng chăm sóc khách hàng', '469b3ece-744a-45d5-957d-e8c757976496', 'Phòng nghiên cứu', '', False, NULL, '2023-11-14 12:56:53', NULL, '2023-11-14 12:56:53'),
('c01ffd9b-3c15-4de3-9b21-fd23acd37edc', '439007b5-7a7a-4a4b-a9c9-36d7a836376e', '05be3635-a65a-4531-94c9-1f99229074b1', NULL, NULL, NULL, '142cb08f-7c31-21fa-8e90-67245e8b283e', 'Phòng thư ký', '469b3ece-744a-45d5-957d-e8c757976496', 'Phòng nghiên cứu', '', False, NULL, '2023-11-14 12:56:53', NULL, '2023-11-14 12:56:53'),
('f3fcdd40-3107-4fb9-8e31-bdf102d3e0b6', '439007b5-7a7a-4a4b-a9c9-36d7a836376e', '05e7f109-0862-4983-82ca-d408f65ae66c', NULL, NULL, NULL, '142cb08f-7c31-21fa-8e90-67245e8b283e', 'Phòng thư ký', '469b3ece-744a-45d5-957d-e8c757976496', 'Phòng nghiên cứu', '', False, NULL, '2023-11-14 12:56:53', NULL, '2023-11-14 12:56:53'),
('af2ce642-2967-4b2f-9d3c-0daf433fe083', '439007b5-7a7a-4a4b-a9c9-36d7a836376e', '06165e4c-fabd-4d27-b9c2-444fbe7472ce', NULL, NULL, NULL, '7686595d-16d5-33b3-0080-e8e2a817c80e', 'Phòng công nghệ thông tin', '469b3ece-744a-45d5-957d-e8c757976496', 'Phòng nghiên cứu', '', False, NULL, '2023-11-14 12:56:53', NULL, '2023-11-14 12:56:53'),
('7a6be530-4035-4811-90f9-e0139f5ef928', '439007b5-7a7a-4a4b-a9c9-36d7a836376e', '06942ded-d4bf-47c3-932f-b15c9740a11b', NULL, NULL, NULL, '11452b0c-768e-5ff7-0d63-eeb1d8ed8cef', 'Phòng hành chính kế toán', '469b3ece-744a-45d5-957d-e8c757976496', 'Phòng nghiên cứu', '', False, NULL, '2023-11-14 12:56:53', NULL, '2023-11-14 12:56:53'),
('a85fdd20-6510-413f-92d0-79712fa38874', '439007b5-7a7a-4a4b-a9c9-36d7a836376e', '06c53eac-c5cb-412f-be52-2c4c21c7894c', NULL, NULL, NULL, '768f8e64-7d10-20c9-967d-e8c757976496', 'Phòng kỹ thuật', '469b3ece-744a-45d5-957d-e8c757976496', 'Phòng nghiên cứu', '', False, NULL, '2023-11-14 12:56:53', NULL, '2023-11-14 12:56:53'),
('ffe12fdc-95d9-4104-b5a2-71540826d355', '439007b5-7a7a-4a4b-a9c9-36d7a836376e', '06d30f06-abb9-4d4a-a3cf-d3068f818439', NULL, NULL, NULL, '7686595d-16d5-33b3-0080-e8e2a817c80e', 'Phòng công nghệ thông tin', '469b3ece-744a-45d5-957d-e8c757976496', 'Phòng nghiên cứu', '', False, NULL, '2023-11-14 12:56:53', NULL, '2023-11-14 12:56:53'),
('5f1fc748-d387-4113-b4c8-f41211703f7e', '439007b5-7a7a-4a4b-a9c9-36d7a836376e', '06d782af-1979-493b-95fc-5a9fcf4eb10e', NULL, NULL, NULL, '7686595d-16d5-33b3-0080-e8e2a817c80e', 'Phòng công nghệ thông tin', '469b3ece-744a-45d5-957d-e8c757976496', 'Phòng nghiên cứu', '', False, NULL, '2023-11-14 12:56:53', NULL, '2023-11-14 12:56:53'),
('258f204b-1c52-4e23-9ea1-2b64dd16cfa3', '439007b5-7a7a-4a4b-a9c9-36d7a836376e', '0786b20d-07cb-4381-9b1c-e480a07f9e8d', NULL, NULL, NULL, '7686595d-16d5-33b3-0080-e8e2a817c80e', 'Phòng công nghệ thông tin', '469b3ece-744a-45d5-957d-e8c757976496', 'Phòng nghiên cứu', '', False, NULL, '2023-11-14 12:56:53', NULL, '2023-11-14 12:56:53'),
('0b4cd1fa-4892-473b-9564-cd19b6e8ffa6', '439007b5-7a7a-4a4b-a9c9-36d7a836376e', '07b01834-cf6c-4c9a-b8e0-073175fbafd1', NULL, NULL, NULL, '768f8e64-7d10-20c9-967d-e8c757976496', 'Phòng kỹ thuật', '469b3ece-744a-45d5-957d-e8c757976496', 'Phòng nghiên cứu', '', False, NULL, '2023-11-14 12:56:53', NULL, '2023-11-14 12:56:53'),
('0e6fbc7a-5610-4170-8974-6f034d409532', '439007b5-7a7a-4a4b-a9c9-36d7a836376e', '09195f1b-764b-462f-8aa0-03de76aeed83', NULL, NULL, NULL, '11452b0c-768e-5ff7-0d63-eeb1d8ed8cef', 'Phòng hành chính kế toán', '469b3ece-744a-45d5-957d-e8c757976496', 'Phòng nghiên cứu', '', False, NULL, '2023-11-14 12:56:53', NULL, '2023-11-14 12:56:53'),
('b763bb05-f01f-4a39-8e2d-fc37823c551d', 'c9799062-d32f-47af-9c6c-74f3b6787b73', '0bd2399c-46b5-4e8c-8f0f-6f80bd08f3a0', NULL, NULL, NULL, '4577565a-7e3e-493a-74dd-867949feb8b5', 'Phòng chăm sóc khách hàng', '7686595d-16d5-33b3-0080-e8e2a817c80e', 'Phòng công nghệ thông tin', '', False, NULL, '2023-11-14 12:57:06', NULL, '2023-11-14 12:57:06'),
('4264665c-2b31-4a65-91b2-76913fde4df3', 'c9799062-d32f-47af-9c6c-74f3b6787b73', '08413e74-dd44-438f-a5d8-640b1aadce4d', NULL, NULL, NULL, '11452b0c-768e-5ff7-0d63-eeb1d8ed8cef', 'Phòng hành chính kế toán', '469b3ece-744a-45d5-957d-e8c757976496', 'Phòng nghiên cứu', '', False, NULL, '2023-11-14 16:46:56', NULL, '2023-11-14 16:46:56'),
('58b80ec3-e336-4142-af6f-9b2a2a8cd6f3', 'c9799062-d32f-47af-9c6c-74f3b6787b73', '048dae73-a2a9-43ed-8646-c1f6817cc713', NULL, NULL, NULL, '768f8e64-7d10-20c9-967d-e8c757976496', 'Phòng kỹ thuật', '469b3ece-744a-45d5-957d-e8c757976496', 'Phòng nghiên cứu', '', False, NULL, '2023-11-14 16:46:56', NULL, '2023-11-14 16:46:56'),
('84da952b-2192-4e29-bf37-e1b1c4e39d8d', 'c9799062-d32f-47af-9c6c-74f3b6787b73', '5656362d-41e1-40fc-acc7-8ebb78717ab9', NULL, NULL, NULL, '11452b0c-768e-5ff7-0d63-eeb1d8ed8cef', 'Phòng hành chính kế toán', '469b3ece-744a-45d5-957d-e8c757976496', 'Phòng nghiên cứu', '', False, NULL, '2023-11-14 16:46:56', NULL, '2023-11-14 16:46:56'),
('ae35cf43-7711-4dc5-a8ab-44d5344c36f2', 'c9799062-d32f-47af-9c6c-74f3b6787b73', 'b991b349-0255-43a0-b832-c1bb8e89b703', NULL, NULL, NULL, '11452b0c-768e-5ff7-0d63-eeb1d8ed8cef', 'Phòng hành chính kế toán', '469b3ece-744a-45d5-957d-e8c757976496', 'Phòng nghiên cứu', '', False, NULL, '2023-11-14 16:46:56', NULL, '2023-11-14 16:46:56'),
('875732a2-28bd-427b-9469-5010026f829a', 'c9799062-d32f-47af-9c6c-74f3b6787b73', '00916407-dd94-40b3-a365-b0f8cdec8adc', NULL, NULL, NULL, '59d19422-6657-452e-a7db-e5d54223c257', 'Phòng kinh doanh và tiếp thị', '469b3ece-744a-45d5-957d-e8c757976496', 'Phòng nghiên cứu', '', False, NULL, '2023-11-14 16:46:56', NULL, '2023-11-14 16:46:56'),
('b4456510-efd3-4053-88df-b46cbdca8bf1', 'c9799062-d32f-47af-9c6c-74f3b6787b73', '018f2c58-4ce9-4d9f-9ec4-69ead50a123b', NULL, NULL, NULL, '11452b0c-768e-5ff7-0d63-eeb1d8ed8cef', 'Phòng hành chính kế toán', '469b3ece-744a-45d5-957d-e8c757976496', 'Phòng nghiên cứu', '', False, NULL, '2023-11-14 16:46:56', NULL, '2023-11-14 16:46:56'),
('1dc3020a-b5a7-4ec8-87e2-dbff6e7f0b0f', 'c9799062-d32f-47af-9c6c-74f3b6787b73', '026eed3d-e85f-44aa-8175-c9b7aa0c7ec5', NULL, NULL, NULL, '59d19422-6657-452e-a7db-e5d54223c257', 'Phòng kinh doanh và tiếp thị', '469b3ece-744a-45d5-957d-e8c757976496', 'Phòng nghiên cứu', '', False, NULL, '2023-11-14 16:46:56', NULL, '2023-11-14 16:46:56'),
('e79110b3-4f0b-4954-a2b9-e991ad981e56', 'c9799062-d32f-47af-9c6c-74f3b6787b73', '036821fc-629b-477f-8749-3571f9caec72', NULL, NULL, NULL, '768f8e64-7d10-20c9-967d-e8c757976496', 'Phòng kỹ thuật', '469b3ece-744a-45d5-957d-e8c757976496', 'Phòng nghiên cứu', '', False, NULL, '2023-11-14 16:46:56', NULL, '2023-11-14 16:46:56'),
('9e0a18d0-3491-4101-9e7d-9204a8a9375a', 'c9799062-d32f-47af-9c6c-74f3b6787b73', '039464e2-9942-4940-9678-0a6ba35c1e8d', NULL, NULL, NULL, '7686595d-16d5-33b3-0080-e8e2a817c80e', 'Phòng công nghệ thông tin', '469b3ece-744a-45d5-957d-e8c757976496', 'Phòng nghiên cứu', '', False, NULL, '2023-11-14 16:46:56', NULL, '2023-11-14 16:46:56'),
('39ca6f28-6a11-489c-9b77-3accccfab71f', 'c9799062-d32f-47af-9c6c-74f3b6787b73', '03be649b-01e6-442b-968a-7494fe6d6df2', NULL, NULL, NULL, '142cb08f-7c31-21fa-8e90-67245e8b283e', 'Phòng thư ký', '469b3ece-744a-45d5-957d-e8c757976496', 'Phòng nghiên cứu', '', False, NULL, '2023-11-14 16:46:56', NULL, '2023-11-14 16:46:56'),
('308d0542-a438-4801-844a-4fa4db011812', 'c9799062-d32f-47af-9c6c-74f3b6787b73', '03dbb9fe-f29b-4b60-a0f4-dd18016e8e97', NULL, NULL, NULL, '59d19422-6657-452e-a7db-e5d54223c257', 'Phòng kinh doanh và tiếp thị', '469b3ece-744a-45d5-957d-e8c757976496', 'Phòng nghiên cứu', '', False, NULL, '2023-11-14 16:46:56', NULL, '2023-11-14 16:46:56'),
('dffb0a09-1442-496a-90c9-521b09d190ec', 'c9799062-d32f-47af-9c6c-74f3b6787b73', '055711dd-49c0-42cf-b3c9-932229dde54d', NULL, NULL, NULL, '7686595d-16d5-33b3-0080-e8e2a817c80e', 'Phòng công nghệ thông tin', '469b3ece-744a-45d5-957d-e8c757976496', 'Phòng nghiên cứu', '', False, NULL, '2023-11-14 16:46:56', NULL, '2023-11-14 16:46:56'),
('dab6faaf-2e43-4e7d-b9b6-f5094d0005d6', 'c9799062-d32f-47af-9c6c-74f3b6787b73', '057651fe-f452-4e5a-aad4-fb85d20c539b', NULL, NULL, NULL, '4577565a-7e3e-493a-74dd-867949feb8b5', 'Phòng chăm sóc khách hàng', '469b3ece-744a-45d5-957d-e8c757976496', 'Phòng nghiên cứu', '', False, NULL, '2023-11-14 16:46:56', NULL, '2023-11-14 16:46:56'),
('5adf0817-9179-4011-9754-d590a7f03b01', 'c9799062-d32f-47af-9c6c-74f3b6787b73', '05be3635-a65a-4531-94c9-1f99229074b1', NULL, NULL, NULL, '142cb08f-7c31-21fa-8e90-67245e8b283e', 'Phòng thư ký', '469b3ece-744a-45d5-957d-e8c757976496', 'Phòng nghiên cứu', '', False, NULL, '2023-11-14 16:46:56', NULL, '2023-11-14 16:46:56'),
('231522fe-745f-48f4-832f-028702ede3c7', 'c9799062-d32f-47af-9c6c-74f3b6787b73', '05e7f109-0862-4983-82ca-d408f65ae66c', NULL, NULL, NULL, '142cb08f-7c31-21fa-8e90-67245e8b283e', 'Phòng thư ký', '469b3ece-744a-45d5-957d-e8c757976496', 'Phòng nghiên cứu', '', False, NULL, '2023-11-14 16:46:56', NULL, '2023-11-14 16:46:56'),
('7c373711-75a4-4bcc-973a-86121c96a92f', 'c9799062-d32f-47af-9c6c-74f3b6787b73', '06165e4c-fabd-4d27-b9c2-444fbe7472ce', NULL, NULL, NULL, '7686595d-16d5-33b3-0080-e8e2a817c80e', 'Phòng công nghệ thông tin', '469b3ece-744a-45d5-957d-e8c757976496', 'Phòng nghiên cứu', '', False, NULL, '2023-11-14 16:46:56', NULL, '2023-11-14 16:46:56'),
('8da002ef-96b3-4988-84c3-eb94c3c73c4a', 'c9799062-d32f-47af-9c6c-74f3b6787b73', '06942ded-d4bf-47c3-932f-b15c9740a11b', NULL, NULL, NULL, '11452b0c-768e-5ff7-0d63-eeb1d8ed8cef', 'Phòng hành chính kế toán', '469b3ece-744a-45d5-957d-e8c757976496', 'Phòng nghiên cứu', '', False, NULL, '2023-11-14 16:46:56', NULL, '2023-11-14 16:46:56'),
('ee60198d-17ba-43b3-93d9-41a41301f516', 'c9799062-d32f-47af-9c6c-74f3b6787b73', '06c53eac-c5cb-412f-be52-2c4c21c7894c', NULL, NULL, NULL, '768f8e64-7d10-20c9-967d-e8c757976496', 'Phòng kỹ thuật', '469b3ece-744a-45d5-957d-e8c757976496', 'Phòng nghiên cứu', '', False, NULL, '2023-11-14 16:46:56', NULL, '2023-11-14 16:46:56'),
('57464002-c637-4ae3-9108-97cd316c93c7', 'c9799062-d32f-47af-9c6c-74f3b6787b73', '06d30f06-abb9-4d4a-a3cf-d3068f818439', NULL, NULL, NULL, '7686595d-16d5-33b3-0080-e8e2a817c80e', 'Phòng công nghệ thông tin', '469b3ece-744a-45d5-957d-e8c757976496', 'Phòng nghiên cứu', '', False, NULL, '2023-11-14 16:46:56', NULL, '2023-11-14 16:46:56'),
('fb4ade6a-23bf-4cb3-a960-74dc58a08a40', 'c9799062-d32f-47af-9c6c-74f3b6787b73', '06d782af-1979-493b-95fc-5a9fcf4eb10e', NULL, NULL, NULL, '7686595d-16d5-33b3-0080-e8e2a817c80e', 'Phòng công nghệ thông tin', '469b3ece-744a-45d5-957d-e8c757976496', 'Phòng nghiên cứu', '', False, NULL, '2023-11-14 16:46:56', NULL, '2023-11-14 16:46:56'),
('1349330a-772f-4bc1-b21c-f216ce9a2194', '80df1e7f-07c2-432e-a5e3-9690c56230bc', 'b991b349-0255-43a0-b832-c1bb8e89b703', NULL, NULL, NULL, '11452b0c-768e-5ff7-0d63-eeb1d8ed8cef', 'Phòng hành chính kế toán', '469b3ece-744a-45d5-957d-e8c757976496', 'Phòng nghiên cứu', '', False, NULL, '2023-11-14 16:48:42', NULL, '2023-11-14 16:48:42'),
('a3942293-8ff4-4763-a673-4677c873a526', 'd882f742-fede-4912-bfe7-b6a2b5510261', '08413e74-dd44-438f-a5d8-640b1aadce4d', NULL, NULL, NULL, '11452b0c-768e-5ff7-0d63-eeb1d8ed8cef', 'Phòng hành chính kế toán', '469b3ece-744a-45d5-957d-e8c757976496', 'Phòng nghiên cứu', '', False, NULL, '2023-11-14 16:49:16', NULL, '2023-11-14 16:49:16'),
('682cb548-7a39-4e1f-98c2-87f61fb402b4', 'e2d2ba1b-ecfa-4a25-b63a-1f407c6d8319', '00916407-dd94-40b3-a365-b0f8cdec8adc', NULL, NULL, NULL, '59d19422-6657-452e-a7db-e5d54223c257', 'Phòng kinh doanh và tiếp thị', '7686595d-16d5-33b3-0080-e8e2a817c80e', 'Phòng công nghệ thông tin', '', False, NULL, '2023-11-14 17:05:30', NULL, '2023-11-14 17:05:30'),
('77d39a3e-1189-4bdd-ab68-b7f473d85610', '2d48c338-a10c-42bc-a1fc-0ebfbbc71fa0', '00916407-dd94-40b3-a365-b0f8cdec8adc', NULL, NULL, NULL, '59d19422-6657-452e-a7db-e5d54223c257', 'Phòng kinh doanh và tiếp thị', '11452b0c-768e-5ff7-0d63-eeb1d8ed8cef', 'Phòng hành chính kế toán', '', False, NULL, '2023-11-14 17:05:50', NULL, '2023-11-14 17:05:50'),
('42f35952-527a-4f36-930c-e9977b647778', '8480a339-8caa-423e-9296-fab64148390a', '048dae73-a2a9-43ed-8646-c1f6817cc713', NULL, NULL, NULL, '768f8e64-7d10-20c9-967d-e8c757976496', 'Phòng kỹ thuật', '469b3ece-744a-45d5-957d-e8c757976496', 'Phòng nghiên cứu', '', False, NULL, '2023-11-15 08:16:02', NULL, '2023-11-15 08:16:02'),
('cb5782b5-7dc7-4243-84f1-d55fe35aa811', '8480a339-8caa-423e-9296-fab64148390a', '5656362d-41e1-40fc-acc7-8ebb78717ab9', NULL, NULL, NULL, '11452b0c-768e-5ff7-0d63-eeb1d8ed8cef', 'Phòng hành chính kế toán', '469b3ece-744a-45d5-957d-e8c757976496', 'Phòng nghiên cứu', '', False, NULL, '2023-11-15 08:16:02', NULL, '2023-11-15 08:16:02'),
('85181958-4100-4864-b343-09baf6d2db2e', '8480a339-8caa-423e-9296-fab64148390a', '0ffbb714-4eb7-4e11-aae3-9ed04a8a79fb', NULL, NULL, NULL, '7686595d-16d5-33b3-0080-e8e2a817c80e', 'Phòng công nghệ thông tin', '469b3ece-744a-45d5-957d-e8c757976496', 'Phòng nghiên cứu', '', False, NULL, '2023-11-15 08:17:35', NULL, '2023-11-15 08:17:35'),
('1ace4253-74ea-4c13-8962-a1e7547f9ed6', 'b7e8916f-63a0-4bb3-bce7-6b9023245f57', '00916407-dd94-40b3-a365-b0f8cdec8adc', NULL, NULL, NULL, '59d19422-6657-452e-a7db-e5d54223c257', 'Phòng kinh doanh và tiếp thị', '11452b0c-768e-5ff7-0d63-eeb1d8ed8cef', 'Phòng hành chính kế toán', '', False, NULL, '2023-11-15 10:21:50', NULL, '2023-11-15 10:21:50'),
('b11556eb-e685-443d-9533-c6bc3b9bc49a', 'b7e8916f-63a0-4bb3-bce7-6b9023245f57', '0bd2399c-46b5-4e8c-8f0f-6f80bd08f3a0', NULL, NULL, NULL, '4577565a-7e3e-493a-74dd-867949feb8b5', 'Phòng chăm sóc khách hàng', '11452b0c-768e-5ff7-0d63-eeb1d8ed8cef', 'Phòng hành chính kế toán', '', False, NULL, '2023-11-15 10:21:50', NULL, '2023-11-15 10:21:50'),
('72de03b3-7572-4505-87be-280e9cb3fa0b', 'ad260a56-6bbd-4160-8b06-0c388b3ec21d', '08413e74-dd44-438f-a5d8-640b1aadce4d', NULL, NULL, NULL, '11452b0c-768e-5ff7-0d63-eeb1d8ed8cef', 'Phòng hành chính kế toán', '4577565a-7e3e-493a-74dd-867949feb8b5', 'Phòng chăm sóc khách hàng', '21321', False, NULL, '2023-11-15 14:33:43', NULL, '2023-11-15 14:33:43'),
('980a40f4-8183-480d-abdb-9b41e4aa5937', 'c3df49c5-32f6-4627-87ff-e76d18cad2cc', '048dae73-a2a9-43ed-8646-c1f6817cc713', NULL, NULL, NULL, '768f8e64-7d10-20c9-967d-e8c757976496', 'Phòng kỹ thuật', '17120d02-6ab5-3e43-18cb-66948daf6128', 'Phòng nhân sự', 'asdsad', False, NULL, '2023-11-15 14:34:51', NULL, '2023-11-15 14:34:51'),
('7cdf3372-0a43-428f-af90-5e54c5d494b8', 'c3df49c5-32f6-4627-87ff-e76d18cad2cc', '08413e74-dd44-438f-a5d8-640b1aadce4d', NULL, NULL, NULL, '11452b0c-768e-5ff7-0d63-eeb1d8ed8cef', 'Phòng hành chính kế toán', '469b3ece-744a-45d5-957d-e8c757976496', 'Phòng nghiên cứu', '', False, NULL, '2023-11-15 14:34:51', NULL, '2023-11-15 14:34:51'),
('2885b598-a02e-4df8-9908-861358824b77', 'c3df49c5-32f6-4627-87ff-e76d18cad2cc', '5656362d-41e1-40fc-acc7-8ebb78717ab9', NULL, NULL, NULL, '11452b0c-768e-5ff7-0d63-eeb1d8ed8cef', 'Phòng hành chính kế toán', '469b3ece-744a-45d5-957d-e8c757976496', 'Phòng nghiên cứu', '', False, NULL, '2023-11-15 14:34:51', NULL, '2023-11-15 14:34:51'),
('23bf1ff7-2547-45f7-917f-fd1ed10c3756', 'c3df49c5-32f6-4627-87ff-e76d18cad2cc', 'b991b349-0255-43a0-b832-c1bb8e89b703', NULL, NULL, NULL, '11452b0c-768e-5ff7-0d63-eeb1d8ed8cef', 'Phòng hành chính kế toán', '469b3ece-744a-45d5-957d-e8c757976496', 'Phòng nghiên cứu', '', False, NULL, '2023-11-15 14:34:51', NULL, '2023-11-15 14:34:51'),
('eeb7ec3a-0667-4155-b735-949f7ea318cd', 'c3df49c5-32f6-4627-87ff-e76d18cad2cc', '036821fc-629b-477f-8749-3571f9caec72', NULL, NULL, NULL, '768f8e64-7d10-20c9-967d-e8c757976496', 'Phòng kỹ thuật', '469b3ece-744a-45d5-957d-e8c757976496', 'Phòng nghiên cứu', '', False, NULL, '2023-11-15 14:34:51', NULL, '2023-11-15 14:34:51'),
('899613fe-aa5d-475e-b8c5-752013d7b243', 'c3df49c5-32f6-4627-87ff-e76d18cad2cc', '026eed3d-e85f-44aa-8175-c9b7aa0c7ec5', NULL, NULL, NULL, '59d19422-6657-452e-a7db-e5d54223c257', 'Phòng kinh doanh và tiếp thị', '469b3ece-744a-45d5-957d-e8c757976496', 'Phòng nghiên cứu', '', False, NULL, '2023-11-15 14:34:51', NULL, '2023-11-15 14:34:51'),
('9569e633-2ad5-4cc7-964f-a241ba111bd9', '00749019-49ab-455c-992e-06590a44791c', '08413e74-dd44-438f-a5d8-640b1aadce4d', NULL, NULL, NULL, '11452b0c-768e-5ff7-0d63-eeb1d8ed8cef', 'Phòng hành chính kế toán', '469b3ece-744a-45d5-957d-e8c757976496', 'Phòng nghiên cứu', '', False, NULL, '2023-11-15 14:36:04', NULL, '2023-11-15 14:36:04'),
('c5bff23f-b1f3-4e0b-b3da-3096cc9c30bd', '00749019-49ab-455c-992e-06590a44791c', '048dae73-a2a9-43ed-8646-c1f6817cc713', NULL, NULL, NULL, '768f8e64-7d10-20c9-967d-e8c757976496', 'Phòng kỹ thuật', '469b3ece-744a-45d5-957d-e8c757976496', 'Phòng nghiên cứu', '', False, NULL, '2023-11-15 14:36:04', NULL, '2023-11-15 14:36:04'),
('3f3813f5-2bb6-406d-bc98-5b23629b86f3', '00749019-49ab-455c-992e-06590a44791c', '5656362d-41e1-40fc-acc7-8ebb78717ab9', NULL, NULL, NULL, '11452b0c-768e-5ff7-0d63-eeb1d8ed8cef', 'Phòng hành chính kế toán', '469b3ece-744a-45d5-957d-e8c757976496', 'Phòng nghiên cứu', '', False, NULL, '2023-11-15 14:36:04', NULL, '2023-11-15 14:36:04'),
('f1171970-5eaf-45c2-899a-6293112c89e7', '00749019-49ab-455c-992e-06590a44791c', 'b991b349-0255-43a0-b832-c1bb8e89b703', NULL, NULL, NULL, '11452b0c-768e-5ff7-0d63-eeb1d8ed8cef', 'Phòng hành chính kế toán', '469b3ece-744a-45d5-957d-e8c757976496', 'Phòng nghiên cứu', '', False, NULL, '2023-11-15 14:36:04', NULL, '2023-11-15 14:36:04'),
('a65816a2-c85e-438d-a57a-39eae3d475a2', '00749019-49ab-455c-992e-06590a44791c', '00916407-dd94-40b3-a365-b0f8cdec8adc', NULL, NULL, NULL, '59d19422-6657-452e-a7db-e5d54223c257', 'Phòng kinh doanh và tiếp thị', '469b3ece-744a-45d5-957d-e8c757976496', 'Phòng nghiên cứu', '', False, NULL, '2023-11-15 14:36:04', NULL, '2023-11-15 14:36:04'),
('ad83dfcb-df11-47af-bd3e-298e9e72ce85', '00749019-49ab-455c-992e-06590a44791c', '0bd2399c-46b5-4e8c-8f0f-6f80bd08f3a0', NULL, NULL, NULL, '4577565a-7e3e-493a-74dd-867949feb8b5', 'Phòng chăm sóc khách hàng', '469b3ece-744a-45d5-957d-e8c757976496', 'Phòng nghiên cứu', '', False, NULL, '2023-11-15 14:36:04', NULL, '2023-11-15 14:36:04'),
('b0e16544-a2c0-4180-9c0f-53aa9191b74c', '00749019-49ab-455c-992e-06590a44791c', '018f2c58-4ce9-4d9f-9ec4-69ead50a123b', NULL, NULL, NULL, '11452b0c-768e-5ff7-0d63-eeb1d8ed8cef', 'Phòng hành chính kế toán', '469b3ece-744a-45d5-957d-e8c757976496', 'Phòng nghiên cứu', '', False, NULL, '2023-11-15 14:36:04', NULL, '2023-11-15 14:36:04'),
('4516fe02-7ce1-4f2b-9510-8ad184c96549', '00749019-49ab-455c-992e-06590a44791c', '026eed3d-e85f-44aa-8175-c9b7aa0c7ec5', NULL, NULL, NULL, '59d19422-6657-452e-a7db-e5d54223c257', 'Phòng kinh doanh và tiếp thị', '469b3ece-744a-45d5-957d-e8c757976496', 'Phòng nghiên cứu', '', False, NULL, '2023-11-15 14:36:04', NULL, '2023-11-15 14:36:04'),
('c5a540e6-ecd4-40a0-af58-849e50acb7ac', '00749019-49ab-455c-992e-06590a44791c', '036821fc-629b-477f-8749-3571f9caec72', NULL, NULL, NULL, '768f8e64-7d10-20c9-967d-e8c757976496', 'Phòng kỹ thuật', '469b3ece-744a-45d5-957d-e8c757976496', 'Phòng nghiên cứu', '', False, NULL, '2023-11-15 14:36:04', NULL, '2023-11-15 14:36:04'),
('1add898d-5478-4fa3-a198-6967147f20df', '00749019-49ab-455c-992e-06590a44791c', '039464e2-9942-4940-9678-0a6ba35c1e8d', NULL, NULL, NULL, '7686595d-16d5-33b3-0080-e8e2a817c80e', 'Phòng công nghệ thông tin', '469b3ece-744a-45d5-957d-e8c757976496', 'Phòng nghiên cứu', '', False, NULL, '2023-11-15 14:36:04', NULL, '2023-11-15 14:36:04'),
('58a16302-db9b-4f7e-ab4f-1b8002d351b2', '00749019-49ab-455c-992e-06590a44791c', '03be649b-01e6-442b-968a-7494fe6d6df2', NULL, NULL, NULL, '142cb08f-7c31-21fa-8e90-67245e8b283e', 'Phòng thư ký', '469b3ece-744a-45d5-957d-e8c757976496', 'Phòng nghiên cứu', '', False, NULL, '2023-11-15 14:36:04', NULL, '2023-11-15 14:36:04'),
('ca183709-21d3-4771-9933-bd5f2ac0cfd3', '00749019-49ab-455c-992e-06590a44791c', '03dbb9fe-f29b-4b60-a0f4-dd18016e8e97', NULL, NULL, NULL, '59d19422-6657-452e-a7db-e5d54223c257', 'Phòng kinh doanh và tiếp thị', '469b3ece-744a-45d5-957d-e8c757976496', 'Phòng nghiên cứu', '', False, NULL, '2023-11-15 14:36:04', NULL, '2023-11-15 14:36:04'),
('343a3dc4-7075-4e23-85a3-4b41549297a1', '00749019-49ab-455c-992e-06590a44791c', '055711dd-49c0-42cf-b3c9-932229dde54d', NULL, NULL, NULL, '7686595d-16d5-33b3-0080-e8e2a817c80e', 'Phòng công nghệ thông tin', '469b3ece-744a-45d5-957d-e8c757976496', 'Phòng nghiên cứu', '', False, NULL, '2023-11-15 14:36:04', NULL, '2023-11-15 14:36:04'),
('544decd9-a1a0-462b-82f4-d2da4e2503eb', '00749019-49ab-455c-992e-06590a44791c', '057651fe-f452-4e5a-aad4-fb85d20c539b', NULL, NULL, NULL, '4577565a-7e3e-493a-74dd-867949feb8b5', 'Phòng chăm sóc khách hàng', '469b3ece-744a-45d5-957d-e8c757976496', 'Phòng nghiên cứu', '', False, NULL, '2023-11-15 14:36:04', NULL, '2023-11-15 14:36:04'),
('02396056-4d45-4c51-be58-682c7c3efad5', '00749019-49ab-455c-992e-06590a44791c', '05be3635-a65a-4531-94c9-1f99229074b1', NULL, NULL, NULL, '142cb08f-7c31-21fa-8e90-67245e8b283e', 'Phòng thư ký', '469b3ece-744a-45d5-957d-e8c757976496', 'Phòng nghiên cứu', '', False, NULL, '2023-11-15 14:36:04', NULL, '2023-11-15 14:36:04'),
('6c6707d4-433c-4ecc-b4ea-21f9f558ca7a', '00749019-49ab-455c-992e-06590a44791c', '05e7f109-0862-4983-82ca-d408f65ae66c', NULL, NULL, NULL, '142cb08f-7c31-21fa-8e90-67245e8b283e', 'Phòng thư ký', '469b3ece-744a-45d5-957d-e8c757976496', 'Phòng nghiên cứu', '', False, NULL, '2023-11-15 14:36:04', NULL, '2023-11-15 14:36:04'),
('23d16fea-a61d-49bc-96fe-2d42ce51d29a', '00749019-49ab-455c-992e-06590a44791c', '06165e4c-fabd-4d27-b9c2-444fbe7472ce', NULL, NULL, NULL, '7686595d-16d5-33b3-0080-e8e2a817c80e', 'Phòng công nghệ thông tin', '469b3ece-744a-45d5-957d-e8c757976496', 'Phòng nghiên cứu', '', False, NULL, '2023-11-15 14:36:04', NULL, '2023-11-15 14:36:04'),
('a5bacf8c-a8ed-4b03-a8d3-515e4b17441c', '00749019-49ab-455c-992e-06590a44791c', '06942ded-d4bf-47c3-932f-b15c9740a11b', NULL, NULL, NULL, '11452b0c-768e-5ff7-0d63-eeb1d8ed8cef', 'Phòng hành chính kế toán', '469b3ece-744a-45d5-957d-e8c757976496', 'Phòng nghiên cứu', '', False, NULL, '2023-11-15 14:36:04', NULL, '2023-11-15 14:36:04'),
('9436e46b-526f-407a-a401-14bd6e08c1db', '00749019-49ab-455c-992e-06590a44791c', '06c53eac-c5cb-412f-be52-2c4c21c7894c', NULL, NULL, NULL, '768f8e64-7d10-20c9-967d-e8c757976496', 'Phòng kỹ thuật', '469b3ece-744a-45d5-957d-e8c757976496', 'Phòng nghiên cứu', '', False, NULL, '2023-11-15 14:36:04', NULL, '2023-11-15 14:36:04'),
('a7102bbf-5402-4e8b-95c7-83248232f766', '00749019-49ab-455c-992e-06590a44791c', '06d30f06-abb9-4d4a-a3cf-d3068f818439', NULL, NULL, NULL, '7686595d-16d5-33b3-0080-e8e2a817c80e', 'Phòng công nghệ thông tin', '469b3ece-744a-45d5-957d-e8c757976496', 'Phòng nghiên cứu', '', False, NULL, '2023-11-15 14:36:04', NULL, '2023-11-15 14:36:04'),
('5eca7eba-bf2e-4ad8-a206-53314775f47e', '1a390dca-a7d3-4aad-af80-2b99a5b73ce6', '08413e74-dd44-438f-a5d8-640b1aadce4d', NULL, NULL, NULL, '11452b0c-768e-5ff7-0d63-eeb1d8ed8cef', 'Phòng hành chính kế toán', '7686595d-16d5-33b3-0080-e8e2a817c80e', 'Phòng công nghệ thông tin', '', False, NULL, '2023-11-16 09:00:56', NULL, '2023-11-16 09:00:56'),
('19852be4-6b67-4996-a0a7-30107fbff4aa', 'b1685169-cf56-468d-921e-36bcb4116187', '08413e74-dd44-438f-a5d8-640b1aadce4d', NULL, NULL, NULL, '11452b0c-768e-5ff7-0d63-eeb1d8ed8cef', 'Phòng hành chính kế toán', '7686595d-16d5-33b3-0080-e8e2a817c80e', 'Phòng công nghệ thông tin', '', False, NULL, '2023-11-16 09:05:09', NULL, '2023-11-16 09:05:09'),
('8a2346b8-cd60-490e-8fd5-e75dc69da88b', 'ca154d6d-e16b-456d-bfb7-d647920895fd', '08413e74-dd44-438f-a5d8-640b1aadce4d', NULL, NULL, NULL, '11452b0c-768e-5ff7-0d63-eeb1d8ed8cef', 'Phòng hành chính kế toán', '59d19422-6657-452e-a7db-e5d54223c257', 'Phòng kinh doanh và tiếp thị', '', False, NULL, '2023-11-16 09:10:34', NULL, '2023-11-16 09:10:34'),
('4e75fb5b-c409-4fc2-b4a7-ad0441ebb9e5', '8ce989b8-c10c-4e48-ae7a-bb145cf64b05', '08413e74-dd44-438f-a5d8-640b1aadce4d', NULL, NULL, NULL, '7686595d-16d5-33b3-0080-e8e2a817c80e', 'Phòng công nghệ thông tin', '469b3ece-744a-45d5-957d-e8c757976496', 'Phòng nghiên cứu', '', False, NULL, '2023-11-16 11:05:51', NULL, '2023-11-16 11:05:51'),
('1346765f-8048-497c-8d5a-9bda69d19df0', '94984642-02e6-4387-bfef-4cc8886b2790', '048dae73-a2a9-43ed-8646-c1f6817cc713', NULL, NULL, NULL, '469b3ece-744a-45d5-957d-e8c757976496', 'Phòng nghiên cứu', '11452b0c-768e-5ff7-0d63-eeb1d8ed8cef', 'Phòng hành chính kế toán', '', False, NULL, '2023-11-16 11:08:46', NULL, '2023-11-16 11:08:46'),
('43a748aa-81f2-4899-9f11-9be03fb35bda', 'c6abb54a-eb86-470f-8846-9762f4bda198', '048dae73-a2a9-43ed-8646-c1f6817cc713', NULL, NULL, NULL, '11452b0c-768e-5ff7-0d63-eeb1d8ed8cef', 'Phòng hành chính kế toán', '17120d02-6ab5-3e43-18cb-66948daf6128', 'Phòng nhân sự', '', False, NULL, '2023-11-16 11:22:39', NULL, '2023-11-16 11:22:39'),
('72aa5b8a-7ff1-4d1d-a538-06ed898f88a2', 'c6abb54a-eb86-470f-8846-9762f4bda198', '5656362d-41e1-40fc-acc7-8ebb78717ab9', NULL, NULL, NULL, '469b3ece-744a-45d5-957d-e8c757976496', 'Phòng nghiên cứu', '17120d02-6ab5-3e43-18cb-66948daf6128', 'Phòng nhân sự', '', False, NULL, '2023-11-16 11:22:39', NULL, '2023-11-16 11:22:39'),
('eaea32ef-fe5e-48c6-87b0-de587aa0938e', 'c6abb54a-eb86-470f-8846-9762f4bda198', 'b991b349-0255-43a0-b832-c1bb8e89b703', NULL, NULL, NULL, '469b3ece-744a-45d5-957d-e8c757976496', 'Phòng nghiên cứu', '17120d02-6ab5-3e43-18cb-66948daf6128', 'Phòng nhân sự', '', False, NULL, '2023-11-16 11:22:39', NULL, '2023-11-16 11:22:39'),
('dae277e6-80d7-4cda-92cd-cd150419e942', 'c6abb54a-eb86-470f-8846-9762f4bda198', '00916407-dd94-40b3-a365-b0f8cdec8adc', NULL, NULL, NULL, '469b3ece-744a-45d5-957d-e8c757976496', 'Phòng nghiên cứu', '17120d02-6ab5-3e43-18cb-66948daf6128', 'Phòng nhân sự', '', False, NULL, '2023-11-16 11:22:39', NULL, '2023-11-16 11:22:39'),
('8da9d3b2-32f7-4f4d-8602-b94b118a762c', 'c6abb54a-eb86-470f-8846-9762f4bda198', '0bd2399c-46b5-4e8c-8f0f-6f80bd08f3a0', NULL, NULL, NULL, '469b3ece-744a-45d5-957d-e8c757976496', 'Phòng nghiên cứu', '17120d02-6ab5-3e43-18cb-66948daf6128', 'Phòng nhân sự', '', False, NULL, '2023-11-16 11:22:39', NULL, '2023-11-16 11:22:39'),
('a9b580fa-817f-4473-a1e6-7cff9192e67d', 'c6abb54a-eb86-470f-8846-9762f4bda198', '55074fa2-12c2-4d79-93d8-1a9ae1fa1205', NULL, NULL, NULL, '768f8e64-7d10-20c9-967d-e8c757976496', 'Phòng kỹ thuật', '17120d02-6ab5-3e43-18cb-66948daf6128', 'Phòng nhân sự', '', False, NULL, '2023-11-16 11:22:39', NULL, '2023-11-16 11:22:39'),
('baaace69-627f-4791-a3ad-32a8d4cacb43', 'c6abb54a-eb86-470f-8846-9762f4bda198', '03dbb9fe-f29b-4b60-a0f4-dd18016e8e97', NULL, NULL, NULL, '469b3ece-744a-45d5-957d-e8c757976496', 'Phòng nghiên cứu', '17120d02-6ab5-3e43-18cb-66948daf6128', 'Phòng nhân sự', '', False, NULL, '2023-11-16 11:22:39', NULL, '2023-11-16 11:22:39'),
('08a11d61-92de-4bb5-86ab-aa6aa19b777c', 'c6abb54a-eb86-470f-8846-9762f4bda198', '09195f1b-764b-462f-8aa0-03de76aeed83', NULL, NULL, NULL, '59d19422-6657-452e-a7db-e5d54223c257', 'Phòng kinh doanh và tiếp thị', '17120d02-6ab5-3e43-18cb-66948daf6128', 'Phòng nhân sự', '', False, NULL, '2023-11-16 11:22:39', NULL, '2023-11-16 11:22:39'),
('6e58dd4d-b5c5-4bc3-9e6d-ca34dcb4fa63', 'c6abb54a-eb86-470f-8846-9762f4bda198', '91b4394e-5637-4547-89fc-9a8091d29b23', NULL, NULL, NULL, '59d19422-6657-452e-a7db-e5d54223c257', 'Phòng kinh doanh và tiếp thị', '17120d02-6ab5-3e43-18cb-66948daf6128', 'Phòng nhân sự', '', False, NULL, '2023-11-16 11:22:39', NULL, '2023-11-16 11:22:39'),
('7ce8e2ac-9730-4aec-85ed-5d1f78b51dae', 'c6abb54a-eb86-470f-8846-9762f4bda198', 'a3e76ae5-1373-49c9-96af-d191d33cadfe', NULL, NULL, NULL, '7686595d-16d5-33b3-0080-e8e2a817c80e', 'Phòng công nghệ thông tin', '17120d02-6ab5-3e43-18cb-66948daf6128', 'Phòng nhân sự', '', False, NULL, '2023-11-16 11:22:39', NULL, '2023-11-16 11:22:39'),
('a79ba383-f978-42b4-a534-4752441efdb3', 'c6abb54a-eb86-470f-8846-9762f4bda198', 'bad2bee0-bd50-4d35-8b00-aa92df322f43', NULL, NULL, NULL, '469b3ece-744a-45d5-957d-e8c757976496', 'Phòng nghiên cứu', '17120d02-6ab5-3e43-18cb-66948daf6128', 'Phòng nhân sự', '', False, NULL, '2023-11-16 11:22:39', NULL, '2023-11-16 11:22:39'),
('afec17e3-f7f8-442f-ab28-89c074fda9f4', 'c6abb54a-eb86-470f-8846-9762f4bda198', '1e96c98c-6bab-46dd-943c-1c2872bdc147', NULL, NULL, NULL, '768f8e64-7d10-20c9-967d-e8c757976496', 'Phòng kỹ thuật', '17120d02-6ab5-3e43-18cb-66948daf6128', 'Phòng nhân sự', '', False, NULL, '2023-11-16 11:22:39', NULL, '2023-11-16 11:22:39'),
('fd3a2ace-04de-47cd-bfe0-f13e28c10e38', 'c6abb54a-eb86-470f-8846-9762f4bda198', 'd6cdcd55-fc3e-4893-8a1e-05cab1b82b11', NULL, NULL, NULL, '7686595d-16d5-33b3-0080-e8e2a817c80e', 'Phòng công nghệ thông tin', '17120d02-6ab5-3e43-18cb-66948daf6128', 'Phòng nhân sự', '', False, NULL, '2023-11-16 11:22:39', NULL, '2023-11-16 11:22:39'),
('3805d6f5-248c-452e-8ad8-0a710bd8c9d8', 'c6abb54a-eb86-470f-8846-9762f4bda198', '304d8e53-d43c-4c74-895d-7fb55e810753', NULL, NULL, NULL, '142cb08f-7c31-21fa-8e90-67245e8b283e', 'Phòng thư ký', '17120d02-6ab5-3e43-18cb-66948daf6128', 'Phòng nhân sự', '', False, NULL, '2023-11-16 11:22:39', NULL, '2023-11-16 11:22:39'),
('48a91ea2-5d4d-4baa-827f-6efdfdda00c7', 'c6abb54a-eb86-470f-8846-9762f4bda198', 'e84c7f85-91cc-46f2-9dfb-6cd732a8797b', NULL, NULL, NULL, '142cb08f-7c31-21fa-8e90-67245e8b283e', 'Phòng thư ký', '17120d02-6ab5-3e43-18cb-66948daf6128', 'Phòng nhân sự', '', False, NULL, '2023-11-16 11:22:39', NULL, '2023-11-16 11:22:39'),
('c61caaa1-6aab-451a-955d-b65282add7ad', 'c6abb54a-eb86-470f-8846-9762f4bda198', '43616e62-bc5f-4ea3-bd65-d7a0cbb2c05d', NULL, NULL, NULL, '4577565a-7e3e-493a-74dd-867949feb8b5', 'Phòng chăm sóc khách hàng', '17120d02-6ab5-3e43-18cb-66948daf6128', 'Phòng nhân sự', '', False, NULL, '2023-11-16 11:22:39', NULL, '2023-11-16 11:22:39'),
('9191273b-c1d1-4935-85e0-3b31540ac843', 'c6abb54a-eb86-470f-8846-9762f4bda198', '08413e74-dd44-438f-a5d8-640b1aadce4d', NULL, NULL, NULL, '59d19422-6657-452e-a7db-e5d54223c257', 'Phòng kinh doanh và tiếp thị', '17120d02-6ab5-3e43-18cb-66948daf6128', 'Phòng nhân sự', '', False, NULL, '2023-11-16 11:22:39', NULL, '2023-11-16 11:22:39'),
('7af908f2-c632-4ee6-9f7b-6b802dfdc4fc', '47814d1b-9aa3-4269-a3b8-c4ef87f9f5f5', '08413e74-dd44-438f-a5d8-640b1aadce4d', NULL, NULL, NULL, '17120d02-6ab5-3e43-18cb-66948daf6128', 'Phòng nhân sự', '469b3ece-744a-45d5-957d-e8c757976496', 'Phòng nghiên cứu', '', False, NULL, '2023-11-16 11:32:27', NULL, '2023-11-16 11:32:27'),
('9e4ee64f-9d93-4be8-a459-d80f28b49ec4', '47814d1b-9aa3-4269-a3b8-c4ef87f9f5f5', '048dae73-a2a9-43ed-8646-c1f6817cc713', NULL, NULL, NULL, '17120d02-6ab5-3e43-18cb-66948daf6128', 'Phòng nhân sự', '469b3ece-744a-45d5-957d-e8c757976496', 'Phòng nghiên cứu', '', False, NULL, '2023-11-16 11:32:27', NULL, '2023-11-16 11:32:27'),
('4af02a2e-f76a-4399-91e6-931b8ad309c1', '47814d1b-9aa3-4269-a3b8-c4ef87f9f5f5', '5656362d-41e1-40fc-acc7-8ebb78717ab9', NULL, NULL, NULL, '17120d02-6ab5-3e43-18cb-66948daf6128', 'Phòng nhân sự', '469b3ece-744a-45d5-957d-e8c757976496', 'Phòng nghiên cứu', '', False, NULL, '2023-11-16 11:32:27', NULL, '2023-11-16 11:32:27'),
('2f34549a-46bd-48a0-9066-624acbdf1b1f', '47814d1b-9aa3-4269-a3b8-c4ef87f9f5f5', 'b991b349-0255-43a0-b832-c1bb8e89b703', NULL, NULL, NULL, '17120d02-6ab5-3e43-18cb-66948daf6128', 'Phòng nhân sự', '469b3ece-744a-45d5-957d-e8c757976496', 'Phòng nghiên cứu', '', False, NULL, '2023-11-16 11:32:27', NULL, '2023-11-16 11:32:27'),
('a49de912-6289-4feb-8e7d-cdb2bbfc34c1', '47814d1b-9aa3-4269-a3b8-c4ef87f9f5f5', '00916407-dd94-40b3-a365-b0f8cdec8adc', NULL, NULL, NULL, '17120d02-6ab5-3e43-18cb-66948daf6128', 'Phòng nhân sự', '469b3ece-744a-45d5-957d-e8c757976496', 'Phòng nghiên cứu', '', False, NULL, '2023-11-16 11:32:27', NULL, '2023-11-16 11:32:27'),
('b7c53c7b-7fdd-465d-895e-8ee5c95d6643', '47814d1b-9aa3-4269-a3b8-c4ef87f9f5f5', '0bd2399c-46b5-4e8c-8f0f-6f80bd08f3a0', NULL, NULL, NULL, '17120d02-6ab5-3e43-18cb-66948daf6128', 'Phòng nhân sự', '469b3ece-744a-45d5-957d-e8c757976496', 'Phòng nghiên cứu', '', False, NULL, '2023-11-16 11:32:27', NULL, '2023-11-16 11:32:27'),
('95343722-976b-4711-8193-e45ceb9e075c', '47814d1b-9aa3-4269-a3b8-c4ef87f9f5f5', 'ff17de03-196f-4c36-9068-2a3b716adc5a', NULL, NULL, NULL, '17120d02-6ab5-3e43-18cb-66948daf6128', 'Phòng nhân sự', '469b3ece-744a-45d5-957d-e8c757976496', 'Phòng nghiên cứu', '', False, NULL, '2023-11-16 11:32:27', NULL, '2023-11-16 11:32:27'),
('e9a9d335-85cc-4c00-b586-eb5d51b030fa', '47814d1b-9aa3-4269-a3b8-c4ef87f9f5f5', '2fd042e9-ed54-4dd0-b245-4bdd306e7b07', NULL, NULL, NULL, '2bbbd485-6df2-536a-7e32-6a1673ffca7c', 'Phòng tài chính tổng hợp', '469b3ece-744a-45d5-957d-e8c757976496', 'Phòng nghiên cứu', '', False, NULL, '2023-11-16 11:32:27', NULL, '2023-11-16 11:32:27'),
('d99f7619-ca4e-411e-9a67-208e7d645ff1', '47814d1b-9aa3-4269-a3b8-c4ef87f9f5f5', '4e8f12be-bcd4-4ee0-8142-eb04a378f758', NULL, NULL, NULL, '11452b0c-768e-5ff7-0d63-eeb1d8ed8cef', 'Phòng hành chính kế toán', '469b3ece-744a-45d5-957d-e8c757976496', 'Phòng nghiên cứu', '', False, NULL, '2023-11-16 11:32:27', NULL, '2023-11-16 11:32:27'),
('30803852-8597-4493-b6d8-1b4e94e3340b', '47814d1b-9aa3-4269-a3b8-c4ef87f9f5f5', '6713dee9-4459-4a52-8222-1f064b5b88f8', NULL, NULL, NULL, '59d19422-6657-452e-a7db-e5d54223c257', 'Phòng kinh doanh và tiếp thị', '469b3ece-744a-45d5-957d-e8c757976496', 'Phòng nghiên cứu', '', False, NULL, '2023-11-16 11:32:27', NULL, '2023-11-16 11:32:27'),
('364fbbfb-c018-4cf5-9d3a-149158880c26', '47814d1b-9aa3-4269-a3b8-c4ef87f9f5f5', '8549fda9-b0c6-4258-8885-5a6fd2dc743a', NULL, NULL, NULL, '11452b0c-768e-5ff7-0d63-eeb1d8ed8cef', 'Phòng hành chính kế toán', '469b3ece-744a-45d5-957d-e8c757976496', 'Phòng nghiên cứu', '', False, NULL, '2023-11-16 11:32:27', NULL, '2023-11-16 11:32:27'),
('593f4eb4-a847-4067-8d9c-143114ba7eff', '47814d1b-9aa3-4269-a3b8-c4ef87f9f5f5', 'a6e2e3a4-3609-4f34-a9d4-fe1f153e0b33', NULL, NULL, NULL, '59d19422-6657-452e-a7db-e5d54223c257', 'Phòng kinh doanh và tiếp thị', '469b3ece-744a-45d5-957d-e8c757976496', 'Phòng nghiên cứu', '', False, NULL, '2023-11-16 11:32:27', NULL, '2023-11-16 11:32:27'),
('1e1788f9-c615-44f7-9178-dc8cd594d3c7', '47814d1b-9aa3-4269-a3b8-c4ef87f9f5f5', '14ff5d1e-40b4-4245-8301-fca3679772a7', NULL, NULL, NULL, '17120d02-6ab5-3e43-18cb-66948daf6128', 'Phòng nhân sự', '469b3ece-744a-45d5-957d-e8c757976496', 'Phòng nghiên cứu', '', False, NULL, '2023-11-16 11:32:27', NULL, '2023-11-16 11:32:27'),
('fb59b0d8-b9e0-4971-827d-9d520e5c6c7e', '47814d1b-9aa3-4269-a3b8-c4ef87f9f5f5', 'beaa1b9b-d067-4bd3-bb67-7c48ff470fef', NULL, NULL, NULL, '7686595d-16d5-33b3-0080-e8e2a817c80e', 'Phòng công nghệ thông tin', '469b3ece-744a-45d5-957d-e8c757976496', 'Phòng nghiên cứu', '', False, NULL, '2023-11-16 11:32:27', NULL, '2023-11-16 11:32:27'),
('6b3a1c7b-45d9-41fc-9681-878999440e8e', '47814d1b-9aa3-4269-a3b8-c4ef87f9f5f5', 'e45d1755-55ac-464a-a440-ee7bbe573ac2', NULL, NULL, NULL, '17120d02-6ab5-3e43-18cb-66948daf6128', 'Phòng nhân sự', '469b3ece-744a-45d5-957d-e8c757976496', 'Phòng nghiên cứu', '', False, NULL, '2023-11-16 11:32:27', NULL, '2023-11-16 11:32:27'),
('d9cf621b-2e14-4450-82b8-f528b0ca7124', '47814d1b-9aa3-4269-a3b8-c4ef87f9f5f5', '925dfb4c-4504-486a-b492-5c78f94c1333', NULL, NULL, NULL, '142cb08f-7c31-21fa-8e90-67245e8b283e', 'Phòng thư ký', '469b3ece-744a-45d5-957d-e8c757976496', 'Phòng nghiên cứu', '', False, NULL, '2023-11-16 11:32:27', NULL, '2023-11-16 11:32:27'),
('0b026d0e-c617-41d0-b0ad-8b745cb83f36', '47814d1b-9aa3-4269-a3b8-c4ef87f9f5f5', '1dabcd83-b02d-44de-aaf9-6334347ec572', NULL, NULL, NULL, '142cb08f-7c31-21fa-8e90-67245e8b283e', 'Phòng thư ký', '469b3ece-744a-45d5-957d-e8c757976496', 'Phòng nghiên cứu', '', False, NULL, '2023-11-16 11:32:27', NULL, '2023-11-16 11:32:27'),
('40a3a508-3aed-4794-866d-f350bac3db42', '47814d1b-9aa3-4269-a3b8-c4ef87f9f5f5', '459d0afd-4e67-4565-b339-c06e15f18771', NULL, NULL, NULL, '768f8e64-7d10-20c9-967d-e8c757976496', 'Phòng kỹ thuật', '469b3ece-744a-45d5-957d-e8c757976496', 'Phòng nghiên cứu', '', False, NULL, '2023-11-16 11:32:27', NULL, '2023-11-16 11:32:27'),
('e1f84b2a-4455-4cf0-ba20-98c6099b5760', '47814d1b-9aa3-4269-a3b8-c4ef87f9f5f5', '59d047f9-5260-48e7-8c98-3d0cbc6a4772', NULL, NULL, NULL, '59d19422-6657-452e-a7db-e5d54223c257', 'Phòng kinh doanh và tiếp thị', '469b3ece-744a-45d5-957d-e8c757976496', 'Phòng nghiên cứu', '', False, NULL, '2023-11-16 11:32:27', NULL, '2023-11-16 11:32:27'),
('4cec6b21-d505-4939-ab8a-3fd513c7b254', '47814d1b-9aa3-4269-a3b8-c4ef87f9f5f5', '7babdc87-f249-4d38-8e5b-b5e4a8c2eb38', NULL, NULL, NULL, '7686595d-16d5-33b3-0080-e8e2a817c80e', 'Phòng công nghệ thông tin', '469b3ece-744a-45d5-957d-e8c757976496', 'Phòng nghiên cứu', '', False, NULL, '2023-11-16 11:32:27', NULL, '2023-11-16 11:32:27'),
('33fe0dbe-6e5d-467e-b4d5-f7ab4e8a86ce', 'c6ef1cb8-c830-4d2d-aeff-a840311bcf87', 'fdb83400-26a9-468f-bdb7-cc3e9449f3c0', NULL, NULL, NULL, '7686595d-16d5-33b3-0080-e8e2a817c80e', 'Phòng công nghệ thông tin', '11452b0c-768e-5ff7-0d63-eeb1d8ed8cef', 'Phòng hành chính kế toán', '', False, NULL, '2023-11-16 11:32:52', NULL, '2023-11-16 11:32:52'),
('fa940bfc-4b3d-4edb-b7a5-f3d83ca793ad', '5989698c-981a-4100-9e6c-d6e90a862e19', '36fa6b82-5de7-4c49-8c6f-c36b423424bc', NULL, NULL, NULL, '2bbbd485-6df2-536a-7e32-6a1673ffca7c', 'Phòng tài chính tổng hợp', '17120d02-6ab5-3e43-18cb-66948daf6128', 'Phòng nhân sự', '', False, NULL, '2023-11-16 11:34:42', NULL, '2023-11-16 11:34:42'),
('e4251785-22be-4eb5-86e4-eaab41a83620', '5989698c-981a-4100-9e6c-d6e90a862e19', 'd0d2c36c-27ba-431b-9ad6-10e6a4b68f70', NULL, NULL, NULL, '4577565a-7e3e-493a-74dd-867949feb8b5', 'Phòng chăm sóc khách hàng', '17120d02-6ab5-3e43-18cb-66948daf6128', 'Phòng nhân sự', '', False, NULL, '2023-11-16 11:34:42', NULL, '2023-11-16 11:34:42'),
('4f73ba3c-6ae1-4836-b592-df021c815679', '5989698c-981a-4100-9e6c-d6e90a862e19', 'e63b3421-ca43-4307-9273-8d041021fc8b', NULL, NULL, NULL, '7686595d-16d5-33b3-0080-e8e2a817c80e', 'Phòng công nghệ thông tin', '17120d02-6ab5-3e43-18cb-66948daf6128', 'Phòng nhân sự', '', False, NULL, '2023-11-16 11:34:42', NULL, '2023-11-16 11:34:42'),
('b57d5a4f-a80a-45a9-a64b-15a67ea53572', '5989698c-981a-4100-9e6c-d6e90a862e19', '3eb2390d-db9b-4a96-abfa-62e7f4b6076b', NULL, NULL, NULL, '7686595d-16d5-33b3-0080-e8e2a817c80e', 'Phòng công nghệ thông tin', '17120d02-6ab5-3e43-18cb-66948daf6128', 'Phòng nhân sự', '', False, NULL, '2023-11-16 11:34:42', NULL, '2023-11-16 11:34:42'),
('fe0c6307-9b00-4f46-ae27-9e3b870d7849', '5989698c-981a-4100-9e6c-d6e90a862e19', '17fa75f7-1668-4299-8145-83348fa8b0cd', NULL, NULL, NULL, '11452b0c-768e-5ff7-0d63-eeb1d8ed8cef', 'Phòng hành chính kế toán', '17120d02-6ab5-3e43-18cb-66948daf6128', 'Phòng nhân sự', '', False, NULL, '2023-11-16 11:34:42', NULL, '2023-11-16 11:34:42'),
('9f319a0c-4d7f-4be5-b1e3-8955558f0ee2', '5989698c-981a-4100-9e6c-d6e90a862e19', '5656362d-41e1-40fc-acc7-8ebb78717ab9', NULL, NULL, NULL, '469b3ece-744a-45d5-957d-e8c757976496', 'Phòng nghiên cứu', '17120d02-6ab5-3e43-18cb-66948daf6128', 'Phòng nhân sự', '', False, NULL, '2023-11-16 11:34:42', NULL, '2023-11-16 11:34:42'),
('fd9ca983-9a47-4491-82cf-0e75596ab158', '5989698c-981a-4100-9e6c-d6e90a862e19', '08413e74-dd44-438f-a5d8-640b1aadce4d', NULL, NULL, NULL, '469b3ece-744a-45d5-957d-e8c757976496', 'Phòng nghiên cứu', '17120d02-6ab5-3e43-18cb-66948daf6128', 'Phòng nhân sự', '', False, NULL, '2023-11-16 11:34:42', NULL, '2023-11-16 11:34:42'),
('5f04bfaf-fad8-4819-a28b-051742625f22', '5989698c-981a-4100-9e6c-d6e90a862e19', '00916407-dd94-40b3-a365-b0f8cdec8adc', NULL, NULL, NULL, '469b3ece-744a-45d5-957d-e8c757976496', 'Phòng nghiên cứu', '17120d02-6ab5-3e43-18cb-66948daf6128', 'Phòng nhân sự', '', False, NULL, '2023-11-16 11:34:42', NULL, '2023-11-16 11:34:42'),
('2d2b9462-c530-4d59-99cc-3121ff0fedf5', '5989698c-981a-4100-9e6c-d6e90a862e19', 'fcf92be7-9f25-43c3-8a9b-7c6525aa82f1', NULL, NULL, NULL, '7686595d-16d5-33b3-0080-e8e2a817c80e', 'Phòng công nghệ thông tin', '17120d02-6ab5-3e43-18cb-66948daf6128', 'Phòng nhân sự', '', False, NULL, '2023-11-16 11:34:42', NULL, '2023-11-16 11:34:42'),
('0fd5745d-e112-4f7b-8a31-fa1e89f85f67', '5989698c-981a-4100-9e6c-d6e90a862e19', '5f2f445b-9aca-4771-ab8b-bb5fc5472b43', NULL, NULL, NULL, '469b3ece-744a-45d5-957d-e8c757976496', 'Phòng nghiên cứu', '17120d02-6ab5-3e43-18cb-66948daf6128', 'Phòng nhân sự', '', False, NULL, '2023-11-16 11:34:42', NULL, '2023-11-16 11:34:42'),
('32b44abd-1d21-45e3-9e64-4b009670b354', '5989698c-981a-4100-9e6c-d6e90a862e19', '048dae73-a2a9-43ed-8646-c1f6817cc713', NULL, NULL, NULL, '469b3ece-744a-45d5-957d-e8c757976496', 'Phòng nghiên cứu', '17120d02-6ab5-3e43-18cb-66948daf6128', 'Phòng nhân sự', '', False, NULL, '2023-11-16 11:34:42', NULL, '2023-11-16 11:34:42'),
('49a8a9c2-a6dd-4119-92f5-3091c2c57bd0', '5989698c-981a-4100-9e6c-d6e90a862e19', 'b991b349-0255-43a0-b832-c1bb8e89b703', NULL, NULL, NULL, '469b3ece-744a-45d5-957d-e8c757976496', 'Phòng nghiên cứu', '17120d02-6ab5-3e43-18cb-66948daf6128', 'Phòng nhân sự', '', False, NULL, '2023-11-16 11:34:42', NULL, '2023-11-16 11:34:42'),
('3768782d-a887-4bc0-babb-6084cc735bee', '5989698c-981a-4100-9e6c-d6e90a862e19', '0bd2399c-46b5-4e8c-8f0f-6f80bd08f3a0', NULL, NULL, NULL, '469b3ece-744a-45d5-957d-e8c757976496', 'Phòng nghiên cứu', '17120d02-6ab5-3e43-18cb-66948daf6128', 'Phòng nhân sự', '', False, NULL, '2023-11-16 11:34:42', NULL, '2023-11-16 11:34:42'),
('4f72a6a5-fce4-4f4a-84a9-fedfa5ef2492', '5989698c-981a-4100-9e6c-d6e90a862e19', '4aa82fdf-2690-4fd3-82d9-d7a1d1baba8e', NULL, NULL, NULL, '4e272fc4-7875-78d6-7d32-6a1673ffca7c', 'Phòng quản lý', '17120d02-6ab5-3e43-18cb-66948daf6128', 'Phòng nhân sự', '', False, NULL, '2023-11-16 11:34:42', NULL, '2023-11-16 11:34:42'),
('33e95f48-112c-4006-b5bb-c78741dd50af', '5989698c-981a-4100-9e6c-d6e90a862e19', '07b01834-cf6c-4c9a-b8e0-073175fbafd1', NULL, NULL, NULL, '469b3ece-744a-45d5-957d-e8c757976496', 'Phòng nghiên cứu', '17120d02-6ab5-3e43-18cb-66948daf6128', 'Phòng nhân sự', '', False, NULL, '2023-11-16 11:34:42', NULL, '2023-11-16 11:34:42'),
('f8cdc3ca-5b04-4923-b73d-3101f1aad92d', '5989698c-981a-4100-9e6c-d6e90a862e19', '5f47e8e6-712b-4d41-8944-14de4127cf2d', NULL, NULL, NULL, '2bbbd485-6df2-536a-7e32-6a1673ffca7c', 'Phòng tài chính tổng hợp', '17120d02-6ab5-3e43-18cb-66948daf6128', 'Phòng nhân sự', '', False, NULL, '2023-11-16 11:34:42', NULL, '2023-11-16 11:34:42'),
('571e43f7-6098-4152-8f40-c10bf838be77', '5989698c-981a-4100-9e6c-d6e90a862e19', 'beaa1b9b-d067-4bd3-bb67-7c48ff470fef', NULL, NULL, NULL, '469b3ece-744a-45d5-957d-e8c757976496', 'Phòng nghiên cứu', '17120d02-6ab5-3e43-18cb-66948daf6128', 'Phòng nhân sự', '', False, NULL, '2023-11-16 11:34:42', NULL, '2023-11-16 11:34:42'),
('28f885c3-f817-4bef-8709-0c9497e96ecf', '5989698c-981a-4100-9e6c-d6e90a862e19', '84add6c7-5c22-416b-8941-52e4ae63b9f7', NULL, NULL, NULL, '768f8e64-7d10-20c9-967d-e8c757976496', 'Phòng kỹ thuật', '17120d02-6ab5-3e43-18cb-66948daf6128', 'Phòng nhân sự', '', False, NULL, '2023-11-16 11:34:42', NULL, '2023-11-16 11:34:42'),
('987e654d-ed85-43e9-8ccf-2ca1eb425d94', '5989698c-981a-4100-9e6c-d6e90a862e19', 'b32a77da-c1c6-427c-93c5-2c9ba2109993', NULL, NULL, NULL, '469b3ece-744a-45d5-957d-e8c757976496', 'Phòng nghiên cứu', '17120d02-6ab5-3e43-18cb-66948daf6128', 'Phòng nhân sự', '', False, NULL, '2023-11-16 11:34:42', NULL, '2023-11-16 11:34:42'),
('f6aa3527-ce75-4caf-9058-4bd627a001cf', '46857eb8-4254-4a99-a0db-f0ba0e40bf1f', 'fc646920-32d2-4e42-8495-45812c4e2bd4', NULL, NULL, NULL, '142cb08f-7c31-21fa-8e90-67245e8b283e', 'Phòng thư ký', '17120d02-6ab5-3e43-18cb-66948daf6128', 'Phòng nhân sự', '', False, NULL, '2023-11-16 11:41:36', NULL, '2023-11-16 11:41:36'),
('abd8b319-9229-424d-b579-8bb7375571a6', '46857eb8-4254-4a99-a0db-f0ba0e40bf1f', '408e3c30-c577-4cae-9343-0c29a2c99c39', NULL, NULL, NULL, '4e272fc4-7875-78d6-7d32-6a1673ffca7c', 'Phòng quản lý', '17120d02-6ab5-3e43-18cb-66948daf6128', 'Phòng nhân sự', '', False, NULL, '2023-11-16 11:41:36', NULL, '2023-11-16 11:41:36'),
('e6be51d8-1374-4629-8c64-64492231e7f5', '46857eb8-4254-4a99-a0db-f0ba0e40bf1f', '926ab910-6cab-4a12-b42f-52fabbc7ff61', NULL, NULL, NULL, '768f8e64-7d10-20c9-967d-e8c757976496', 'Phòng kỹ thuật', '17120d02-6ab5-3e43-18cb-66948daf6128', 'Phòng nhân sự', '', False, NULL, '2023-11-16 11:41:36', NULL, '2023-11-16 11:41:36'),
('0deb3dec-1102-489c-a2d5-c07154065c5d', '46857eb8-4254-4a99-a0db-f0ba0e40bf1f', '587a0235-ff39-45fa-862e-f7bc4b184028', NULL, NULL, NULL, '7686595d-16d5-33b3-0080-e8e2a817c80e', 'Phòng công nghệ thông tin', '17120d02-6ab5-3e43-18cb-66948daf6128', 'Phòng nhân sự', '', False, NULL, '2023-11-16 11:41:36', NULL, '2023-11-16 11:41:36'),
('68ab7cd2-949a-4fd4-8041-df7a06afdd3b', '46857eb8-4254-4a99-a0db-f0ba0e40bf1f', '7da9d48b-aa72-4093-8691-187187247d89', NULL, NULL, NULL, '768f8e64-7d10-20c9-967d-e8c757976496', 'Phòng kỹ thuật', '17120d02-6ab5-3e43-18cb-66948daf6128', 'Phòng nhân sự', '', False, NULL, '2023-11-16 11:41:36', NULL, '2023-11-16 11:41:36'),
('ec0cd88c-b747-43e5-9d10-d6b1e093bd86', '46857eb8-4254-4a99-a0db-f0ba0e40bf1f', '80b328bb-7425-4d84-ba33-4c07617e64a4', NULL, NULL, NULL, '11452b0c-768e-5ff7-0d63-eeb1d8ed8cef', 'Phòng hành chính kế toán', '17120d02-6ab5-3e43-18cb-66948daf6128', 'Phòng nhân sự', '', False, NULL, '2023-11-16 11:41:36', NULL, '2023-11-16 11:41:36'),
('cecdf2a0-ac22-4bc2-9cf7-20aae3cb426c', '0a41493b-93ed-4c3d-94d6-907bea64e475', 'fc646920-32d2-4e42-8495-45812c4e2bd4', NULL, NULL, NULL, '17120d02-6ab5-3e43-18cb-66948daf6128', 'Phòng nhân sự', '469b3ece-744a-45d5-957d-e8c757976496', 'Phòng nghiên cứu', '', False, NULL, '2023-11-16 11:41:50', NULL, '2023-11-16 11:41:50'),
('dc67c895-40f5-4673-a3df-f5c5340e9b45', '0a41493b-93ed-4c3d-94d6-907bea64e475', '408e3c30-c577-4cae-9343-0c29a2c99c39', NULL, NULL, NULL, '17120d02-6ab5-3e43-18cb-66948daf6128', 'Phòng nhân sự', '469b3ece-744a-45d5-957d-e8c757976496', 'Phòng nghiên cứu', '', False, NULL, '2023-11-16 11:41:50', NULL, '2023-11-16 11:41:50'),
('e8aff901-c875-4b72-be68-89021090c3b1', '0a41493b-93ed-4c3d-94d6-907bea64e475', '926ab910-6cab-4a12-b42f-52fabbc7ff61', NULL, NULL, NULL, '17120d02-6ab5-3e43-18cb-66948daf6128', 'Phòng nhân sự', '469b3ece-744a-45d5-957d-e8c757976496', 'Phòng nghiên cứu', '', False, NULL, '2023-11-16 11:41:50', NULL, '2023-11-16 11:41:50'),
('72e0a70b-fbeb-4483-a190-5a8180188737', '0a41493b-93ed-4c3d-94d6-907bea64e475', '587a0235-ff39-45fa-862e-f7bc4b184028', NULL, NULL, NULL, '17120d02-6ab5-3e43-18cb-66948daf6128', 'Phòng nhân sự', '469b3ece-744a-45d5-957d-e8c757976496', 'Phòng nghiên cứu', '', False, NULL, '2023-11-16 11:41:50', NULL, '2023-11-16 11:41:50'),
('987bd7ec-96a7-4236-b955-2d2e4bdf42bc', '0a41493b-93ed-4c3d-94d6-907bea64e475', '7da9d48b-aa72-4093-8691-187187247d89', NULL, NULL, NULL, '17120d02-6ab5-3e43-18cb-66948daf6128', 'Phòng nhân sự', '469b3ece-744a-45d5-957d-e8c757976496', 'Phòng nghiên cứu', '', False, NULL, '2023-11-16 11:41:50', NULL, '2023-11-16 11:41:50'),
('9c24b1c8-a6a5-40c5-9913-64f7f33d2a6d', '0a41493b-93ed-4c3d-94d6-907bea64e475', '80b328bb-7425-4d84-ba33-4c07617e64a4', NULL, NULL, NULL, '17120d02-6ab5-3e43-18cb-66948daf6128', 'Phòng nhân sự', '469b3ece-744a-45d5-957d-e8c757976496', 'Phòng nghiên cứu', '', False, NULL, '2023-11-16 11:41:50', NULL, '2023-11-16 11:41:50'),
('f0ea30e1-2197-45ca-a9d7-4fb92fd56780', '0a41493b-93ed-4c3d-94d6-907bea64e475', '36fa6b82-5de7-4c49-8c6f-c36b423424bc', NULL, NULL, NULL, '17120d02-6ab5-3e43-18cb-66948daf6128', 'Phòng nhân sự', '469b3ece-744a-45d5-957d-e8c757976496', 'Phòng nghiên cứu', '', False, NULL, '2023-11-16 11:41:50', NULL, '2023-11-16 11:41:50'),
('10f816a7-fa08-4ad4-9d62-77dbe9a99a02', '0a41493b-93ed-4c3d-94d6-907bea64e475', 'd0d2c36c-27ba-431b-9ad6-10e6a4b68f70', NULL, NULL, NULL, '17120d02-6ab5-3e43-18cb-66948daf6128', 'Phòng nhân sự', '469b3ece-744a-45d5-957d-e8c757976496', 'Phòng nghiên cứu', '', False, NULL, '2023-11-16 11:41:50', NULL, '2023-11-16 11:41:50'),
('94416f6e-0999-49eb-847e-67f5e9dcf6ab', '0a41493b-93ed-4c3d-94d6-907bea64e475', 'e63b3421-ca43-4307-9273-8d041021fc8b', NULL, NULL, NULL, '17120d02-6ab5-3e43-18cb-66948daf6128', 'Phòng nhân sự', '469b3ece-744a-45d5-957d-e8c757976496', 'Phòng nghiên cứu', '', False, NULL, '2023-11-16 11:41:50', NULL, '2023-11-16 11:41:50'),
('d9c85794-a3ef-46ed-a8e8-4b0bd963edcb', '0a41493b-93ed-4c3d-94d6-907bea64e475', '121d0cce-4dca-4a92-ac8a-2eeb9c892d64', NULL, NULL, NULL, '17120d02-6ab5-3e43-18cb-66948daf6128', 'Phòng nhân sự', '469b3ece-744a-45d5-957d-e8c757976496', 'Phòng nghiên cứu', '', False, NULL, '2023-11-16 11:41:50', NULL, '2023-11-16 11:41:50'),
('7a7935d8-2af1-4f7e-9cd0-c2d0ac41b45a', '0a41493b-93ed-4c3d-94d6-907bea64e475', '3eb2390d-db9b-4a96-abfa-62e7f4b6076b', NULL, NULL, NULL, '17120d02-6ab5-3e43-18cb-66948daf6128', 'Phòng nhân sự', '469b3ece-744a-45d5-957d-e8c757976496', 'Phòng nghiên cứu', '', False, NULL, '2023-11-16 11:41:50', NULL, '2023-11-16 11:41:50'),
('0b19a57b-32cf-40fa-b7b1-170eaae175a8', '0a41493b-93ed-4c3d-94d6-907bea64e475', '17fa75f7-1668-4299-8145-83348fa8b0cd', NULL, NULL, NULL, '17120d02-6ab5-3e43-18cb-66948daf6128', 'Phòng nhân sự', '469b3ece-744a-45d5-957d-e8c757976496', 'Phòng nghiên cứu', '', False, NULL, '2023-11-16 11:41:50', NULL, '2023-11-16 11:41:50'),
('5de99585-dbcb-4488-899b-e8aa441346b7', '0a41493b-93ed-4c3d-94d6-907bea64e475', '5656362d-41e1-40fc-acc7-8ebb78717ab9', NULL, NULL, NULL, '17120d02-6ab5-3e43-18cb-66948daf6128', 'Phòng nhân sự', '469b3ece-744a-45d5-957d-e8c757976496', 'Phòng nghiên cứu', '', False, NULL, '2023-11-16 11:41:50', NULL, '2023-11-16 11:41:50'),
('75b5635b-db8c-4e04-be76-8bc4a2c2401c', '0a41493b-93ed-4c3d-94d6-907bea64e475', '08413e74-dd44-438f-a5d8-640b1aadce4d', NULL, NULL, NULL, '17120d02-6ab5-3e43-18cb-66948daf6128', 'Phòng nhân sự', '469b3ece-744a-45d5-957d-e8c757976496', 'Phòng nghiên cứu', '', False, NULL, '2023-11-16 11:41:50', NULL, '2023-11-16 11:41:50'),
('efdb88b5-d561-4fec-976b-798d14c9069e', '0a41493b-93ed-4c3d-94d6-907bea64e475', '00916407-dd94-40b3-a365-b0f8cdec8adc', NULL, NULL, NULL, '17120d02-6ab5-3e43-18cb-66948daf6128', 'Phòng nhân sự', '469b3ece-744a-45d5-957d-e8c757976496', 'Phòng nghiên cứu', '', False, NULL, '2023-11-16 11:41:50', NULL, '2023-11-16 11:41:50'),
('c1d908e6-e65f-43d3-9457-af466490af38', '0a41493b-93ed-4c3d-94d6-907bea64e475', 'fcf92be7-9f25-43c3-8a9b-7c6525aa82f1', NULL, NULL, NULL, '17120d02-6ab5-3e43-18cb-66948daf6128', 'Phòng nhân sự', '469b3ece-744a-45d5-957d-e8c757976496', 'Phòng nghiên cứu', '', False, NULL, '2023-11-16 11:41:50', NULL, '2023-11-16 11:41:50'),
('0f573b32-5545-4955-a867-0880d14d9ceb', '0a41493b-93ed-4c3d-94d6-907bea64e475', '5f2f445b-9aca-4771-ab8b-bb5fc5472b43', NULL, NULL, NULL, '17120d02-6ab5-3e43-18cb-66948daf6128', 'Phòng nhân sự', '469b3ece-744a-45d5-957d-e8c757976496', 'Phòng nghiên cứu', '', False, NULL, '2023-11-16 11:41:50', NULL, '2023-11-16 11:41:50'),
('b460b3b8-1aac-4573-b833-c659de97860e', '0a41493b-93ed-4c3d-94d6-907bea64e475', '048dae73-a2a9-43ed-8646-c1f6817cc713', NULL, NULL, NULL, '17120d02-6ab5-3e43-18cb-66948daf6128', 'Phòng nhân sự', '469b3ece-744a-45d5-957d-e8c757976496', 'Phòng nghiên cứu', '', False, NULL, '2023-11-16 11:41:50', NULL, '2023-11-16 11:41:50'),
('e46f5c32-9088-46c0-b658-c3fbc6e4d704', '0a41493b-93ed-4c3d-94d6-907bea64e475', 'b991b349-0255-43a0-b832-c1bb8e89b703', NULL, NULL, NULL, '17120d02-6ab5-3e43-18cb-66948daf6128', 'Phòng nhân sự', '469b3ece-744a-45d5-957d-e8c757976496', 'Phòng nghiên cứu', '', False, NULL, '2023-11-16 11:41:50', NULL, '2023-11-16 11:41:50'),
('56da8414-c57f-4633-8ac4-58d9114e2f85', 'f9634f85-3ff2-46e0-adbb-98286fe67eec', '926ab910-6cab-4a12-b42f-52fabbc7ff61', NULL, NULL, NULL, '469b3ece-744a-45d5-957d-e8c757976496', 'Phòng nghiên cứu', '11452b0c-768e-5ff7-0d63-eeb1d8ed8cef', 'Phòng hành chính kế toán', '', False, NULL, '2023-11-16 11:42:55', NULL, '2023-11-16 11:42:55'),
('2bf19b46-dcb0-44d0-a99b-4e74c25571de', 'f9634f85-3ff2-46e0-adbb-98286fe67eec', '587a0235-ff39-45fa-862e-f7bc4b184028', NULL, NULL, NULL, '469b3ece-744a-45d5-957d-e8c757976496', 'Phòng nghiên cứu', '11452b0c-768e-5ff7-0d63-eeb1d8ed8cef', 'Phòng hành chính kế toán', '', False, NULL, '2023-11-16 11:42:55', NULL, '2023-11-16 11:42:55'),
('1d6abf2a-fcb2-4fff-a2b4-c7ca1d7408ac', 'f9634f85-3ff2-46e0-adbb-98286fe67eec', '7da9d48b-aa72-4093-8691-187187247d89', NULL, NULL, NULL, '469b3ece-744a-45d5-957d-e8c757976496', 'Phòng nghiên cứu', '11452b0c-768e-5ff7-0d63-eeb1d8ed8cef', 'Phòng hành chính kế toán', '', False, NULL, '2023-11-16 11:42:55', NULL, '2023-11-16 11:42:55'),
('9dde1b56-1ccc-47fd-a1ea-bec23811e022', 'f9634f85-3ff2-46e0-adbb-98286fe67eec', '340da12f-9c91-4eb9-8b08-1d1532d35f46', NULL, NULL, NULL, '142cb08f-7c31-21fa-8e90-67245e8b283e', 'Phòng thư ký', '469b3ece-744a-45d5-957d-e8c757976496', 'Phòng nghiên cứu', '', False, NULL, '2023-11-16 11:43:38', NULL, '2023-11-16 11:43:38'),
('7f0de9c3-2fe9-484c-98d4-ac6eb6950c79', 'f9634f85-3ff2-46e0-adbb-98286fe67eec', '0dfb5197-d6c0-44fd-ad88-ab97cd6d7026', NULL, NULL, NULL, '17120d02-6ab5-3e43-18cb-66948daf6128', 'Phòng nhân sự', '469b3ece-744a-45d5-957d-e8c757976496', 'Phòng nghiên cứu', '', False, NULL, '2023-11-16 11:43:38', NULL, '2023-11-16 11:43:38'),
('143f5cd5-a384-4e85-950c-c632e4b79e0b', 'f9634f85-3ff2-46e0-adbb-98286fe67eec', 'b32a77da-c1c6-427c-93c5-2c9ba2109993', NULL, NULL, NULL, '17120d02-6ab5-3e43-18cb-66948daf6128', 'Phòng nhân sự', '469b3ece-744a-45d5-957d-e8c757976496', 'Phòng nghiên cứu', '', False, NULL, '2023-11-16 11:43:38', NULL, '2023-11-16 11:43:38'),
('481937b5-f0e4-401a-b285-638156984102', 'f9634f85-3ff2-46e0-adbb-98286fe67eec', '8684ec30-9c5d-4b19-b150-3320140c87a5', NULL, NULL, NULL, '11452b0c-768e-5ff7-0d63-eeb1d8ed8cef', 'Phòng hành chính kế toán', '469b3ece-744a-45d5-957d-e8c757976496', 'Phòng nghiên cứu', '', False, NULL, '2023-11-16 11:43:38', NULL, '2023-11-16 11:43:38'),
('905d8ac3-0368-4eb4-8e64-34ad30fa6470', 'f9634f85-3ff2-46e0-adbb-98286fe67eec', 'bf50226b-b1c5-4561-a384-8858d4be2a9a', NULL, NULL, NULL, '7686595d-16d5-33b3-0080-e8e2a817c80e', 'Phòng công nghệ thông tin', '469b3ece-744a-45d5-957d-e8c757976496', 'Phòng nghiên cứu', '', False, NULL, '2023-11-16 11:43:38', NULL, '2023-11-16 11:43:38'),
('1311bd4a-3dea-47cd-82f0-aa6368312f15', 'f9634f85-3ff2-46e0-adbb-98286fe67eec', '17c77ce9-4eca-4db0-8894-c9e06ad6476d', NULL, NULL, NULL, '59d19422-6657-452e-a7db-e5d54223c257', 'Phòng kinh doanh và tiếp thị', '469b3ece-744a-45d5-957d-e8c757976496', 'Phòng nghiên cứu', '', False, NULL, '2023-11-16 11:43:38', NULL, '2023-11-16 11:43:38'),
('0da16dd6-f246-4566-871b-51d6f40a8f8d', '0a41493b-93ed-4c3d-94d6-907bea64e475', '39060933-ac87-4743-8aa1-32b7c7085820', NULL, NULL, NULL, '11452b0c-768e-5ff7-0d63-eeb1d8ed8cef', 'Phòng hành chính kế toán', '7686595d-16d5-33b3-0080-e8e2a817c80e', 'Phòng công nghệ thông tin', '', False, NULL, '2023-11-16 11:44:05', NULL, '2023-11-16 11:44:05'),
('a0086ae0-343c-4fc2-9408-2149d190c6b2', '0a41493b-93ed-4c3d-94d6-907bea64e475', '385b2895-ca2e-4e8e-9c02-942bc3890ef3', NULL, NULL, NULL, '4e272fc4-7875-78d6-7d32-6a1673ffca7c', 'Phòng quản lý', '7686595d-16d5-33b3-0080-e8e2a817c80e', 'Phòng công nghệ thông tin', '', False, NULL, '2023-11-16 11:45:58', NULL, '2023-11-16 11:45:58'),
('28fbbf1f-a6f5-48a6-a377-2a12bccaed61', '4c5b29a8-8551-4a0a-bb63-1ca9e9c00671', 'fc646920-32d2-4e42-8495-45812c4e2bd4', NULL, NULL, NULL, '469b3ece-744a-45d5-957d-e8c757976496', 'Phòng nghiên cứu', '17120d02-6ab5-3e43-18cb-66948daf6128', 'Phòng nhân sự', '', False, NULL, '2023-11-16 11:46:47', NULL, '2023-11-16 11:46:47'),
('9e28fc91-32d1-4c76-be83-b65dd722850d', '4c5b29a8-8551-4a0a-bb63-1ca9e9c00671', '408e3c30-c577-4cae-9343-0c29a2c99c39', NULL, NULL, NULL, '469b3ece-744a-45d5-957d-e8c757976496', 'Phòng nghiên cứu', '17120d02-6ab5-3e43-18cb-66948daf6128', 'Phòng nhân sự', '', False, NULL, '2023-11-16 11:46:47', NULL, '2023-11-16 11:46:47'),
('66daa8d9-267e-4446-b58e-6717c0e2b5cf', '4c5b29a8-8551-4a0a-bb63-1ca9e9c00671', '926ab910-6cab-4a12-b42f-52fabbc7ff61', NULL, NULL, NULL, '11452b0c-768e-5ff7-0d63-eeb1d8ed8cef', 'Phòng hành chính kế toán', '17120d02-6ab5-3e43-18cb-66948daf6128', 'Phòng nhân sự', '', False, NULL, '2023-11-16 11:46:47', NULL, '2023-11-16 11:46:47'),
('b002c36e-044b-435b-8cd1-caf334a103a3', '4c5b29a8-8551-4a0a-bb63-1ca9e9c00671', '587a0235-ff39-45fa-862e-f7bc4b184028', NULL, NULL, NULL, '11452b0c-768e-5ff7-0d63-eeb1d8ed8cef', 'Phòng hành chính kế toán', '17120d02-6ab5-3e43-18cb-66948daf6128', 'Phòng nhân sự', '', False, NULL, '2023-11-16 11:46:47', NULL, '2023-11-16 11:46:47'),
('fcd48d9c-d96f-4f9b-945b-95faae8f3967', '4c5b29a8-8551-4a0a-bb63-1ca9e9c00671', '7da9d48b-aa72-4093-8691-187187247d89', NULL, NULL, NULL, '11452b0c-768e-5ff7-0d63-eeb1d8ed8cef', 'Phòng hành chính kế toán', '17120d02-6ab5-3e43-18cb-66948daf6128', 'Phòng nhân sự', '', False, NULL, '2023-11-16 11:46:47', NULL, '2023-11-16 11:46:47'),
('59756110-9703-4837-bb7b-bcff1c061c45', '4c5b29a8-8551-4a0a-bb63-1ca9e9c00671', '80b328bb-7425-4d84-ba33-4c07617e64a4', NULL, NULL, NULL, '469b3ece-744a-45d5-957d-e8c757976496', 'Phòng nghiên cứu', '17120d02-6ab5-3e43-18cb-66948daf6128', 'Phòng nhân sự', '', False, NULL, '2023-11-16 11:46:47', NULL, '2023-11-16 11:46:47'),
('98d60e69-2d16-4ce6-9c15-c2e3057848af', '4c5b29a8-8551-4a0a-bb63-1ca9e9c00671', '36fa6b82-5de7-4c49-8c6f-c36b423424bc', NULL, NULL, NULL, '469b3ece-744a-45d5-957d-e8c757976496', 'Phòng nghiên cứu', '17120d02-6ab5-3e43-18cb-66948daf6128', 'Phòng nhân sự', '', False, NULL, '2023-11-16 11:46:47', NULL, '2023-11-16 11:46:47'),
('58b1c88c-209d-4d4a-bf2f-d7ce4c594de2', '4c5b29a8-8551-4a0a-bb63-1ca9e9c00671', 'd0d2c36c-27ba-431b-9ad6-10e6a4b68f70', NULL, NULL, NULL, '469b3ece-744a-45d5-957d-e8c757976496', 'Phòng nghiên cứu', '17120d02-6ab5-3e43-18cb-66948daf6128', 'Phòng nhân sự', '', False, NULL, '2023-11-16 11:46:47', NULL, '2023-11-16 11:46:47'),
('5ce98982-6055-46f3-903e-9c6b4774c048', '4c5b29a8-8551-4a0a-bb63-1ca9e9c00671', 'e63b3421-ca43-4307-9273-8d041021fc8b', NULL, NULL, NULL, '469b3ece-744a-45d5-957d-e8c757976496', 'Phòng nghiên cứu', '17120d02-6ab5-3e43-18cb-66948daf6128', 'Phòng nhân sự', '', False, NULL, '2023-11-16 11:46:47', NULL, '2023-11-16 11:46:47'),
('cb7b44f9-f752-4692-99ed-d109c86016ce', '4c5b29a8-8551-4a0a-bb63-1ca9e9c00671', '121d0cce-4dca-4a92-ac8a-2eeb9c892d64', NULL, NULL, NULL, '469b3ece-744a-45d5-957d-e8c757976496', 'Phòng nghiên cứu', '17120d02-6ab5-3e43-18cb-66948daf6128', 'Phòng nhân sự', '', False, NULL, '2023-11-16 11:46:47', NULL, '2023-11-16 11:46:47'),
('931e7e09-baf2-457d-adf1-1bc73c38f8c7', '4c5b29a8-8551-4a0a-bb63-1ca9e9c00671', '3eb2390d-db9b-4a96-abfa-62e7f4b6076b', NULL, NULL, NULL, '469b3ece-744a-45d5-957d-e8c757976496', 'Phòng nghiên cứu', '17120d02-6ab5-3e43-18cb-66948daf6128', 'Phòng nhân sự', '', False, NULL, '2023-11-16 11:46:47', NULL, '2023-11-16 11:46:47'),
('4c1ca502-8325-4756-970e-8570feec51c3', '4c5b29a8-8551-4a0a-bb63-1ca9e9c00671', '17fa75f7-1668-4299-8145-83348fa8b0cd', NULL, NULL, NULL, '469b3ece-744a-45d5-957d-e8c757976496', 'Phòng nghiên cứu', '17120d02-6ab5-3e43-18cb-66948daf6128', 'Phòng nhân sự', '', False, NULL, '2023-11-16 11:46:47', NULL, '2023-11-16 11:46:47'),
('94f0703a-0aeb-489a-a3cf-22185b08ba56', '4c5b29a8-8551-4a0a-bb63-1ca9e9c00671', '5656362d-41e1-40fc-acc7-8ebb78717ab9', NULL, NULL, NULL, '469b3ece-744a-45d5-957d-e8c757976496', 'Phòng nghiên cứu', '17120d02-6ab5-3e43-18cb-66948daf6128', 'Phòng nhân sự', '', False, NULL, '2023-11-16 11:46:47', NULL, '2023-11-16 11:46:47'),
('024d3e1d-3c34-498b-8715-3d4ee0b68ce3', '4c5b29a8-8551-4a0a-bb63-1ca9e9c00671', '08413e74-dd44-438f-a5d8-640b1aadce4d', NULL, NULL, NULL, '469b3ece-744a-45d5-957d-e8c757976496', 'Phòng nghiên cứu', '17120d02-6ab5-3e43-18cb-66948daf6128', 'Phòng nhân sự', '', False, NULL, '2023-11-16 11:46:47', NULL, '2023-11-16 11:46:47'),
('842a09b1-6aae-42d3-afb9-d10dcbbdfa03', '4c5b29a8-8551-4a0a-bb63-1ca9e9c00671', '00916407-dd94-40b3-a365-b0f8cdec8adc', NULL, NULL, NULL, '469b3ece-744a-45d5-957d-e8c757976496', 'Phòng nghiên cứu', '17120d02-6ab5-3e43-18cb-66948daf6128', 'Phòng nhân sự', '', False, NULL, '2023-11-16 11:46:47', NULL, '2023-11-16 11:46:47'),
('0415581e-35d7-49e9-93bd-7eeaa4294767', '4c5b29a8-8551-4a0a-bb63-1ca9e9c00671', 'fcf92be7-9f25-43c3-8a9b-7c6525aa82f1', NULL, NULL, NULL, '469b3ece-744a-45d5-957d-e8c757976496', 'Phòng nghiên cứu', '17120d02-6ab5-3e43-18cb-66948daf6128', 'Phòng nhân sự', '', False, NULL, '2023-11-16 11:46:47', NULL, '2023-11-16 11:46:47'),
('ff852f0b-5886-44b1-a762-83a7a3233f9f', '4c5b29a8-8551-4a0a-bb63-1ca9e9c00671', '5f2f445b-9aca-4771-ab8b-bb5fc5472b43', NULL, NULL, NULL, '469b3ece-744a-45d5-957d-e8c757976496', 'Phòng nghiên cứu', '17120d02-6ab5-3e43-18cb-66948daf6128', 'Phòng nhân sự', '', False, NULL, '2023-11-16 11:46:47', NULL, '2023-11-16 11:46:47'),
('ffad8d83-9c29-486b-9814-5a076c6c48a4', '4c5b29a8-8551-4a0a-bb63-1ca9e9c00671', '048dae73-a2a9-43ed-8646-c1f6817cc713', NULL, NULL, NULL, '469b3ece-744a-45d5-957d-e8c757976496', 'Phòng nghiên cứu', '17120d02-6ab5-3e43-18cb-66948daf6128', 'Phòng nhân sự', '', False, NULL, '2023-11-16 11:46:47', NULL, '2023-11-16 11:46:47'),
('079a7334-bbc1-4927-8a70-a7b1d701e648', '4c5b29a8-8551-4a0a-bb63-1ca9e9c00671', 'b991b349-0255-43a0-b832-c1bb8e89b703', NULL, NULL, NULL, '469b3ece-744a-45d5-957d-e8c757976496', 'Phòng nghiên cứu', '17120d02-6ab5-3e43-18cb-66948daf6128', 'Phòng nhân sự', '', False, NULL, '2023-11-16 11:46:47', NULL, '2023-11-16 11:46:47'),
('00659f99-1603-4fbd-93a9-06faf5864f08', '4c5b29a8-8551-4a0a-bb63-1ca9e9c00671', '0bd2399c-46b5-4e8c-8f0f-6f80bd08f3a0', NULL, NULL, NULL, '17120d02-6ab5-3e43-18cb-66948daf6128', 'Phòng nhân sự', '469b3ece-744a-45d5-957d-e8c757976496', 'Phòng nghiên cứu', '', False, NULL, '2023-11-16 11:46:47', NULL, '2023-11-16 11:46:47'),
('787fbfb7-ad20-405c-9307-e0923c274659', '4c5b29a8-8551-4a0a-bb63-1ca9e9c00671', '37b9d66a-5afb-458d-bac6-22b2ea52f09a', NULL, NULL, NULL, '59d19422-6657-452e-a7db-e5d54223c257', 'Phòng kinh doanh và tiếp thị', '469b3ece-744a-45d5-957d-e8c757976496', 'Phòng nghiên cứu', '', False, NULL, '2023-11-16 11:46:47', NULL, '2023-11-16 11:46:47'),
('b7d2d537-cfb6-4908-8396-0f388f5385ca', '4c5b29a8-8551-4a0a-bb63-1ca9e9c00671', '4c201ebe-cae7-4018-9508-e0443b777b85', NULL, NULL, NULL, '142cb08f-7c31-21fa-8e90-67245e8b283e', 'Phòng thư ký', '469b3ece-744a-45d5-957d-e8c757976496', 'Phòng nghiên cứu', '', False, NULL, '2023-11-16 11:46:47', NULL, '2023-11-16 11:46:47'),
('0939a38f-3f6b-45f4-ba46-576f43132a85', '4c5b29a8-8551-4a0a-bb63-1ca9e9c00671', '67b01776-fb86-432a-a900-baaef94eb65a', NULL, NULL, NULL, '11452b0c-768e-5ff7-0d63-eeb1d8ed8cef', 'Phòng hành chính kế toán', '469b3ece-744a-45d5-957d-e8c757976496', 'Phòng nghiên cứu', '', False, NULL, '2023-11-16 11:46:47', NULL, '2023-11-16 11:46:47'),
('4d5243c2-b207-4a3b-9733-ec9ced1c10a8', '4c5b29a8-8551-4a0a-bb63-1ca9e9c00671', 'ac7e7e5c-f98c-4fae-bf2e-89fbfbfc1c6b', NULL, NULL, NULL, '768f8e64-7d10-20c9-967d-e8c757976496', 'Phòng kỹ thuật', '469b3ece-744a-45d5-957d-e8c757976496', 'Phòng nghiên cứu', '', False, NULL, '2023-11-16 11:46:47', NULL, '2023-11-16 11:46:47'),
('67d8c9ce-199e-4f58-99d7-eea7853eef2b', '4c5b29a8-8551-4a0a-bb63-1ca9e9c00671', '941c7c66-5443-4b0c-b2ee-0b9005362c56', NULL, NULL, NULL, '17120d02-6ab5-3e43-18cb-66948daf6128', 'Phòng nhân sự', '469b3ece-744a-45d5-957d-e8c757976496', 'Phòng nghiên cứu', '', False, NULL, '2023-11-16 11:46:47', NULL, '2023-11-16 11:46:47');

-- 
-- Restore previous SQL mode
-- 
/*!40101 SET SQL_MODE=@OLD_SQL_MODE */;

-- 
-- Enable foreign keys
-- 
/*!40014 SET FOREIGN_KEY_CHECKS = @OLD_FOREIGN_KEY_CHECKS */;